t_s,leg,state,phase_elapsed_s,cmd_vx,cmd_vy,cmd_wz,raw_vx,raw_vy,raw_wz,enc_dist_m,imu_yaw_deg,imu_heading_deg,kf_x,kf_y,kf_yaw_deg,opt_x,opt_y,opt_yaw_deg,lateral_err_m,heading_err_deg,event
0.051,0,WARMUP,0.051,0.000,0.000,0.500,0.000,0.000,0.000,0.000,0.0,0.0,-0.0000,0.0000,-0.00,-0.0000,0.0000,0.01,0.0000,-0.00,
0.101,0,WARMUP,0.101,0.000,0.000,0.500,0.000,0.000,0.000,0.000,0.0,0.0,-0.0000,0.0000,0.00,-0.0000,0.0000,0.01,0.0000,0.00,
0.151,0,WARMUP,0.151,0.000,0.000,-0.500,0.000,0.000,0.000,0.000,0.0,0.0,-0.0000,0.0000,-0.01,-0.0000,0.0000,-0.01,0.0000,-0.01,
0.202,0,WARMUP,0.202,0.000,0.000,-0.500,0.000,0.000,0.000,0.000,0.0,0.0,-0.0000,0.0000,0.01,-0.0000,0.0000,0.00,0.0000,0.01,
0.252,0,WARMUP,0.252,0.000,0.000,-0.500,0.000,0.000,0.000,0.000,0.0,0.0,-0.0000,0.0000,-0.00,-0.0000,0.0000,0.01,0.0000,-0.00,
0.301,0,WARMUP,0.301,0.000,0.000,0.000,0.000,0.000,0.000,0.000,0.0,0.0,-0.0000,0.0000,0.00,0.0000,0.0000,0.01,0.0000,0.00,
0.352,0,WARMUP,0.352,0.000,0.000,0.000,0.000,0.000,0.000,0.000,0.0,0.0,-0.0000,0.0000,-0.00,-0.0000,0.0000,-0.00,0.0000,-0.00,
0.401,0,WARMUP,0.401,0.000,0.000,0.000,0.000,0.000,0.000,0.000,0.0,0.0,-0.0000,0.0000,0.00,0.0000,0.0000,-0.00,0.0000,0.00,
0.452,0,WARMUP,0.452,0.000,0.000,0.000,0.000,0.000,0.000,0.000,0.0,0.0,0.0000,-0.0000,-0.00,0.0001,-0.0001,-0.00,-0.0000,-0.00,
0.501,0,WARMUP,0.501,0.000,0.000,0.000,0.000,0.000,0.000,0.000,0.0,0.0,0.0001,-0.0000,-0.00,0.0001,-0.0001,-0.01,-0.0000,-0.00,
0.551,0,WARMUP,0.551,0.000,0.000,0.000,0.000,0.000,0.000,0.000,0.0,0.0,0.0001,-0.0000,-0.01,0.0001,-0.0000,-0.01,-0.0000,-0.01,
0.603,0,WARMUP,0.603,0.000,0.000,0.000,0.000,0.000,0.000,0.000,0.0,0.0,0.0001,-0.0000,-0.01,0.0001,-0.0001,-0.03,-0.0000,-0.01,
0.652,0,WARMUP,0.652,0.000,0.000,0.000,0.000,0.000,0.000,0.000,0.0,0.0,0.0001,-0.0000,-0.02,0.0001,-0.0001,-0.02,-0.0000,-0.02,
0.702,0,WARMUP,0.702,0.000,0.000,0.000,0.000,0.000,0.000,0.000,0.0,0.0,0.0000,-0.0000,-0.02,0.0001,-0.0001,-0.03,-0.0000,-0.02,
0.751,0,WARMUP,0.751,0.000,0.000,0.000,0.000,0.000,0.000,0.000,0.0,0.0,0.0001,-0.0001,-0.03,0.0001,-0.0001,-0.02,-0.0001,-0.03,
0.803,0,WARMUP,0.803,0.000,0.000,0.000,0.000,0.000,0.000,0.000,0.0,0.0,0.0001,-0.0001,-0.03,0.0001,-0.0001,-0.04,-0.0001,-0.03,FIN_WARMUP
0.803,0,DRIVE,0.000,0.000,0.000,0.000,0.000,0.000,0.000,0.000,0.0,0.0,0.0001,-0.0001,-0.03,0.0001,-0.0001,-0.04,0.0000,0.00,
0.851,0,DRIVE,0.048,0.300,-0.040,-0.000,0.000,0.000,0.000,0.000,0.0,0.0,0.0001,-0.0000,-0.01,0.0001,-0.0000,-0.01,0.0000,0.02,
0.902,0,DRIVE,0.099,0.300,-0.039,-0.000,0.000,0.000,0.000,0.000,0.0,0.0,0.0153,-0.0021,-0.00,0.0001,-0.0000,0.01,-0.0020,0.03,
0.952,0,DRIVE,0.149,0.300,-0.039,-0.000,0.000,0.000,0.000,0.000,0.0,0.0,0.0156,-0.0021,-0.00,0.0001,-0.0000,0.01,-0.0020,0.03,
1.001,0,DRIVE,0.198,0.300,-0.039,-0.001,0.000,0.000,0.000,0.000,0.0,0.0,0.0156,-0.0020,0.00,0.0001,-0.0000,0.00,-0.0020,0.03,
1.053,0,DRIVE,0.250,0.300,-0.039,-0.000,0.000,0.000,0.000,0.000,0.0,0.0,0.0158,-0.0021,-0.00,0.0001,-0.0000,0.01,-0.0020,0.03,
1.102,0,DRIVE,0.299,0.300,-0.039,-0.001,0.000,0.000,0.000,0.000,0.0,0.0,0.0158,-0.0021,0.01,0.0001,-0.0000,0.00,-0.0020,0.04,
1.152,0,DRIVE,0.349,0.300,-0.039,-0.000,0.000,0.000,0.000,0.000,0.0,0.0,0.0160,-0.0021,-0.00,0.0001,-0.0000,0.02,-0.0020,0.03,
1.201,0,DRIVE,0.398,0.300,-0.039,-0.001,0.000,0.000,0.000,0.000,0.0,0.0,0.0153,-0.0020,0.01,0.0001,-0.0000,0.02,-0.0019,0.04,
1.251,0,DRIVE,0.448,0.300,-0.039,-0.001,0.000,0.000,0.000,0.000,0.0,0.0,0.0157,-0.0021,0.00,0.0001,-0.0000,0.00,-0.0020,0.03,
1.304,0,DRIVE,0.501,0.300,-0.039,-0.001,0.000,0.000,0.000,0.000,0.0,0.0,0.0160,-0.0021,-0.00,0.0002,-0.0000,0.00,-0.0020,0.03,
1.351,0,DRIVE,0.548,0.300,-0.039,-0.000,0.000,0.000,0.000,0.000,0.0,0.0,0.0153,-0.0020,-0.01,0.0002,0.0000,-0.03,-0.0019,0.02,
1.402,0,DRIVE,0.599,0.300,-0.039,-0.000,0.000,0.000,0.000,0.000,0.0,0.0,0.0159,-0.0021,-0.00,0.0001,-0.0000,0.00,-0.0020,0.03,
1.452,0,DRIVE,0.649,0.300,-0.039,-0.000,0.000,0.000,0.000,0.000,0.0,0.0,0.0159,-0.0021,-0.01,0.0002,0.0000,-0.01,-0.0020,0.02,
1.501,0,DRIVE,0.698,0.300,-0.039,-0.000,0.000,0.000,0.000,0.000,0.0,0.0,0.0155,-0.0020,-0.01,0.0002,0.0000,-0.03,-0.0019,0.02,
1.553,0,DRIVE,0.750,0.300,-0.039,-0.000,0.000,0.000,0.000,0.000,0.0,0.0,0.0159,-0.0021,-0.03,0.0002,0.0000,-0.03,-0.0020,0.00,
1.602,0,DRIVE,0.799,0.300,-0.039,-0.000,0.000,0.000,0.000,0.000,0.0,0.0,0.0158,-0.0020,-0.02,0.0002,0.0000,-0.03,-0.0020,0.01,
1.651,0,DRIVE,0.848,0.300,-0.039,-0.000,0.000,0.000,0.000,0.000,0.0,0.0,0.0158,-0.0020,-0.03,0.0002,0.0000,-0.02,-0.0020,0.00,
1.701,0,DRIVE,0.898,0.300,-0.039,-0.000,0.000,0.000,0.000,0.000,0.0,0.0,0.0160,-0.0021,-0.01,0.0002,-0.0000,0.02,-0.0020,0.02,
1.751,0,DRIVE,0.948,0.300,-0.039,-0.000,0.000,0.000,0.000,0.000,0.0,0.0,0.0156,-0.0020,-0.03,0.0002,0.0000,-0.03,-0.0020,0.00,
1.804,0,DRIVE,1.001,0.300,-0.039,-0.000,0.000,0.000,0.000,0.000,0.0,0.0,0.0162,-0.0021,-0.02,0.0002,0.0000,-0.03,-0.0020,0.01,
1.852,0,DRIVE,1.049,0.300,-0.039,-0.000,0.000,0.000,0.000,0.000,0.0,0.0,0.0156,-0.0020,-0.03,0.0002,0.0000,-0.02,-0.0019,0.00,
1.901,0,DRIVE,1.098,0.300,-0.039,-0.000,0.000,0.000,0.000,0.000,0.0,0.0,0.0155,-0.0020,-0.02,0.0002,0.0000,-0.02,-0.0019,0.01,
1.952,0,DRIVE,1.149,0.300,-0.039,-0.000,0.000,0.000,0.000,0.000,0.0,0.0,0.0160,-0.0021,-0.02,0.0002,0.0000,-0.03,-0.0020,0.01,
2.002,0,DRIVE,1.199,0.300,-0.039,-0.000,0.000,0.000,0.000,0.000,0.0,0.0,0.0157,-0.0020,-0.01,0.0002,0.0000,-0.02,-0.0019,0.02,
2.053,0,DRIVE,1.250,0.300,-0.039,-0.000,0.000,0.000,0.000,0.000,0.0,0.0,0.0157,-0.0020,-0.01,0.0002,0.0001,0.01,-0.0019,0.02,
2.103,0,DRIVE,1.300,0.300,-0.039,-0.001,0.000,0.000,0.000,0.000,0.0,0.0,0.0165,-0.0021,0.01,0.0002,0.0001,0.02,-0.0020,0.04,
2.152,0,DRIVE,1.349,0.300,-0.039,-0.001,0.000,0.000,0.000,0.000,0.0,0.0,0.0154,-0.0018,0.04,0.0003,0.0002,0.07,-0.0018,0.07,
2.203,0,DRIVE,1.400,0.300,-0.039,-0.001,0.000,0.000,0.000,0.000,0.0,0.0,0.0160,-0.0019,0.05,0.0003,0.0002,0.05,-0.0018,0.08,
2.252,0,DRIVE,1.449,0.300,-0.039,-0.002,0.000,0.000,0.000,0.000,0.0,0.0,0.0159,-0.0018,0.06,0.0003,0.0002,0.07,-0.0018,0.09,
2.303,0,DRIVE,1.500,0.300,-0.039,-0.001,0.000,0.000,0.000,0.000,0.0,0.0,0.0158,-0.0019,0.05,0.0003,0.0002,0.06,-0.0018,0.08,
2.351,0,DRIVE,1.548,0.300,-0.039,-0.001,0.000,0.000,0.000,0.000,0.0,0.0,0.0158,-0.0019,0.05,0.0003,0.0002,0.08,-0.0018,0.08,
2.402,0,DRIVE,1.599,0.300,-0.039,-0.001,0.000,0.000,0.000,0.000,0.0,0.0,0.0161,-0.0019,0.05,0.0003,0.0002,0.06,-0.0018,0.08,
2.452,0,DRIVE,1.649,0.300,-0.039,-0.001,0.000,0.000,0.000,0.000,0.0,0.0,0.0157,-0.0019,0.05,0.0003,0.0002,0.08,-0.0018,0.08,
2.502,0,DRIVE,1.699,0.300,-0.039,-0.001,0.000,0.000,0.000,0.000,0.0,0.0,0.0162,-0.0020,0.04,0.0003,0.0002,0.06,-0.0019,0.06,
2.554,0,DRIVE,1.751,0.300,-0.039,-0.001,0.000,0.000,0.000,0.000,0.0,0.0,0.0158,-0.0019,0.05,0.0003,0.0002,0.06,-0.0018,0.08,
2.602,0,DRIVE,1.799,0.300,-0.039,-0.001,0.000,0.000,0.000,0.000,0.0,0.0,0.0158,-0.0019,0.04,0.0003,0.0002,0.06,-0.0018,0.07,
2.651,0,DRIVE,1.848,0.300,-0.039,-0.002,0.000,0.000,0.000,0.000,0.0,0.0,0.0158,-0.0018,0.06,0.0003,0.0002,0.07,-0.0018,0.09,
2.702,0,DRIVE,1.899,0.300,-0.039,-0.001,0.000,0.000,0.000,0.000,0.0,0.0,0.0160,-0.0019,0.05,0.0003,0.0002,0.06,-0.0018,0.07,
2.751,0,DRIVE,1.948,0.300,-0.039,-0.001,0.000,0.000,0.000,0.000,0.0,0.0,0.0157,-0.0019,0.05,0.0003,0.0002,0.07,-0.0018,0.08,
2.803,0,DRIVE,2.000,0.300,-0.039,-0.002,0.000,0.000,0.000,0.000,0.0,0.0,0.0162,-0.0019,0.06,0.0003,0.0002,0.06,-0.0018,0.09,
2.851,0,DRIVE,2.048,0.300,-0.039,-0.001,0.000,0.000,0.000,0.000,0.0,0.0,0.0159,-0.0019,0.05,0.0003,0.0002,0.08,-0.0018,0.08,
2.901,0,DRIVE,2.098,0.300,-0.039,-0.001,0.000,0.000,0.000,0.000,0.0,0.0,0.0159,-0.0019,0.05,0.0003,0.0002,0.06,-0.0018,0.08,
2.951,0,DRIVE,2.148,0.300,-0.039,-0.001,0.000,0.000,0.000,0.000,0.0,0.0,0.0160,-0.0019,0.05,0.0003,0.0002,0.08,-0.0018,0.08,
3.002,0,DRIVE,2.199,0.300,-0.039,-0.001,0.000,0.000,0.000,0.000,0.0,0.0,0.0162,-0.0019,0.05,0.0003,0.0002,0.05,-0.0018,0.08,
3.053,0,DRIVE,2.250,0.300,-0.039,-0.001,0.000,0.000,0.000,0.000,0.0,0.0,0.0155,-0.0018,0.04,0.0003,0.0002,0.08,-0.0018,0.07,
3.102,0,DRIVE,2.299,0.300,-0.039,-0.001,0.000,0.000,0.000,0.000,0.0,0.0,0.0163,-0.0019,0.04,0.0003,0.0002,0.06,-0.0019,0.07,
3.153,0,DRIVE,2.350,0.300,-0.039,-0.001,0.000,0.000,0.000,0.000,0.0,0.0,0.0162,-0.0019,0.04,0.0003,0.0002,0.06,-0.0019,0.07,
3.201,0,DRIVE,2.398,0.300,-0.039,-0.001,0.000,0.000,0.000,0.000,0.0,0.0,0.0152,-0.0018,0.05,0.0003,0.0002,0.06,-0.0017,0.08,
3.252,0,DRIVE,2.449,0.300,-0.039,-0.001,0.000,0.000,0.000,0.000,0.0,0.0,0.0162,-0.0019,0.03,0.0003,0.0002,0.08,-0.0019,0.06,
3.305,0,DRIVE,2.502,0.300,-0.039,-0.001,0.000,0.000,0.000,0.000,0.0,0.0,0.0160,-0.0019,0.05,0.0003,0.0002,0.05,-0.0018,0.08,
3.351,0,DRIVE,2.548,0.300,-0.039,-0.001,0.000,0.000,0.000,0.000,0.0,0.0,0.0155,-0.0018,0.05,0.0003,0.0002,0.07,-0.0018,0.08,
3.401,0,DRIVE,2.598,0.300,-0.039,-0.001,0.000,0.000,0.000,0.000,0.0,0.0,0.0159,-0.0019,0.05,0.0003,0.0002,0.05,-0.0018,0.08,
3.451,0,DRIVE,2.648,0.300,-0.039,-0.001,0.000,0.000,0.000,0.000,0.0,0.0,0.0159,-0.0019,0.05,0.0003,0.0002,0.07,-0.0018,0.08,
3.501,0,DRIVE,2.698,0.300,-0.039,-0.002,0.000,0.000,0.000,0.000,0.0,0.0,0.0160,-0.0019,0.06,0.0003,0.0002,0.06,-0.0018,0.09,
3.553,0,DRIVE,2.750,0.300,-0.039,-0.001,0.000,0.000,0.000,0.000,0.0,0.0,0.0160,-0.0019,0.05,0.0003,0.0002,0.07,-0.0018,0.08,
3.602,0,DRIVE,2.799,0.300,-0.039,-0.001,0.000,0.000,0.000,0.000,0.0,0.0,0.0160,-0.0019,0.05,0.0003,0.0002,0.07,-0.0018,0.08,
3.651,0,DRIVE,2.848,0.300,-0.039,-0.001,0.000,0.000,0.000,0.000,0.0,0.0,0.0159,-0.0018,0.05,0.0003,0.0002,0.07,-0.0018,0.08,
3.702,0,DRIVE,2.899,0.300,-0.039,-0.001,0.000,0.000,0.000,0.000,0.0,0.0,0.0161,-0.0019,0.04,0.0003,0.0002,0.06,-0.0018,0.07,
3.751,0,DRIVE,2.948,0.300,-0.039,-0.001,0.000,0.000,0.000,0.000,0.0,0.0,0.0156,-0.0018,0.05,0.0003,0.0002,0.08,-0.0018,0.08,
3.803,0,DRIVE,3.000,0.300,-0.039,-0.001,0.000,0.000,0.000,0.000,0.0,0.0,0.0161,-0.0019,0.04,0.0003,0.0002,0.07,-0.0019,0.07,
3.853,0,DRIVE,3.050,0.300,-0.039,-0.001,0.000,0.000,0.000,0.000,0.0,0.0,0.0162,-0.0019,0.04,0.0003,0.0002,0.07,-0.0019,0.07,
3.902,0,DRIVE,3.099,0.300,-0.039,-0.001,0.000,0.000,0.000,0.000,0.0,0.0,0.0158,-0.0018,0.05,0.0003,0.0002,0.06,-0.0018,0.08,
3.951,0,DRIVE,3.148,0.300,-0.039,-0.001,0.000,0.000,0.000,0.000,0.0,0.0,0.0156,-0.0019,0.04,0.0003,0.0002,0.07,-0.0018,0.07,
4.001,0,DRIVE,3.198,0.300,-0.039,-0.001,0.000,0.000,0.000,0.000,0.0,0.0,0.0159,-0.0019,0.04,0.0003,0.0002,0.04,-0.0018,0.07,
4.054,0,DRIVE,3.251,0.300,-0.039,-0.001,0.000,0.000,0.000,0.000,0.0,0.0,0.0162,-0.0019,0.04,0.0003,0.0002,0.07,-0.0019,0.07,
4.101,0,DRIVE,3.298,0.300,-0.039,-0.001,0.000,0.000,0.000,0.000,0.0,0.0,0.0157,-0.0018,0.05,0.0003,0.0002,0.06,-0.0018,0.08,
4.152,0,DRIVE,3.349,0.300,-0.039,-0.001,0.000,0.000,0.000,0.000,0.0,0.0,0.0160,-0.0019,0.05,0.0003,0.0002,0.07,-0.0018,0.08,
4.201,0,DRIVE,3.398,0.300,-0.039,-0.001,0.000,0.000,0.000,0.000,0.0,0.0,0.0158,-0.0019,0.05,0.0003,0.0002,0.07,-0.0018,0.08,
4.253,0,DRIVE,3.450,0.300,-0.039,-0.001,0.000,0.000,0.000,0.000,0.0,0.0,0.0165,-0.0019,0.05,0.0003,0.0002,0.07,-0.0019,0.08,
4.303,0,DRIVE,3.500,0.300,-0.039,-0.001,0.000,0.000,0.000,0.000,0.0,0.0,0.0155,-0.0018,0.05,0.0003,0.0002,0.06,-0.0017,0.08,
4.354,0,DRIVE,3.551,0.300,-0.039,-0.001,0.000,0.000,0.000,0.000,0.0,0.0,0.0166,-0.0020,0.05,0.0003,0.0002,0.08,-0.0019,0.08,
4.401,0,DRIVE,3.598,0.300,-0.039,-0.001,0.000,0.000,0.000,0.000,0.0,0.0,0.0151,-0.0018,0.05,0.0003,0.0002,0.07,-0.0017,0.08,
4.451,0,DRIVE,3.648,0.300,-0.039,-0.001,0.000,0.000,0.000,0.000,0.0,0.0,0.0159,-0.0019,0.05,0.0003,0.0002,0.07,-0.0018,0.08,
4.501,0,DRIVE,3.698,0.300,-0.039,-0.002,0.000,0.000,0.000,0.000,0.0,0.0,0.0162,-0.0019,0.06,0.0003,0.0002,0.06,-0.0018,0.09,
4.554,0,DRIVE,3.751,0.300,-0.039,-0.001,0.000,0.000,0.000,0.000,0.0,0.0,0.0162,-0.0019,0.04,0.0003,0.0002,0.07,-0.0019,0.07,
4.602,0,DRIVE,3.799,0.300,-0.039,-0.001,0.000,0.000,0.000,0.000,0.0,0.0,0.0157,-0.0018,0.05,0.0003,0.0002,0.07,-0.0018,0.08,
4.651,0,DRIVE,3.848,0.300,-0.039,-0.001,0.000,0.000,0.000,0.000,0.0,0.0,0.0158,-0.0019,0.05,0.0003,0.0002,0.07,-0.0018,0.08,
4.701,0,DRIVE,3.898,0.300,-0.039,-0.001,0.000,0.000,0.000,0.000,0.0,0.0,0.0159,-0.0019,0.04,0.0003,0.0002,0.06,-0.0018,0.07,
4.752,0,DRIVE,3.949,0.300,-0.039,-0.001,0.000,0.000,0.000,0.000,0.0,0.0,0.0159,-0.0019,0.04,0.0003,0.0002,0.06,-0.0018,0.07,
4.803,0,DRIVE,4.000,0.300,-0.039,-0.001,0.000,0.000,0.000,0.000,0.0,0.0,0.0159,-0.0019,0.05,0.0003,0.0002,0.05,-0.0018,0.08,
4.851,0,DRIVE,4.048,0.300,-0.039,-0.001,0.000,0.000,0.000,0.000,0.0,0.0,0.0159,-0.0019,0.05,0.0003,0.0002,0.08,-0.0018,0.08,
4.901,0,DRIVE,4.098,0.300,-0.039,-0.001,0.000,0.000,0.000,0.000,0.0,0.0,0.0159,-0.0019,0.05,0.0003,0.0002,0.06,-0.0018,0.08,
4.951,0,DRIVE,4.148,0.300,-0.039,-0.001,0.000,0.000,0.000,0.000,0.0,0.0,0.0160,-0.0019,0.05,0.0003,0.0002,0.07,-0.0018,0.08,
5.002,0,DRIVE,4.199,0.300,-0.039,-0.001,0.000,0.000,0.000,0.000,0.0,0.0,0.0159,-0.0019,0.05,0.0003,0.0002,0.06,-0.0018,0.08,
5.053,0,DRIVE,4.250,0.300,-0.039,-0.001,0.000,0.000,0.000,0.000,0.0,0.0,0.0158,-0.0019,0.04,0.0003,0.0002,0.08,-0.0018,0.07,
5.102,0,DRIVE,4.299,0.300,-0.039,-0.001,0.000,0.000,0.000,0.000,0.0,0.0,0.0162,-0.0019,0.04,0.0003,0.0002,0.05,-0.0019,0.07,
5.152,0,DRIVE,4.349,0.300,-0.039,-0.001,0.000,0.000,0.000,0.000,0.0,0.0,0.0158,-0.0019,0.05,0.0003,0.0002,0.08,-0.0018,0.08,
5.202,0,DRIVE,4.399,0.300,-0.039,-0.001,0.000,0.000,0.000,0.000,0.0,0.0,0.0158,-0.0019,0.04,0.0003,0.0002,0.07,-0.0018,0.07,
5.253,0,DRIVE,4.450,0.300,-0.039,-0.001,0.000,0.000,0.000,0.000,0.0,0.0,0.0166,-0.0020,0.05,0.0003,0.0002,0.07,-0.0019,0.08,
5.304,0,DRIVE,4.501,0.300,-0.039,-0.001,0.000,0.000,0.000,0.000,0.0,0.0,0.0156,-0.0018,0.04,0.0003,0.0002,0.05,-0.0018,0.07,
5.353,0,DRIVE,4.550,0.300,-0.039,-0.001,0.000,0.000,0.000,0.000,0.0,0.0,0.0160,-0.0019,0.04,0.0003,0.0002,0.07,-0.0018,0.07,
5.401,0,DRIVE,4.598,0.300,-0.039,-0.001,0.000,0.000,0.000,0.000,0.0,0.0,0.0155,-0.0018,0.05,0.0003,0.0002,0.06,-0.0017,0.08,
5.452,0,DRIVE,4.649,0.300,-0.039,-0.001,0.000,0.000,0.000,0.000,0.0,0.0,0.0160,-0.0019,0.05,0.0003,0.0002,0.06,-0.0018,0.08,
5.501,0,DRIVE,4.698,0.300,-0.039,-0.001,0.000,0.000,0.000,0.000,0.0,0.0,0.0157,-0.0018,0.05,0.0003,0.0002,0.06,-0.0018,0.08,
5.554,0,DRIVE,4.751,0.300,-0.039,-0.001,0.000,0.000,0.000,0.000,0.0,0.0,0.0160,-0.0019,0.05,0.0003,0.0002,0.07,-0.0018,0.08,
5.601,0,DRIVE,4.798,0.300,-0.039,-0.001,0.000,0.000,0.000,0.000,0.0,0.0,0.0160,-0.0019,0.05,0.0003,0.0002,0.06,-0.0018,0.08,
5.652,0,DRIVE,4.850,0.300,-0.039,-0.001,0.000,0.000,0.000,0.000,0.0,0.0,0.0160,-0.0019,0.04,0.0003,0.0002,0.06,-0.0018,0.07,
5.702,0,DRIVE,4.899,0.300,-0.039,-0.001,0.000,0.000,0.000,0.000,0.0,0.0,0.0160,-0.0019,0.05,0.0003,0.0002,0.06,-0.0018,0.08,
5.752,0,DRIVE,4.949,0.300,-0.039,-0.001,0.000,0.000,0.000,0.000,0.0,0.0,0.0158,-0.0019,0.04,0.0003,0.0002,0.08,-0.0018,0.07,
5.803,0,DRIVE,5.000,0.300,-0.039,-0.001,0.000,0.000,0.000,0.000,0.0,0.0,0.0155,-0.0019,0.04,0.0003,0.0002,0.05,-0.0018,0.07,
5.852,0,DRIVE,5.049,0.300,-0.039,-0.001,0.000,0.000,0.000,0.000,0.0,0.0,0.0161,-0.0019,0.03,0.0003,0.0002,0.07,-0.0019,0.06,
5.901,0,DRIVE,5.098,0.300,-0.039,-0.001,0.000,0.000,0.000,0.000,0.0,0.0,0.0155,-0.0019,0.04,0.0003,0.0002,0.07,-0.0018,0.07,
5.951,0,DRIVE,5.148,0.300,-0.039,-0.001,0.000,0.000,0.000,0.000,0.0,0.0,0.0158,-0.0019,0.05,0.0003,0.0002,0.08,-0.0018,0.07,
6.002,0,DRIVE,5.199,0.300,-0.039,-0.001,0.000,0.000,0.000,0.000,0.0,0.0,0.0167,-0.0020,0.03,0.0003,0.0002,0.06,-0.0020,0.06,
6.053,0,DRIVE,5.250,0.300,-0.039,-0.001,0.000,0.000,0.000,0.000,0.0,0.0,0.0155,-0.0018,0.05,0.0003,0.0002,0.08,-0.0018,0.08,
6.102,0,DRIVE,5.299,0.300,-0.039,-0.001,0.000,0.000,0.000,0.000,0.0,0.0,0.0163,-0.0019,0.05,0.0003,0.0002,0.06,-0.0019,0.08,
6.151,0,DRIVE,5.348,0.300,-0.039,-0.001,0.000,0.000,0.000,0.000,0.0,0.0,0.0158,-0.0019,0.05,0.0003,0.0002,0.07,-0.0018,0.08,
6.201,0,DRIVE,5.398,0.300,-0.039,-0.001,0.000,0.000,0.000,0.000,0.0,0.0,0.0160,-0.0019,0.04,0.0003,0.0002,0.06,-0.0018,0.07,
6.251,0,DRIVE,5.448,0.300,-0.039,-0.001,0.000,0.000,0.000,0.000,0.0,0.0,0.0157,-0.0019,0.05,0.0003,0.0002,0.07,-0.0018,0.08,
6.303,0,DRIVE,5.500,0.300,-0.039,-0.001,0.000,0.000,0.000,0.000,0.0,0.0,0.0158,-0.0019,0.05,0.0003,0.0002,0.07,-0.0018,0.08,
6.352,0,DRIVE,5.549,0.300,-0.039,-0.002,0.000,0.000,0.000,0.000,0.0,0.0,0.0162,-0.0019,0.06,0.0003,0.0002,0.08,-0.0018,0.09,
6.401,0,DRIVE,5.598,0.300,-0.039,-0.001,0.000,0.000,0.000,0.000,0.0,0.0,0.0160,-0.0019,0.06,0.0003,0.0002,0.08,-0.0018,0.09,
6.451,0,DRIVE,5.648,0.300,-0.039,-0.001,0.000,0.000,0.000,0.000,0.0,0.0,0.0158,-0.0019,0.05,0.0003,0.0002,0.07,-0.0018,0.08,
6.502,0,DRIVE,5.699,0.300,-0.039,-0.001,0.000,0.000,0.000,0.000,0.0,0.0,0.0166,-0.0020,0.05,0.0003,0.0002,0.07,-0.0019,0.08,
6.554,0,DRIVE,5.751,0.300,-0.039,-0.001,0.000,0.000,0.000,0.000,0.0,0.0,0.0160,-0.0019,0.05,0.0003,0.0002,0.08,-0.0018,0.08,
6.602,0,DRIVE,5.799,0.300,-0.039,-0.001,0.000,0.000,0.000,0.000,0.0,0.0,0.0157,-0.0019,0.04,0.0003,0.0002,0.06,-0.0018,0.07,
6.651,0,DRIVE,5.848,0.300,-0.039,-0.001,0.000,0.000,0.000,0.000,0.0,0.0,0.0157,-0.0019,0.05,0.0003,0.0002,0.09,-0.0018,0.08,
6.702,0,DRIVE,5.899,0.300,-0.039,-0.001,0.000,0.000,0.000,0.000,0.0,0.0,0.0160,-0.0019,0.04,0.0003,0.0002,0.05,-0.0018,0.07,
6.752,0,DRIVE,5.949,0.300,-0.039,-0.001,0.000,0.000,0.000,0.000,0.0,0.0,0.0159,-0.0019,0.04,0.0003,0.0002,0.08,-0.0018,0.07,
6.803,0,DRIVE,6.000,0.300,-0.039,-0.001,0.000,0.000,0.000,0.000,0.0,0.0,0.0165,-0.0021,0.02,0.0003,0.0002,0.07,-0.0020,0.05,
6.851,0,DRIVE,6.048,0.300,-0.039,-0.001,0.000,0.000,0.000,0.000,0.0,0.0,0.0155,-0.0018,0.05,0.0003,0.0002,0.07,-0.0018,0.08,
6.901,0,DRIVE,6.098,0.300,-0.039,-0.001,0.000,0.000,0.000,0.000,0.0,0.0,0.0159,-0.0019,0.05,0.0003,0.0002,0.06,-0.0018,0.08,
6.951,0,DRIVE,6.148,0.300,-0.039,-0.001,0.000,0.000,0.000,0.000,0.0,0.0,0.0159,-0.0019,0.05,0.0003,0.0002,0.07,-0.0018,0.08,
7.003,0,DRIVE,6.200,0.300,-0.039,-0.001,0.000,0.000,0.000,0.000,0.0,0.0,0.0164,-0.0020,0.05,0.0003,0.0002,0.06,-0.0019,0.08,
7.054,0,DRIVE,6.251,0.300,-0.039,-0.001,0.000,0.000,0.000,0.000,0.0,0.0,0.0168,-0.0021,0.02,0.0003,0.0002,0.07,-0.0020,0.05,
7.104,0,DRIVE,6.301,0.300,-0.039,-0.002,0.000,0.000,0.000,0.000,0.0,0.0,0.0163,-0.0019,0.06,0.0003,0.0002,0.07,-0.0018,0.09,
7.152,0,DRIVE,6.349,0.300,-0.039,-0.001,0.000,0.000,0.000,0.000,0.0,0.0,0.0153,-0.0018,0.05,0.0003,0.0002,0.08,-0.0017,0.08,
7.202,0,DRIVE,6.399,0.300,-0.039,-0.001,0.000,0.000,0.000,0.000,0.0,0.0,0.0170,-0.0021,0.02,0.0003,0.0002,0.07,-0.0020,0.05,
7.252,0,DRIVE,6.450,0.300,-0.039,-0.001,0.000,0.000,0.000,0.000,0.0,0.0,0.0158,-0.0019,0.05,0.0003,0.0002,0.07,-0.0018,0.08,
7.304,0,DRIVE,6.501,0.300,-0.039,-0.001,0.000,0.000,0.000,0.000,0.0,0.0,0.0160,-0.0019,0.05,0.0003,0.0002,0.06,-0.0018,0.08,
7.351,0,DRIVE,6.548,0.300,-0.039,-0.001,0.000,0.000,0.000,0.000,0.0,0.0,0.0155,-0.0018,0.05,0.0003,0.0002,0.08,-0.0018,0.08,
7.402,0,DRIVE,6.599,0.300,-0.039,-0.001,0.000,0.000,0.000,0.000,0.0,0.0,0.0162,-0.0020,0.04,0.0003,0.0002,0.06,-0.0019,0.07,
7.452,0,DRIVE,6.649,0.300,-0.039,-0.001,0.000,0.000,0.000,0.000,0.0,0.0,0.0159,-0.0019,0.05,0.0003,0.0002,0.08,-0.0018,0.08,
7.502,0,DRIVE,6.699,0.300,-0.039,-0.001,0.000,0.000,0.000,0.000,0.0,0.0,0.0157,-0.0018,0.05,0.0003,0.0002,0.06,-0.0018,0.08,
7.553,0,DRIVE,6.750,0.300,-0.039,-0.001,0.000,0.000,0.000,0.000,0.0,0.0,0.0159,-0.0019,0.05,0.0003,0.0002,0.08,-0.0018,0.08,
7.602,0,DRIVE,6.799,0.300,-0.039,-0.001,0.000,0.000,0.000,0.000,0.0,0.0,0.0160,-0.0019,0.05,0.0003,0.0002,0.07,-0.0018,0.08,
7.651,0,DRIVE,6.848,0.300,-0.039,-0.001,0.000,0.000,0.000,0.000,0.0,0.0,0.0159,-0.0019,0.05,0.0003,0.0002,0.06,-0.0018,0.08,
7.701,0,DRIVE,6.898,0.300,-0.039,-0.001,0.000,0.000,0.000,0.000,0.0,0.0,0.0158,-0.0019,0.04,0.0003,0.0002,0.05,-0.0018,0.07,
7.751,0,DRIVE,6.948,0.300,-0.039,-0.001,0.000,0.000,0.000,0.000,0.0,0.0,0.0159,-0.0019,0.05,0.0003,0.0002,0.08,-0.0018,0.08,
7.803,0,DRIVE,7.000,0.300,-0.039,-0.001,0.000,0.000,0.000,0.000,0.0,0.0,0.0161,-0.0019,0.04,0.0003,0.0002,0.05,-0.0018,0.07,
7.852,0,DRIVE,7.049,0.300,-0.039,-0.001,0.000,0.000,0.000,0.000,0.0,0.0,0.0159,-0.0019,0.05,0.0003,0.0002,0.08,-0.0018,0.08,
7.902,0,DRIVE,7.099,0.300,-0.039,-0.001,0.000,0.000,0.000,0.000,0.0,0.0,0.0160,-0.0019,0.05,0.0003,0.0002,0.07,-0.0018,0.08,
7.951,0,DRIVE,7.148,0.300,-0.039,-0.002,0.000,0.000,0.000,0.000,0.0,0.0,0.0157,-0.0018,0.06,0.0003,0.0002,0.07,-0.0018,0.09,
8.001,0,DRIVE,7.198,0.300,-0.039,-0.001,0.000,0.000,0.000,0.000,0.0,0.0,0.0160,-0.0019,0.05,0.0003,0.0002,0.06,-0.0018,0.08,
8.053,0,DRIVE,7.250,0.300,-0.039,-0.001,0.000,0.000,0.000,0.000,0.0,0.0,0.0159,-0.0019,0.05,0.0003,0.0002,0.08,-0.0018,0.08,
8.102,0,DRIVE,7.299,0.300,-0.039,-0.001,0.000,0.000,0.000,0.000,0.0,0.0,0.0160,-0.0019,0.05,0.0003,0.0002,0.06,-0.0018,0.08,
8.151,0,DRIVE,7.348,0.300,-0.039,-0.002,0.000,0.000,0.000,0.000,0.0,0.0,0.0160,-0.0019,0.06,0.0003,0.0002,0.07,-0.0018,0.09,
8.201,0,DRIVE,7.398,0.300,-0.039,-0.001,0.000,0.000,0.000,0.000,0.0,0.0,0.0160,-0.0019,0.05,0.0003,0.0002,0.06,-0.0018,0.08,
8.252,0,DRIVE,7.449,0.300,-0.039,-0.001,0.000,0.000,0.000,0.000,0.0,0.0,0.0162,-0.0019,0.04,0.0003,0.0002,0.07,-0.0019,0.07,
8.303,0,DRIVE,7.500,0.300,-0.039,-0.001,0.000,0.000,0.000,0.000,0.0,0.0,0.0156,-0.0018,0.04,0.0003,0.0002,0.05,-0.0018,0.07,
8.352,0,DRIVE,7.548,0.300,-0.039,-0.001,0.000,0.000,0.000,0.000,0.0,0.0,0.0158,-0.0019,0.04,0.0003,0.0002,0.08,-0.0018,0.07,
8.404,0,DRIVE,7.601,0.300,-0.039,-0.001,0.000,0.000,0.000,0.000,0.0,0.0,0.0166,-0.0020,0.05,0.0003,0.0002,0.07,-0.0019,0.08,
8.451,0,DRIVE,7.648,0.300,-0.039,-0.001,0.000,0.000,0.000,0.000,0.0,0.0,0.0152,-0.0018,0.05,0.0003,0.0002,0.08,-0.0017,0.08,
8.501,0,DRIVE,7.698,0.300,-0.039,-0.001,0.000,0.000,0.000,0.000,0.0,0.0,0.0158,-0.0019,0.04,0.0003,0.0002,0.06,-0.0018,0.07,
8.554,0,DRIVE,7.751,0.300,-0.039,-0.001,0.000,0.000,0.000,0.000,0.0,0.0,0.0160,-0.0019,0.04,0.0003,0.0002,0.08,-0.0018,0.07,
8.601,0,DRIVE,7.798,0.300,-0.039,-0.001,0.000,0.000,0.000,0.000,0.0,0.0,0.0157,-0.0018,0.05,0.0003,0.0002,0.06,-0.0018,0.08,
8.651,0,DRIVE,7.848,0.300,-0.039,-0.001,0.000,0.000,0.000,0.000,0.0,0.0,0.0158,-0.0019,0.04,0.0003,0.0002,0.07,-0.0018,0.07,
8.701,0,DRIVE,7.898,0.300,-0.039,-0.001,0.000,0.000,0.000,0.000,0.0,0.0,0.0159,-0.0019,0.04,0.0003,0.0002,0.07,-0.0018,0.07,
8.751,0,DRIVE,7.948,0.300,-0.039,-0.001,0.000,0.000,0.000,0.000,0.0,0.0,0.0159,-0.0019,0.04,0.0003,0.0002,0.07,-0.0018,0.07,
8.803,0,DRIVE,8.000,0.300,-0.039,-0.001,0.000,0.000,0.000,0.000,0.0,0.0,0.0161,-0.0019,0.05,0.0003,0.0002,0.06,-0.0018,0.08,
8.851,0,DRIVE,8.048,0.300,-0.039,-0.001,0.000,0.000,0.000,0.000,0.0,0.0,0.0156,-0.0019,0.04,0.0003,0.0002,0.08,-0.0018,0.07,
8.901,0,DRIVE,8.098,0.300,-0.039,-0.001,0.000,0.000,0.000,0.000,0.0,0.0,0.0161,-0.0019,0.05,0.0003,0.0002,0.05,-0.0018,0.08,
8.951,0,DRIVE,8.148,0.300,-0.039,-0.001,0.000,0.000,0.000,0.000,0.0,0.0,0.0160,-0.0019,0.05,0.0003,0.0002,0.07,-0.0018,0.08,
9.001,0,DRIVE,8.198,0.300,-0.039,-0.001,0.000,0.000,0.000,0.000,0.0,0.0,0.0159,-0.0019,0.05,0.0003,0.0002,0.08,-0.0018,0.08,
9.053,0,DRIVE,8.250,0.300,-0.039,-0.001,0.000,0.000,0.000,0.000,0.0,0.0,0.0158,-0.0019,0.05,0.0003,0.0002,0.08,-0.0018,0.08,
9.101,0,DRIVE,8.298,0.300,-0.039,-0.001,0.000,0.000,0.000,0.000,0.0,0.0,0.0160,-0.0019,0.04,0.0003,0.0002,0.06,-0.0018,0.07,
9.152,0,DRIVE,8.349,0.300,-0.039,-0.001,0.000,0.000,0.000,0.000,0.0,0.0,0.0161,-0.0019,0.05,0.0003,0.0002,0.07,-0.0018,0.08,
9.201,0,DRIVE,8.398,0.300,-0.039,-0.001,0.000,0.000,0.000,0.000,0.0,0.0,0.0158,-0.0019,0.05,0.0003,0.0002,0.07,-0.0018,0.08,
9.251,0,DRIVE,8.448,0.300,-0.039,-0.001,0.000,0.000,0.000,0.000,0.0,0.0,0.0160,-0.0019,0.05,0.0003,0.0002,0.07,-0.0018,0.08,
9.303,0,DRIVE,8.500,0.300,-0.039,-0.002,0.000,0.000,0.000,0.000,0.0,0.0,0.0160,-0.0019,0.06,0.0003,0.0002,0.07,-0.0018,0.09,
9.351,0,DRIVE,8.548,0.300,-0.039,-0.001,0.000,0.000,0.000,0.000,0.0,0.0,0.0158,-0.0019,0.05,0.0003,0.0002,0.08,-0.0018,0.08,
9.401,0,DRIVE,8.598,0.300,-0.039,-0.001,0.000,0.000,0.000,0.000,0.0,0.0,0.0159,-0.0019,0.05,0.0003,0.0002,0.06,-0.0018,0.08,
9.452,0,DRIVE,8.649,0.300,-0.039,-0.001,0.000,0.000,0.000,0.000,0.0,0.0,0.0160,-0.0019,0.04,0.0003,0.0002,0.08,-0.0018,0.07,
9.503,0,DRIVE,8.700,0.300,-0.039,-0.001,0.000,0.000,0.000,0.000,0.0,0.0,0.0163,-0.0019,0.05,0.0003,0.0002,0.07,-0.0019,0.08,
9.554,0,DRIVE,8.751,0.300,-0.039,-0.001,0.000,0.000,0.000,0.000,0.0,0.0,0.0157,-0.0019,0.04,0.0003,0.0002,0.06,-0.0018,0.07,
9.603,0,DRIVE,8.800,0.300,-0.039,-0.001,0.000,0.000,0.000,0.000,0.0,0.0,0.0159,-0.0019,0.04,0.0003,0.0002,0.06,-0.0018,0.07,
9.653,0,DRIVE,8.850,0.300,-0.039,-0.001,0.000,0.000,0.000,0.000,0.0,0.0,0.0159,-0.0019,0.04,0.0003,0.0002,0.08,-0.0018,0.07,
9.701,0,DRIVE,8.898,0.300,-0.039,-0.001,0.000,0.000,0.000,0.000,0.0,0.0,0.0155,-0.0018,0.05,0.0003,0.0002,0.05,-0.0017,0.08,
9.752,0,DRIVE,8.949,0.300,-0.039,-0.001,0.000,0.000,0.000,0.000,0.0,0.0,0.0160,-0.0019,0.04,0.0003,0.0002,0.07,-0.0018,0.07,
9.804,0,DRIVE,9.001,0.300,-0.039,-0.001,0.000,0.000,0.000,0.000,0.0,0.0,0.0160,-0.0019,0.05,0.0003,0.0002,0.06,-0.0018,0.08,
9.855,0,DRIVE,9.052,0.300,-0.039,-0.001,0.000,0.000,0.000,0.000,0.0,0.0,0.0169,-0.0020,0.05,0.0003,0.0002,0.06,-0.0019,0.08,
9.904,0,DRIVE,9.101,0.300,-0.039,-0.001,0.000,0.000,0.000,0.000,0.0,0.0,0.0161,-0.0019,0.04,0.0003,0.0002,0.07,-0.0019,0.07,
9.954,0,DRIVE,9.151,0.300,-0.039,-0.001,0.000,0.000,0.000,0.000,0.0,0.0,0.0155,-0.0018,0.04,0.0003,0.0002,0.08,-0.0018,0.07,
10.002,0,DRIVE,9.199,0.300,-0.039,-0.001,0.000,0.000,0.000,0.000,0.0,0.0,0.0152,-0.0018,0.05,0.0003,0.0002,0.06,-0.0017,0.08,
10.053,0,DRIVE,9.250,0.300,-0.039,-0.001,0.000,0.000,0.000,0.000,0.0,0.0,0.0160,-0.0019,0.05,0.0003,0.0002,0.08,-0.0018,0.08,
10.102,0,DRIVE,9.299,0.300,-0.039,-0.001,0.000,0.000,0.000,0.000,0.0,0.0,0.0160,-0.0019,0.04,0.0003,0.0002,0.06,-0.0018,0.07,
10.151,0,DRIVE,9.348,0.300,-0.039,-0.002,0.000,0.000,0.000,0.000,0.0,0.0,0.0158,-0.0018,0.06,0.0003,0.0002,0.07,-0.0018,0.09,
10.201,0,DRIVE,9.398,0.300,-0.039,-0.001,0.000,0.000,0.000,0.000,0.0,0.0,0.0159,-0.0019,0.04,0.0003,0.0002,0.05,-0.0018,0.07,
10.252,0,DRIVE,9.449,0.300,-0.039,-0.001,0.000,0.000,0.000,0.000,0.0,0.0,0.0160,-0.0019,0.04,0.0003,0.0002,0.08,-0.0018,0.07,
10.303,0,DRIVE,9.500,0.300,-0.039,-0.001,0.000,0.000,0.000,0.000,0.0,0.0,0.0158,-0.0019,0.04,0.0003,0.0002,0.07,-0.0018,0.07,
10.352,0,DRIVE,9.549,0.300,-0.039,-0.001,0.000,0.000,0.000,0.000,0.0,0.0,0.0159,-0.0019,0.04,0.0003,0.0002,0.07,-0.0018,0.07,
10.401,0,DRIVE,9.598,0.300,-0.039,-0.001,0.000,0.000,0.000,0.000,0.0,0.0,0.0159,-0.0019,0.04,0.0003,0.0002,0.06,-0.0018,0.07,
10.452,0,DRIVE,9.649,0.300,-0.039,-0.001,0.000,0.000,0.000,0.000,0.0,0.0,0.0160,-0.0019,0.04,0.0003,0.0002,0.07,-0.0018,0.07,
10.501,0,DRIVE,9.698,0.300,-0.039,-0.001,0.000,0.000,0.000,0.000,0.0,0.0,0.0157,-0.0019,0.04,0.0003,0.0002,0.06,-0.0018,0.07,
10.553,0,DRIVE,9.750,0.300,-0.039,-0.001,0.000,0.000,0.000,0.000,0.0,0.0,0.0158,-0.0019,0.04,0.0003,0.0002,0.06,-0.0018,0.07,
10.601,0,DRIVE,9.798,0.300,-0.039,-0.001,0.000,0.000,0.000,0.000,0.0,0.0,0.0160,-0.0019,0.04,0.0003,0.0002,0.06,-0.0018,0.07,
10.652,0,DRIVE,9.849,0.300,-0.039,-0.001,0.000,0.000,0.000,0.000,0.0,0.0,0.0162,-0.0019,0.05,0.0003,0.0002,0.07,-0.0018,0.08,
10.702,0,DRIVE,9.899,0.300,-0.039,-0.001,0.000,0.000,0.000,0.000,0.0,0.0,0.0162,-0.0020,0.04,0.0003,0.0002,0.06,-0.0019,0.07,
10.752,0,DRIVE,9.949,0.300,-0.039,-0.001,0.000,0.000,0.000,0.000,0.0,0.0,0.0158,-0.0019,0.04,0.0003,0.0002,0.07,-0.0018,0.07,
10.810,0,DRIVE,10.007,0.000,0.000,0.000,0.000,0.000,0.000,0.000,0.0,0.0,0.0175,-0.0021,0.05,0.0003,0.0002,0.07,-0.0020,0.08,FIN_DRIVE_leg0_TIMEOUT_10.0s
10.811,0,STOP_BEFORE_SPIN,0.000,0.000,0.000,0.000,0.000,0.000,0.000,0.000,0.0,0.0,0.0175,-0.0021,0.05,0.0003,0.0002,0.07,-0.0020,0.08,
10.854,0,STOP_BEFORE_SPIN,0.044,0.000,0.000,0.000,0.000,0.000,0.000,0.000,0.0,0.0,0.0009,0.0001,0.05,0.0003,0.0002,0.08,0.0001,0.08,
10.904,0,STOP_BEFORE_SPIN,0.093,0.000,0.000,0.000,0.000,0.000,0.000,0.000,0.0,0.0,0.0006,0.0001,0.05,0.0003,0.0002,0.07,0.0002,0.08,
10.962,0,STOP_BEFORE_SPIN,0.152,0.000,0.000,0.000,0.000,0.000,0.000,0.000,0.0,0.0,0.0003,0.0002,0.05,0.0003,0.0002,0.07,0.0002,0.08,
11.002,0,STOP_BEFORE_SPIN,0.192,0.000,0.000,0.000,0.000,0.000,0.000,0.000,0.0,0.0,0.0003,0.0002,0.05,0.0003,0.0002,0.05,0.0002,0.08,
11.051,0,STOP_BEFORE_SPIN,0.241,0.000,0.000,0.000,0.000,0.000,0.000,0.000,0.0,0.0,0.0003,0.0002,0.06,0.0003,0.0002,0.06,0.0002,0.09,
11.101,0,STOP_BEFORE_SPIN,0.291,0.000,0.000,0.000,0.000,0.000,0.000,0.000,0.0,0.0,0.0003,0.0002,0.05,0.0003,0.0002,0.04,0.0002,0.08,
11.151,0,STOP_BEFORE_SPIN,0.341,0.000,0.000,0.000,0.000,0.000,0.000,0.000,0.0,0.0,0.0003,0.0002,0.05,0.0003,0.0002,0.07,0.0002,0.08,
11.202,0,STOP_BEFORE_SPIN,0.392,0.000,0.000,0.000,0.000,0.000,0.000,0.000,0.0,0.0,0.0003,0.0002,0.05,0.0003,0.0002,0.06,0.0002,0.08,
11.253,0,STOP_BEFORE_SPIN,0.443,0.000,0.000,0.000,0.000,0.000,0.000,0.000,0.0,0.0,0.0002,0.0001,0.04,0.0003,0.0002,0.06,0.0002,0.07,
11.301,0,STOP_BEFORE_SPIN,0.491,0.000,0.000,0.000,0.000,0.000,0.000,0.000,0.0,0.0,0.0003,0.0002,0.05,0.0003,0.0002,0.06,0.0002,0.08,
11.351,0,STOP_BEFORE_SPIN,0.541,0.000,0.000,0.000,0.000,0.000,0.000,0.000,0.0,0.0,0.0003,0.0001,0.05,0.0003,0.0002,0.08,0.0002,0.08,
11.402,0,STOP_BEFORE_SPIN,0.592,0.000,0.000,0.000,0.000,0.000,0.000,0.000,0.0,0.0,0.0003,0.0001,0.05,0.0003,0.0002,0.07,0.0002,0.08,
11.452,0,STOP_BEFORE_SPIN,0.642,0.000,0.000,0.000,0.000,0.000,0.000,0.000,0.0,0.0,0.0003,0.0001,0.04,0.0003,0.0002,0.08,0.0002,0.07,
11.501,0,STOP_BEFORE_SPIN,0.691,0.000,0.000,0.000,0.000,0.000,0.000,0.000,0.0,0.0,0.0003,0.0002,0.05,0.0003,0.0002,0.05,0.0002,0.08,
11.552,0,STOP_BEFORE_SPIN,0.742,0.000,0.000,0.000,0.000,0.000,0.000,0.000,0.0,0.0,0.0002,0.0001,0.04,0.0003,0.0002,0.08,0.0002,0.07,
11.603,0,STOP_BEFORE_SPIN,0.793,0.000,0.000,0.000,0.000,0.000,0.000,0.000,0.0,0.0,0.0003,0.0001,0.04,0.0003,0.0002,0.05,0.0002,0.07,
11.651,0,STOP_BEFORE_SPIN,0.841,0.000,0.000,0.000,0.000,0.000,0.000,0.000,0.0,0.0,0.0003,0.0002,0.05,0.0003,0.0002,0.07,0.0002,0.08,
11.701,0,STOP_BEFORE_SPIN,0.891,0.000,0.000,0.000,0.000,0.000,0.000,0.000,0.0,0.0,0.0003,0.0002,0.05,0.0003,0.0002,0.05,0.0002,0.08,
11.752,0,STOP_BEFORE_SPIN,0.942,0.000,0.000,0.000,0.000,0.000,0.000,0.000,0.0,0.0,0.0003,0.0002,0.05,0.0003,0.0002,0.07,0.0002,0.08,
11.802,0,STOP_BEFORE_SPIN,0.991,0.000,0.000,0.000,0.000,0.000,0.000,0.000,0.0,0.0,0.0003,0.0001,0.05,0.0003,0.0002,0.07,0.0002,0.08,
11.853,0,STOP_BEFORE_SPIN,1.043,0.000,0.000,0.000,0.000,0.000,0.000,0.000,0.0,0.0,0.0003,0.0002,0.06,0.0003,0.0002,0.08,0.0002,0.09,INICIO_DRIFT_leg0
11.854,0,DRIFT,0.000,0.000,0.000,0.000,0.000,0.000,0.000,0.000,0.0,0.0,0.0003,0.0002,0.06,0.0003,0.0002,0.08,0.0002,0.00,
11.901,0,DRIFT,0.047,0.000,-0.000,1.000,0.000,0.000,0.000,0.000,0.0,0.0,0.0003,0.0002,0.05,0.0003,0.0002,0.05,0.0002,-0.01,
11.952,0,DRIFT,0.098,0.000,-0.000,1.000,0.000,0.000,0.000,0.000,0.0,0.0,0.0003,0.0002,2.97,0.0003,0.0002,0.07,0.0002,2.91,
12.001,0,DRIFT,0.148,0.000,-0.000,1.000,0.000,0.000,0.000,0.000,0.0,0.0,0.0003,0.0002,3.06,0.0003,0.0002,0.06,0.0002,3.00,
12.052,0,DRIFT,0.198,0.000,-0.000,1.000,0.000,0.000,0.000,0.000,0.0,0.0,0.0002,0.0001,3.20,-0.0001,0.0001,0.30,0.0002,3.14,
12.101,0,DRIFT,0.248,0.000,-0.000,1.000,0.000,0.000,0.000,0.000,0.0,0.0,-0.0002,0.0001,3.21,-0.0002,0.0001,0.31,0.0001,3.15,
12.154,0,DRIFT,0.303,0.000,-0.000,1.000,0.000,0.000,0.000,0.000,0.0,0.0,-0.0001,0.0001,3.36,-0.0001,0.0001,0.33,0.0002,3.30,
12.201,0,DRIFT,0.348,0.000,-0.000,1.000,0.000,0.000,0.000,0.000,0.0,0.0,-0.0001,0.0001,3.21,-0.0001,0.0001,0.29,0.0002,3.16,
12.251,0,DRIFT,0.398,0.000,-0.000,1.000,0.000,0.000,0.000,0.000,0.0,0.0,-0.0001,0.0001,3.34,-0.0002,0.0001,0.35,0.0002,3.28,
12.302,0,DRIFT,0.448,0.000,-0.000,1.000,0.000,0.000,0.000,0.000,0.0,0.0,-0.0001,0.0001,3.32,-0.0002,0.0001,0.31,0.0002,3.27,
12.351,0,DRIFT,0.497,0.000,-0.000,1.000,0.000,0.000,0.000,0.000,0.0,0.0,-0.0002,0.0001,3.34,-0.0002,0.0001,0.33,0.0002,3.28,
12.403,0,DRIFT,0.549,0.000,-0.000,1.000,0.000,0.000,0.000,0.000,0.0,0.0,-0.0001,0.0001,3.44,-0.0001,0.0001,0.32,0.0002,3.38,
12.451,0,DRIFT,0.597,0.000,-0.000,1.000,0.000,0.000,0.000,0.000,0.0,0.0,-0.0001,0.0001,3.32,-0.0001,0.0001,0.33,0.0002,3.26,
12.501,0,DRIFT,0.647,0.000,-0.000,1.000,0.000,0.000,0.000,0.000,0.0,0.0,-0.0001,0.0001,3.32,-0.0002,0.0001,0.31,0.0002,3.26,
12.551,0,DRIFT,0.697,0.000,-0.000,1.000,0.000,0.000,0.000,0.000,0.0,0.0,-0.0001,0.0001,3.35,-0.0001,0.0001,0.34,0.0002,3.29,
12.602,0,DRIFT,0.748,0.000,-0.000,1.000,0.000,0.000,0.000,0.000,0.0,0.0,-0.0001,0.0001,3.36,-0.0001,0.0001,0.30,0.0002,3.31,
12.653,0,DRIFT,0.800,0.000,-0.000,1.000,0.000,0.000,0.000,0.000,0.0,0.0,-0.0001,0.0001,3.25,-0.0001,0.0001,0.31,0.0002,3.20,
12.701,0,DRIFT,0.847,0.000,-0.000,1.000,0.000,0.000,0.000,0.000,0.0,0.0,-0.0001,0.0001,3.28,-0.0001,0.0001,0.31,0.0002,3.23,
12.751,0,DRIFT,0.898,0.000,-0.000,1.000,0.000,0.000,0.000,0.000,0.0,0.0,-0.0001,0.0001,3.29,-0.0001,0.0001,0.32,0.0002,3.23,
12.801,0,DRIFT,0.947,0.000,-0.000,1.000,0.000,0.000,0.000,0.000,0.0,0.0,-0.0001,0.0001,3.30,-0.0001,0.0001,0.32,0.0002,3.24,
12.851,0,DRIFT,0.997,0.000,-0.000,1.000,0.000,0.000,0.000,0.000,0.0,0.0,-0.0001,0.0001,3.32,-0.0001,0.0001,0.31,0.0002,3.27,
12.903,0,DRIFT,1.049,0.000,-0.000,1.000,0.000,0.000,0.000,0.000,0.0,0.0,-0.0001,0.0001,3.28,-0.0001,0.0001,0.32,0.0002,3.22,
12.953,0,DRIFT,1.099,0.000,-0.000,1.000,0.000,0.000,0.000,0.000,0.0,0.0,-0.0001,0.0001,3.36,-0.0001,0.0001,0.32,0.0002,3.30,
13.002,0,DRIFT,1.148,0.000,-0.000,1.000,0.000,0.000,0.000,0.000,0.0,0.0,-0.0001,0.0001,3.16,-0.0001,0.0001,0.30,0.0002,3.10,
13.052,0,DRIFT,1.198,0.000,-0.000,1.000,0.000,0.000,0.000,0.000,0.0,0.0,-0.0001,0.0001,3.26,-0.0001,0.0001,0.35,0.0002,3.20,
13.102,0,DRIFT,1.248,0.000,-0.000,1.000,0.000,0.000,0.000,0.000,0.0,0.0,-0.0001,0.0001,3.32,-0.0001,0.0001,0.32,0.0002,3.26,
13.153,0,DRIFT,1.299,0.000,-0.000,1.000,0.000,0.000,0.000,0.000,0.0,0.0,-0.0001,0.0001,3.28,-0.0001,0.0001,0.33,0.0002,3.22,
13.201,0,DRIFT,1.347,0.000,-0.000,1.000,0.000,0.000,0.000,0.000,0.0,0.0,-0.0001,0.0001,3.35,-0.0001,0.0001,0.31,0.0002,3.29,
13.251,0,DRIFT,1.398,0.000,-0.000,1.000,0.000,0.000,0.000,0.000,0.0,0.0,-0.0001,0.0001,3.36,-0.0001,0.0002,0.33,0.0002,3.30,
13.301,0,DRIFT,1.447,0.000,-0.000,1.000,0.000,0.000,0.000,0.000,0.0,0.0,-0.0001,0.0001,3.30,-0.0001,0.0001,0.32,0.0002,3.24,
13.351,0,DRIFT,1.497,0.000,-0.000,1.000,0.000,0.000,0.000,0.000,0.0,0.0,-0.0001,0.0001,3.36,-0.0001,0.0001,0.32,0.0002,3.31,
13.406,0,DRIFT,1.552,0.000,-0.000,1.000,0.000,0.000,0.000,0.000,0.0,0.0,-0.0001,0.0001,3.28,-0.0001,0.0001,0.33,0.0002,3.22,
13.451,0,DRIFT,1.597,0.000,-0.000,1.000,0.000,0.000,0.000,0.000,0.0,0.0,-0.0001,0.0001,3.29,-0.0001,0.0001,0.33,0.0002,3.23,
13.501,0,DRIFT,1.647,0.000,-0.000,1.000,0.000,0.000,0.000,0.000,0.0,0.0,-0.0001,0.0001,3.37,-0.0001,0.0001,0.33,0.0002,3.31,
13.551,0,DRIFT,1.697,0.000,-0.000,1.000,0.000,0.000,0.000,0.000,0.0,0.0,-0.0001,0.0001,3.29,-0.0001,0.0002,0.37,0.0002,3.23,
13.601,0,DRIFT,1.747,0.000,-0.000,1.000,0.000,0.000,0.000,0.000,0.0,0.0,-0.0001,0.0001,3.33,-0.0001,0.0002,0.32,0.0002,3.28,
13.653,0,DRIFT,1.799,0.000,-0.000,1.000,0.000,0.000,0.000,0.000,0.0,0.0,-0.0001,0.0001,3.32,-0.0001,0.0002,0.37,0.0002,3.26,
13.702,0,DRIFT,1.848,0.000,-0.000,1.000,0.000,0.000,0.000,0.000,0.0,0.0,-0.0001,0.0001,3.26,-0.0001,0.0002,0.33,0.0002,3.20,
13.751,0,DRIFT,1.897,0.000,-0.000,1.000,0.000,0.000,0.000,0.000,0.0,0.0,-0.0001,0.0001,3.24,-0.0001,0.0001,0.32,0.0002,3.19,
13.801,0,DRIFT,1.947,0.000,-0.000,1.000,0.000,0.000,0.000,0.000,0.0,0.0,-0.0001,0.0001,3.31,-0.0001,0.0002,0.36,0.0002,3.25,
13.851,0,DRIFT,1.997,0.000,-0.000,1.000,0.000,0.000,0.000,0.000,0.0,0.0,-0.0001,0.0001,3.30,-0.0001,0.0002,0.38,0.0002,3.25,
13.904,0,DRIFT,2.050,0.000,-0.000,1.000,0.000,0.000,0.000,0.000,0.0,0.0,-0.0001,0.0002,3.37,-0.0001,0.0002,0.38,0.0003,3.32,
13.951,0,DRIFT,2.097,0.000,-0.000,1.000,0.000,0.000,0.000,0.000,0.0,0.0,-0.0001,0.0002,3.28,-0.0001,0.0003,0.41,0.0003,3.22,
14.001,0,DRIFT,2.147,0.000,-0.000,1.000,0.000,0.000,0.000,0.000,0.0,0.0,-0.0001,0.0002,3.35,-0.0001,0.0003,0.38,0.0003,3.29,
14.052,0,DRIFT,2.198,0.000,-0.000,1.000,0.000,0.000,0.000,0.000,0.0,0.0,-0.0001,0.0002,3.42,-0.0001,0.0002,0.39,0.0003,3.37,
14.101,0,DRIFT,2.248,0.000,-0.000,1.000,0.000,0.000,0.000,0.000,0.0,0.0,-0.0001,0.0002,3.30,-0.0001,0.0003,0.38,0.0003,3.24,
14.153,0,DRIFT,2.299,0.000,-0.000,1.000,0.000,0.000,0.000,0.000,0.0,0.0,-0.0001,0.0002,3.32,-0.0001,0.0002,0.39,0.0003,3.26,
14.201,0,DRIFT,2.347,0.000,-0.000,1.000,0.000,0.000,0.000,0.000,0.0,0.0,-0.0001,0.0002,3.40,-0.0001,0.0002,0.38,0.0003,3.35,
14.253,0,DRIFT,2.399,0.000,-0.000,1.000,0.000,0.000,0.000,0.000,0.0,0.0,-0.0001,0.0002,3.41,-0.0001,0.0002,0.40,0.0003,3.35,
14.301,0,DRIFT,2.447,0.000,-0.000,1.000,0.000,0.000,0.000,0.000,0.0,0.0,-0.0001,0.0002,3.31,-0.0001,0.0002,0.38,0.0003,3.25,
14.353,1,DRIFT,2.499,0.000,0.000,0.000,0.000,0.000,0.000,0.000,0.0,0.0,-0.0001,0.0002,3.42,-0.0001,0.0003,0.40,0.0003,3.36,FIN_DRIFT_leg0_TIMEOUT_2.5s_2.50s
14.355,1,STOP_BEFORE_DRIVE,0.000,0.000,0.000,0.000,0.000,0.000,0.000,0.000,0.0,0.0,-0.0001,0.0002,3.42,-0.0001,0.0003,0.40,0.0003,3.36,
14.401,1,STOP_BEFORE_DRIVE,0.047,0.000,0.000,0.000,0.000,0.000,0.000,0.000,0.0,0.0,-0.0001,0.0002,0.53,-0.0001,0.0002,0.39,0.0003,0.47,
14.453,1,STOP_BEFORE_DRIVE,0.098,0.000,0.000,0.000,0.000,0.000,0.000,0.000,0.0,0.0,-0.0001,0.0002,0.38,-0.0001,0.0002,0.36,0.0003,0.33,
14.501,1,STOP_BEFORE_DRIVE,0.147,0.000,0.000,0.000,0.000,0.000,0.000,0.000,0.0,0.0,-0.0000,0.0002,0.28,-0.0001,0.0002,0.39,0.0002,0.22,
14.551,1,STOP_BEFORE_DRIVE,0.197,0.000,0.000,0.000,0.000,0.000,0.000,0.000,0.0,0.0,-0.0001,0.0002,0.29,-0.0001,0.0002,0.37,0.0002,0.23,
14.601,1,STOP_BEFORE_DRIVE,0.247,0.000,0.000,0.000,0.000,0.000,0.000,0.000,0.0,0.0,-0.0000,0.0002,0.22,-0.0001,0.0002,0.38,0.0002,0.16,
14.652,1,STOP_BEFORE_DRIVE,0.298,0.000,0.000,0.000,0.000,0.000,0.000,0.000,0.0,0.0,-0.0001,0.0002,0.29,-0.0001,0.0002,0.38,0.0003,0.24,
14.701,1,STOP_BEFORE_DRIVE,0.347,0.000,0.000,0.000,0.000,0.000,0.000,0.000,0.0,0.0,-0.0001,0.0002,0.29,-0.0001,0.0002,0.40,0.0003,0.23,
14.751,1,STOP_BEFORE_DRIVE,0.397,0.000,0.000,0.000,0.000,0.000,0.000,0.000,0.0,0.0,-0.0001,0.0002,0.29,-0.0001,0.0002,0.39,0.0003,0.23,
14.801,1,STOP_BEFORE_DRIVE,0.447,0.000,0.000,0.000,0.000,0.000,0.000,0.000,0.0,0.0,-0.0001,0.0002,0.31,-0.0001,0.0002,0.38,0.0003,0.26,
14.852,1,STOP_BEFORE_DRIVE,0.498,0.000,0.000,0.000,0.000,0.000,0.000,0.000,0.0,0.0,-0.0001,0.0002,0.30,-0.0001,0.0002,0.38,0.0003,0.24,
14.901,1,STOP_BEFORE_DRIVE,0.547,0.000,0.000,0.000,0.000,0.000,0.000,0.000,0.0,0.0,-0.0001,0.0002,0.31,-0.0001,0.0002,0.39,0.0003,0.25,
14.951,1,STOP_BEFORE_DRIVE,0.597,0.000,0.000,0.000,0.000,0.000,0.000,0.000,0.0,0.0,-0.0001,0.0002,0.33,-0.0001,0.0002,0.38,0.0003,0.28,
15.001,1,STOP_BEFORE_DRIVE,0.647,0.000,0.000,0.000,0.000,0.000,0.000,0.000,0.0,0.0,-0.0001,0.0002,0.27,-0.0001,0.0002,0.38,0.0003,0.22,
15.051,1,STOP_BEFORE_DRIVE,0.697,0.000,0.000,0.000,0.000,0.000,0.000,0.000,0.0,0.0,-0.0001,0.0002,0.30,-0.0001,0.0002,0.40,0.0003,0.25,
15.101,1,STOP_BEFORE_DRIVE,0.747,0.000,0.000,0.000,0.000,0.000,0.000,0.000,0.0,0.0,-0.0001,0.0002,0.27,-0.0001,0.0002,0.38,0.0003,0.22,
15.151,1,STOP_BEFORE_DRIVE,0.797,0.000,0.000,0.000,0.000,0.000,0.000,0.000,0.0,0.0,-0.0001,0.0002,0.33,-0.0001,0.0002,0.38,0.0003,0.27,
15.201,1,STOP_BEFORE_DRIVE,0.847,0.000,0.000,0.000,0.000,0.000,0.000,0.000,0.0,0.0,-0.0000,0.0002,0.27,-0.0001,0.0002,0.38,0.0003,0.22,
15.252,1,STOP_BEFORE_DRIVE,0.898,0.000,0.000,0.000,0.000,0.000,0.000,0.000,0.0,0.0,-0.0001,0.0002,0.33,-0.0001,0.0002,0.39,0.0003,0.28,
15.302,1,STOP_BEFORE_DRIVE,0.947,0.000,0.000,0.000,0.000,0.000,0.000,0.000,0.0,0.0,-0.0000,0.0002,0.27,-0.0001,0.0002,0.37,0.0002,0.21,
15.351,1,STOP_BEFORE_DRIVE,0.997,0.000,0.000,0.000,0.000,0.000,0.000,0.000,0.0,0.0,-0.0001,0.0002,0.32,-0.0001,0.0002,0.37,0.0003,0.26,
15.401,1,DRIVE,0.000,0.000,0.000,0.000,0.000,0.000,0.000,0.000,0.0,0.0,-0.0001,0.0002,0.32,-0.0001,0.0002,0.36,0.0000,0.00,
15.452,1,DRIVE,0.051,0.300,-0.040,0.001,0.000,0.000,0.000,0.000,0.0,0.0,-0.0001,0.0002,0.28,-0.0001,0.0002,0.39,-0.0000,-0.04,
15.501,1,DRIVE,0.100,0.300,-0.039,0.001,0.000,0.000,0.000,0.000,0.0,0.0,0.0147,-0.0017,0.26,-0.0001,0.0002,0.37,-0.0020,-0.06,
15.551,1,DRIVE,0.150,0.300,-0.039,0.001,0.000,0.000,0.000,0.000,0.0,0.0,0.0156,-0.0018,0.27,-0.0001,0.0002,0.37,-0.0021,-0.05,
15.601,1,DRIVE,0.200,0.300,-0.039,0.001,0.000,0.000,0.000,0.000,0.0,0.0,0.0155,-0.0018,0.29,-0.0001,0.0002,0.36,-0.0021,-0.03,
15.653,1,DRIVE,0.252,0.300,-0.039,0.001,0.000,0.000,0.000,0.000,0.0,0.0,0.0156,-0.0018,0.25,-0.0001,0.0002,0.40,-0.0021,-0.07,
15.702,1,DRIVE,0.301,0.300,-0.039,0.004,0.000,0.000,0.000,0.000,0.0,0.0,0.0161,-0.0018,0.11,0.0010,0.0004,0.03,-0.0021,-0.21,
15.752,1,DRIVE,0.351,0.300,-0.039,0.004,0.000,0.000,0.000,0.000,0.0,0.0,0.0168,-0.0017,0.09,0.0018,0.0007,0.19,-0.0020,-0.23,
15.801,1,DRIVE,0.400,0.300,-0.040,0.002,0.000,0.000,0.000,0.000,0.0,0.0,0.0176,-0.0011,0.20,0.0033,0.0011,0.26,-0.0015,-0.12,
15.852,1,DRIVE,0.451,0.300,-0.040,0.002,0.000,0.000,0.000,0.000,0.0,0.0,0.0190,-0.0009,0.19,0.0045,0.0015,0.25,-0.0012,-0.13,
15.906,1,DRIVE,0.505,0.300,-0.040,0.001,0.000,0.000,0.000,0.000,0.0,0.0,0.0206,-0.0006,0.28,0.0056,0.0020,0.50,-0.0009,-0.04,
15.951,1,DRIVE,0.550,0.300,-0.040,-0.001,0.000,0.000,0.000,0.000,0.0,0.0,0.0190,-0.0004,0.35,0.0058,0.0023,0.69,-0.0007,0.03,
16.001,1,DRIVE,0.600,0.300,-0.040,-0.004,0.000,0.000,0.000,0.000,0.0,0.0,0.0206,0.0001,0.56,0.0059,0.0023,0.72,-0.0002,0.24,
16.051,1,DRIVE,0.650,0.300,-0.040,-0.006,0.000,0.000,0.000,0.000,0.0,0.0,0.0217,0.0004,0.68,0.0059,0.0023,0.71,0.0001,0.36,
16.101,1,DRIVE,0.700,0.300,-0.040,-0.004,0.000,0.000,0.000,0.000,0.0,0.0,0.0206,0.0000,0.52,0.0059,0.0023,0.71,-0.0003,0.20,
16.153,1,DRIVE,0.752,0.300,-0.040,-0.005,0.000,0.000,0.000,0.000,0.0,0.0,0.0211,0.0002,0.59,0.0059,0.0023,0.72,-0.0002,0.27,
16.201,1,DRIVE,0.800,0.300,-0.040,-0.002,0.000,0.000,0.000,0.000,0.0,0.0,0.0202,-0.0003,0.43,0.0059,0.0023,0.70,-0.0006,0.10,
16.251,1,DRIVE,0.850,0.300,-0.040,0.001,0.000,0.000,0.000,0.000,0.0,0.0,0.0197,-0.0010,0.26,0.0059,0.0023,0.71,-0.0013,-0.06,
16.303,1,DRIVE,0.902,0.300,-0.040,-0.004,0.000,0.000,0.000,0.000,0.0,0.0,0.0212,0.0001,0.58,0.0059,0.0023,0.71,-0.0003,0.26,
16.352,1,DRIVE,0.951,0.300,-0.040,-0.005,0.000,0.000,0.000,0.000,0.0,0.0,0.0206,0.0002,0.60,0.0059,0.0023,0.71,-0.0001,0.28,
16.403,1,DRIVE,1.002,0.300,-0.040,-0.005,0.000,0.000,0.000,0.000,0.0,0.0,0.0209,0.0002,0.58,0.0059,0.0023,0.72,-0.0002,0.26,
16.451,1,DRIVE,1.050,0.300,-0.040,-0.005,0.000,0.000,0.000,0.000,0.0,0.0,0.0210,0.0002,0.62,0.0059,0.0023,0.71,-0.0001,0.29,
16.501,1,DRIVE,1.100,0.300,-0.040,-0.005,0.000,0.000,0.000,0.000,0.0,0.0,0.0211,0.0002,0.59,0.0059,0.0024,0.74,-0.0002,0.27,
16.551,1,DRIVE,1.150,0.300,-0.040,-0.007,0.000,0.000,0.000,0.000,0.0,0.0,0.0216,0.0005,0.72,0.0059,0.0024,0.76,0.0001,0.40,
16.602,1,DRIVE,1.201,0.300,-0.040,-0.005,0.000,0.000,0.000,0.000,0.0,0.0,0.0213,0.0002,0.61,0.0059,0.0024,0.74,-0.0001,0.29,
16.653,1,DRIVE,1.252,0.300,-0.040,-0.003,0.000,0.000,0.000,0.000,0.0,0.0,0.0210,-0.0002,0.50,0.0059,0.0024,0.75,-0.0005,0.17,
16.701,1,DRIVE,1.300,0.300,-0.040,-0.004,0.000,0.000,0.000,0.000,0.0,0.0,0.0206,0.0000,0.55,0.0059,0.0024,0.75,-0.0003,0.23,
16.752,1,DRIVE,1.351,0.300,-0.040,-0.004,0.000,0.000,0.000,0.000,0.0,0.0,0.0213,-0.0001,0.54,0.0059,0.0024,0.75,-0.0004,0.22,
16.801,1,DRIVE,1.401,0.300,-0.040,-0.005,0.000,0.000,0.000,0.000,0.0,0.0,0.0205,0.0003,0.64,0.0062,0.0027,0.90,-0.0000,0.31,
16.851,1,DRIVE,1.451,0.300,-0.040,-0.009,0.000,0.000,0.000,0.000,0.0,0.0,0.0211,0.0007,0.84,0.0066,0.0030,1.16,0.0004,0.52,
16.903,1,DRIVE,1.502,0.300,-0.040,-0.010,0.000,0.000,0.000,0.000,0.0,0.0,0.0212,0.0008,0.88,0.0068,0.0032,1.22,0.0005,0.56,
16.952,1,DRIVE,1.551,0.300,-0.040,-0.012,0.000,0.000,0.000,0.000,0.0,0.0,0.0220,0.0010,1.01,0.0068,0.0032,1.26,0.0007,0.69,
17.001,1,DRIVE,1.600,0.300,-0.040,-0.010,0.000,0.000,0.000,0.000,0.0,0.0,0.0211,0.0009,0.92,0.0069,0.0033,1.28,0.0006,0.60,
17.052,1,DRIVE,1.651,0.300,-0.040,-0.009,0.000,0.000,0.000,0.000,0.0,0.0,0.0222,0.0005,0.84,0.0069,0.0033,1.28,0.0002,0.51,
17.101,1,DRIVE,1.700,0.300,-0.040,-0.014,0.000,0.000,0.000,0.000,0.0,0.0,0.0216,0.0014,1.14,0.0069,0.0033,1.29,0.0010,0.81,
17.153,1,DRIVE,1.752,0.300,-0.040,-0.011,0.000,0.000,0.000,0.000,0.0,0.0,0.0215,0.0009,0.94,0.0069,0.0033,1.29,0.0006,0.62,
17.201,1,DRIVE,1.800,0.300,-0.040,-0.012,0.000,0.000,0.000,0.000,0.0,0.0,0.0219,0.0011,1.03,0.0069,0.0033,1.29,0.0008,0.71,
17.252,1,DRIVE,1.851,0.300,-0.040,-0.013,0.000,0.000,0.000,0.000,0.0,0.0,0.0223,0.0012,1.07,0.0069,0.0033,1.29,0.0008,0.75,
17.301,1,DRIVE,1.900,0.300,-0.040,-0.016,0.000,0.000,0.000,0.000,0.0,0.0,0.0223,0.0016,1.24,0.0069,0.0033,1.29,0.0012,0.92,
17.352,1,DRIVE,1.951,0.300,-0.040,-0.013,0.000,0.000,0.000,0.000,0.0,0.0,0.0221,0.0011,1.05,0.0069,0.0033,1.30,0.0008,0.73,
17.404,1,DRIVE,2.003,0.300,-0.040,-0.013,0.000,0.000,0.000,0.000,0.0,0.0,0.0223,0.0012,1.08,0.0069,0.0033,1.28,0.0009,0.76,
17.451,1,DRIVE,2.050,0.300,-0.040,-0.013,0.000,0.000,0.000,0.000,0.0,0.0,0.0216,0.0012,1.07,0.0069,0.0033,1.29,0.0009,0.75,
17.501,1,DRIVE,2.100,0.300,-0.040,-0.013,0.000,0.000,0.000,0.000,0.0,0.0,0.0219,0.0012,1.07,0.0069,0.0033,1.29,0.0009,0.75,
17.551,1,DRIVE,2.150,0.300,-0.040,-0.010,0.000,0.000,0.000,0.000,0.0,0.0,0.0213,0.0008,0.89,0.0069,0.0033,1.29,0.0005,0.57,
17.602,1,DRIVE,2.201,0.300,-0.040,-0.011,0.000,0.000,0.000,0.000,0.0,0.0,0.0216,0.0009,0.93,0.0069,0.0033,1.30,0.0006,0.61,
17.653,1,DRIVE,2.252,0.300,-0.040,-0.011,0.000,0.000,0.000,0.000,0.0,0.0,0.0213,0.0010,0.97,0.0069,0.0033,1.29,0.0007,0.65,
17.702,1,DRIVE,2.302,0.300,-0.040,-0.011,0.000,0.000,0.000,0.000,0.0,0.0,0.0217,0.0009,0.93,0.0069,0.0033,1.28,0.0005,0.61,
17.751,1,DRIVE,2.350,0.300,-0.040,-0.011,0.000,0.000,0.000,0.000,0.0,0.0,0.0210,0.0010,0.94,0.0069,0.0033,1.29,0.0006,0.62,
17.801,1,DRIVE,2.400,0.300,-0.040,-0.011,0.000,0.000,0.000,0.000,0.0,0.0,0.0214,0.0009,0.93,0.0069,0.0033,1.29,0.0006,0.61,
17.851,1,DRIVE,2.450,0.300,-0.040,-0.008,0.000,0.000,0.000,0.000,0.0,0.0,0.0208,0.0006,0.79,0.0069,0.0033,1.30,0.0002,0.47,
17.903,1,DRIVE,2.503,0.300,-0.040,-0.011,0.000,0.000,0.000,0.000,0.0,0.0,0.0217,0.0010,0.97,0.0069,0.0033,1.29,0.0006,0.65,
17.951,1,DRIVE,2.550,0.300,-0.040,-0.013,0.000,0.000,0.000,0.000,0.0,0.0,0.0218,0.0012,1.07,0.0069,0.0033,1.28,0.0009,0.75,
18.001,1,DRIVE,2.600,0.300,-0.040,-0.010,0.000,0.000,0.000,0.000,0.0,0.0,0.0214,0.0008,0.89,0.0069,0.0033,1.29,0.0005,0.57,
18.051,1,DRIVE,2.650,0.300,-0.040,-0.013,0.000,0.000,0.000,0.000,0.0,0.0,0.0219,0.0012,1.07,0.0069,0.0033,1.29,0.0009,0.75,
18.101,1,DRIVE,2.700,0.300,-0.040,-0.014,0.000,0.000,0.000,0.000,0.0,0.0,0.0220,0.0013,1.10,0.0069,0.0033,1.29,0.0009,0.78,
18.153,1,DRIVE,2.752,0.300,-0.040,-0.013,0.000,0.000,0.000,0.000,0.0,0.0,0.0220,0.0011,1.04,0.0069,0.0033,1.29,0.0008,0.72,
18.201,1,DRIVE,2.800,0.300,-0.040,-0.010,0.000,0.000,0.000,0.000,0.0,0.0,0.0213,0.0008,0.89,0.0069,0.0033,1.28,0.0005,0.57,
18.252,1,DRIVE,2.851,0.300,-0.040,-0.011,0.000,0.000,0.000,0.000,0.0,0.0,0.0218,0.0010,0.97,0.0069,0.0033,1.30,0.0006,0.65,
18.301,1,DRIVE,2.900,0.300,-0.040,-0.013,0.000,0.000,0.000,0.000,0.0,0.0,0.0217,0.0012,1.06,0.0069,0.0033,1.28,0.0009,0.74,
18.352,1,DRIVE,2.951,0.300,-0.040,-0.016,0.000,0.000,0.000,0.000,0.0,0.0,0.0229,0.0015,1.24,0.0069,0.0033,1.29,0.0012,0.92,
18.403,1,DRIVE,3.002,0.300,-0.040,-0.010,0.000,0.000,0.000,0.000,0.0,0.0,0.0212,0.0009,0.89,0.0069,0.0033,1.29,0.0005,0.57,
18.451,1,DRIVE,3.051,0.300,-0.040,-0.012,0.000,0.000,0.000,0.000,0.0,0.0,0.0220,0.0011,1.04,0.0069,0.0033,1.31,0.0008,0.72,
18.502,1,DRIVE,3.101,0.300,-0.040,-0.014,0.000,0.000,0.000,0.000,0.0,0.0,0.0222,0.0013,1.12,0.0069,0.0033,1.30,0.0010,0.79,
18.551,1,DRIVE,3.150,0.300,-0.040,-0.013,0.000,0.000,0.000,0.000,0.0,0.0,0.0217,0.0012,1.05,0.0069,0.0033,1.29,0.0008,0.73,
18.601,1,DRIVE,3.200,0.300,-0.040,-0.012,0.000,0.000,0.000,0.000,0.0,0.0,0.0220,0.0011,1.03,0.0069,0.0033,1.29,0.0008,0.71,
18.655,1,DRIVE,3.254,0.300,-0.040,-0.012,0.000,0.000,0.000,0.000,0.0,0.0,0.0222,0.0010,1.00,0.0069,0.0033,1.27,0.0007,0.67,
18.702,1,DRIVE,3.301,0.300,-0.040,-0.010,0.000,0.000,0.000,0.000,0.0,0.0,0.0209,0.0009,0.89,0.0069,0.0033,1.28,0.0005,0.57,
18.751,1,DRIVE,3.350,0.300,-0.040,-0.010,0.000,0.000,0.000,0.000,0.0,0.0,0.0212,0.0008,0.89,0.0069,0.0033,1.28,0.0005,0.57,
18.802,1,DRIVE,3.401,0.300,-0.040,-0.011,0.000,0.000,0.000,0.000,0.0,0.0,0.0216,0.0010,0.97,0.0069,0.0033,1.29,0.0006,0.65,
18.851,1,DRIVE,3.450,0.300,-0.040,-0.013,0.000,0.000,0.000,0.000,0.0,0.0,0.0218,0.0013,1.09,0.0069,0.0033,1.30,0.0009,0.77,
18.903,1,DRIVE,3.502,0.300,-0.040,-0.010,0.000,0.000,0.000,0.000,0.0,0.0,0.0214,0.0008,0.89,0.0069,0.0033,1.28,0.0005,0.57,
18.951,1,DRIVE,3.550,0.300,-0.040,-0.010,0.000,0.000,0.000,0.000,0.0,0.0,0.0213,0.0008,0.89,0.0069,0.0033,1.29,0.0005,0.57,
19.002,1,DRIVE,3.601,0.300,-0.040,-0.012,0.000,0.000,0.000,0.000,0.0,0.0,0.0217,0.0011,0.99,0.0069,0.0033,1.29,0.0007,0.67,
19.051,1,DRIVE,3.650,0.300,-0.040,-0.013,0.000,0.000,0.000,0.000,0.0,0.0,0.0219,0.0011,1.04,0.0070,0.0033,1.28,0.0008,0.72,
19.101,1,DRIVE,3.700,0.300,-0.040,-0.012,0.000,0.000,0.000,0.000,0.0,0.0,0.0220,0.0011,1.03,0.0069,0.0033,1.28,0.0008,0.71,
19.157,1,DRIVE,3.757,0.300,-0.040,-0.016,0.000,0.000,0.000,0.000,0.0,0.0,0.0233,0.0015,1.24,0.0069,0.0033,1.29,0.0011,0.92,
19.202,1,DRIVE,3.801,0.300,-0.040,-0.013,0.000,0.000,0.000,0.000,0.0,0.0,0.0218,0.0012,1.06,0.0069,0.0033,1.29,0.0009,0.74,
19.251,1,DRIVE,3.850,0.300,-0.040,-0.013,0.000,0.000,0.000,0.000,0.0,0.0,0.0216,0.0012,1.07,0.0069,0.0033,1.28,0.0009,0.75,
19.301,1,DRIVE,3.900,0.300,-0.040,-0.014,0.000,0.000,0.000,0.000,0.0,0.0,0.0220,0.0013,1.10,0.0069,0.0033,1.28,0.0009,0.78,
19.351,1,DRIVE,3.950,0.300,-0.040,-0.013,0.000,0.000,0.000,0.000,0.0,0.0,0.0220,0.0011,1.04,0.0069,0.0033,1.29,0.0008,0.72,
19.403,1,DRIVE,4.002,0.300,-0.040,-0.013,0.000,0.000,0.000,0.000,0.0,0.0,0.0221,0.0012,1.06,0.0069,0.0033,1.28,0.0008,0.74,
19.451,1,DRIVE,4.050,0.300,-0.040,-0.010,0.000,0.000,0.000,0.000,0.0,0.0,0.0212,0.0008,0.90,0.0069,0.0033,1.29,0.0005,0.57,
19.502,1,DRIVE,4.101,0.300,-0.040,-0.013,0.000,0.000,0.000,0.000,0.0,0.0,0.0221,0.0012,1.06,0.0069,0.0033,1.29,0.0008,0.74,
19.551,1,DRIVE,4.150,0.300,-0.040,-0.012,0.000,0.000,0.000,0.000,0.0,0.0,0.0215,0.0011,1.00,0.0069,0.0033,1.28,0.0007,0.68,
19.601,1,DRIVE,4.201,0.300,-0.040,-0.011,0.000,0.000,0.000,0.000,0.0,0.0,0.0215,0.0009,0.93,0.0069,0.0033,1.30,0.0006,0.61,
19.653,1,DRIVE,4.252,0.300,-0.040,-0.010,0.000,0.000,0.000,0.000,0.0,0.0,0.0212,0.0008,0.90,0.0069,0.0033,1.30,0.0005,0.57,
19.701,1,DRIVE,4.300,0.300,-0.040,-0.011,0.000,0.000,0.000,0.000,0.0,0.0,0.0220,0.0008,0.93,0.0069,0.0033,1.28,0.0005,0.61,
19.752,1,DRIVE,4.351,0.300,-0.040,-0.013,0.000,0.000,0.000,0.000,0.0,0.0,0.0221,0.0012,1.09,0.0069,0.0033,1.29,0.0009,0.77,
19.801,1,DRIVE,4.400,0.300,-0.040,-0.013,0.000,0.000,0.000,0.000,0.0,0.0,0.0219,0.0012,1.06,0.0069,0.0033,1.28,0.0009,0.74,
19.851,1,DRIVE,4.450,0.300,-0.040,-0.013,0.000,0.000,0.000,0.000,0.0,0.0,0.0219,0.0013,1.09,0.0069,0.0033,1.28,0.0009,0.77,
19.903,1,DRIVE,4.502,0.300,-0.040,-0.010,0.000,0.000,0.000,0.000,0.0,0.0,0.0216,0.0008,0.89,0.0069,0.0033,1.28,0.0005,0.57,
19.951,1,DRIVE,4.550,0.300,-0.040,-0.012,0.000,0.000,0.000,0.000,0.0,0.0,0.0218,0.0010,1.00,0.0069,0.0033,1.31,0.0007,0.67,
20.001,1,DRIVE,4.600,0.300,-0.039,0.001,0.000,0.000,0.000,0.000,0.0,0.0,0.0220,-0.0016,0.28,0.0069,0.0033,1.31,-0.0019,-0.04,
20.051,1,DRIVE,4.650,0.300,-0.040,-0.016,0.000,0.000,0.000,0.000,0.0,0.0,0.0223,0.0016,1.25,0.0069,0.0033,1.29,0.0012,0.93,
20.101,1,DRIVE,4.700,0.300,-0.040,-0.012,0.000,0.000,0.000,0.000,0.0,0.0,0.0221,0.0011,1.04,0.0069,0.0033,1.29,0.0008,0.72,
20.156,1,DRIVE,4.755,0.300,-0.040,-0.014,0.000,0.000,0.000,0.000,0.0,0.0,0.0223,0.0013,1.11,0.0070,0.0033,1.29,0.0009,0.79,
20.201,1,DRIVE,4.800,0.300,-0.040,-0.012,0.000,0.000,0.000,0.000,0.0,0.0,0.0217,0.0012,1.03,0.0069,0.0033,1.27,0.0008,0.71,
20.252,1,DRIVE,4.851,0.300,-0.040,-0.013,0.000,0.000,0.000,0.000,0.0,0.0,0.0221,0.0012,1.07,0.0069,0.0033,1.28,0.0008,0.75,
20.302,1,DRIVE,4.901,0.300,-0.040,-0.013,0.000,0.000,0.000,0.000,0.0,0.0,0.0221,0.0012,1.08,0.0069,0.0033,1.28,0.0009,0.76,
20.351,1,DRIVE,4.950,0.300,-0.040,-0.013,0.000,0.000,0.000,0.000,0.0,0.0,0.0218,0.0012,1.07,0.0070,0.0033,1.29,0.0009,0.75,
20.403,1,DRIVE,5.002,0.300,-0.040,-0.012,0.000,0.000,0.000,0.000,0.0,0.0,0.0220,0.0011,1.03,0.0069,0.0033,1.27,0.0008,0.71,
20.453,1,DRIVE,5.052,0.300,-0.040,-0.013,0.000,0.000,0.000,0.000,0.0,0.0,0.0224,0.0011,1.06,0.0069,0.0033,1.28,0.0008,0.74,
20.501,1,DRIVE,5.100,0.300,-0.040,-0.012,0.000,0.000,0.000,0.000,0.0,0.0,0.0216,0.0012,1.03,0.0069,0.0033,1.28,0.0008,0.71,
20.551,1,DRIVE,5.150,0.300,-0.040,-0.008,0.000,0.000,0.000,0.000,0.0,0.0,0.0210,0.0005,0.76,0.0069,0.0033,1.28,0.0001,0.44,
20.601,1,DRIVE,5.200,0.300,-0.040,-0.014,0.000,0.000,0.000,0.000,0.0,0.0,0.0220,0.0013,1.13,0.0069,0.0033,1.29,0.0010,0.81,
20.653,1,DRIVE,5.253,0.300,-0.040,-0.016,0.000,0.000,0.000,0.000,0.0,0.0,0.0227,0.0015,1.24,0.0070,0.0033,1.28,0.0012,0.92,
20.702,1,DRIVE,5.301,0.300,-0.040,-0.013,0.000,0.000,0.000,0.000,0.0,0.0,0.0223,0.0012,1.08,0.0069,0.0033,1.28,0.0009,0.76,
20.751,1,DRIVE,5.350,0.300,-0.040,-0.013,0.000,0.000,0.000,0.000,0.0,0.0,0.0217,0.0012,1.07,0.0070,0.0033,1.28,0.0009,0.75,
20.802,1,DRIVE,5.401,0.300,-0.040,-0.011,0.000,0.000,0.000,0.000,0.0,0.0,0.0216,0.0009,0.93,0.0069,0.0033,1.29,0.0006,0.61,
20.851,1,DRIVE,5.450,0.300,-0.040,-0.012,0.000,0.000,0.000,0.000,0.0,0.0,0.0219,0.0011,1.03,0.0070,0.0033,1.28,0.0008,0.71,
20.903,1,DRIVE,5.502,0.300,-0.040,-0.013,0.000,0.000,0.000,0.000,0.0,0.0,0.0220,0.0012,1.08,0.0069,0.0033,1.29,0.0009,0.76,
20.952,1,DRIVE,5.551,0.300,-0.040,-0.013,0.000,0.000,0.000,0.000,0.0,0.0,0.0222,0.0012,1.07,0.0069,0.0033,1.29,0.0008,0.75,
21.001,1,DRIVE,5.600,0.300,-0.040,-0.013,0.000,0.000,0.000,0.000,0.0,0.0,0.0218,0.0012,1.06,0.0069,0.0033,1.28,0.0009,0.74,
21.051,1,DRIVE,5.650,0.300,-0.040,-0.012,0.000,0.000,0.000,0.000,0.0,0.0,0.0220,0.0011,1.04,0.0069,0.0033,1.28,0.0008,0.72,
21.102,1,DRIVE,5.701,0.300,-0.040,-0.013,0.000,0.000,0.000,0.000,0.0,0.0,0.0222,0.0012,1.08,0.0069,0.0033,1.29,0.0009,0.76,
21.154,1,DRIVE,5.753,0.300,-0.040,-0.016,0.000,0.000,0.000,0.000,0.0,0.0,0.0229,0.0015,1.24,0.0070,0.0033,1.28,0.0012,0.92,
21.201,1,DRIVE,5.801,0.300,-0.040,-0.011,0.000,0.000,0.000,0.000,0.0,0.0,0.0213,0.0010,0.96,0.0069,0.0033,1.27,0.0007,0.64,
21.251,1,DRIVE,5.850,0.300,-0.040,-0.010,0.000,0.000,0.000,0.000,0.0,0.0,0.0212,0.0008,0.89,0.0070,0.0033,1.29,0.0005,0.57,
21.302,1,DRIVE,5.901,0.300,-0.040,-0.013,0.000,0.000,0.000,0.000,0.0,0.0,0.0220,0.0012,1.06,0.0069,0.0033,1.28,0.0008,0.74,
21.352,1,DRIVE,5.951,0.300,-0.040,-0.011,0.000,0.000,0.000,0.000,0.0,0.0,0.0217,0.0009,0.93,0.0070,0.0033,1.28,0.0006,0.61,
21.404,1,DRIVE,6.003,0.300,-0.040,-0.013,0.000,0.000,0.000,0.000,0.0,0.0,0.0220,0.0012,1.06,0.0069,0.0033,1.29,0.0008,0.74,
21.451,1,DRIVE,6.051,0.300,-0.040,-0.013,0.000,0.000,0.000,0.000,0.0,0.0,0.0218,0.0012,1.07,0.0070,0.0033,1.27,0.0009,0.75,
21.501,1,DRIVE,6.101,0.300,-0.040,-0.012,0.000,0.000,0.000,0.000,0.0,0.0,0.0220,0.0011,1.03,0.0069,0.0033,1.28,0.0008,0.71,
21.551,1,DRIVE,6.150,0.300,-0.040,-0.013,0.000,0.000,0.000,0.000,0.0,0.0,0.0220,0.0012,1.07,0.0069,0.0033,1.29,0.0009,0.75,
21.601,1,DRIVE,6.201,0.300,-0.040,-0.013,0.000,0.000,0.000,0.000,0.0,0.0,0.0221,0.0012,1.05,0.0069,0.0033,1.28,0.0008,0.73,
21.654,1,DRIVE,6.253,0.300,-0.040,-0.011,0.000,0.000,0.000,0.000,0.0,0.0,0.0217,0.0010,0.97,0.0070,0.0033,1.28,0.0007,0.65,
21.701,1,DRIVE,6.300,0.300,-0.040,-0.012,0.000,0.000,0.000,0.000,0.0,0.0,0.0217,0.0011,1.03,0.0069,0.0033,1.26,0.0008,0.70,
21.752,1,DRIVE,6.351,0.300,-0.040,-0.011,0.000,0.000,0.000,0.000,0.0,0.0,0.0216,0.0010,0.97,0.0070,0.0033,1.29,0.0007,0.65,
21.801,1,DRIVE,6.400,0.300,-0.040,-0.011,0.000,0.000,0.000,0.000,0.0,0.0,0.0213,0.0009,0.93,0.0069,0.0033,1.29,0.0006,0.61,
21.852,1,DRIVE,6.451,0.300,-0.040,-0.013,0.000,0.000,0.000,0.000,0.0,0.0,0.0223,0.0012,1.07,0.0070,0.0033,1.28,0.0008,0.74,
21.903,1,DRIVE,6.502,0.300,-0.040,-0.010,0.000,0.000,0.000,0.000,0.0,0.0,0.0211,0.0009,0.89,0.0069,0.0033,1.27,0.0005,0.56,
21.952,1,DRIVE,6.551,0.300,-0.040,-0.010,0.000,0.000,0.000,0.000,0.0,0.0,0.0215,0.0008,0.89,0.0070,0.0033,1.28,0.0005,0.57,
22.001,1,DRIVE,6.600,0.300,-0.040,-0.013,0.000,0.000,0.000,0.000,0.0,0.0,0.0218,0.0012,1.05,0.0070,0.0033,1.27,0.0009,0.73,
22.052,1,DRIVE,6.651,0.300,-0.040,-0.010,0.000,0.000,0.000,0.000,0.0,0.0,0.0213,0.0008,0.87,0.0070,0.0033,1.30,0.0004,0.55,
22.102,1,DRIVE,6.702,0.300,-0.040,-0.009,0.000,0.000,0.000,0.000,0.0,0.0,0.0210,0.0007,0.83,0.0069,0.0033,1.28,0.0003,0.50,
22.153,1,DRIVE,6.753,0.300,-0.040,-0.013,0.000,0.000,0.000,0.000,0.0,0.0,0.0217,0.0013,1.09,0.0070,0.0033,1.28,0.0009,0.77,
22.202,1,DRIVE,6.801,0.300,-0.040,-0.013,0.000,0.000,0.000,0.000,0.0,0.0,0.0220,0.0012,1.06,0.0069,0.0033,1.30,0.0009,0.74,
22.251,1,DRIVE,6.850,0.300,-0.040,-0.013,0.000,0.000,0.000,0.000,0.0,0.0,0.0219,0.0011,1.04,0.0070,0.0033,1.28,0.0008,0.72,
22.303,1,DRIVE,6.902,0.300,-0.040,-0.010,0.000,0.000,0.000,0.000,0.0,0.0,0.0217,0.0008,0.88,0.0069,0.0033,1.29,0.0004,0.56,
22.352,1,DRIVE,6.951,0.300,-0.040,-0.010,0.000,0.000,0.000,0.000,0.0,0.0,0.0209,0.0009,0.90,0.0070,0.0033,1.29,0.0006,0.58,
22.404,1,DRIVE,7.003,0.300,-0.040,-0.011,0.000,0.000,0.000,0.000,0.0,0.0,0.0215,0.0009,0.93,0.0069,0.0033,1.28,0.0006,0.61,
22.451,1,DRIVE,7.050,0.300,-0.040,-0.008,0.000,0.000,0.000,0.000,0.0,0.0,0.0206,0.0006,0.78,0.0070,0.0033,1.27,0.0003,0.46,
22.501,1,DRIVE,7.100,0.300,-0.040,-0.011,0.000,0.000,0.000,0.000,0.0,0.0,0.0215,0.0010,0.96,0.0069,0.0033,1.28,0.0007,0.64,
22.552,1,DRIVE,7.151,0.300,-0.040,-0.011,0.000,0.000,0.000,0.000,0.0,0.0,0.0217,0.0009,0.93,0.0070,0.0033,1.28,0.0006,0.61,
22.601,1,DRIVE,7.200,0.300,-0.040,-0.013,0.000,0.000,0.000,0.000,0.0,0.0,0.0218,0.0012,1.06,0.0069,0.0033,1.29,0.0009,0.74,
22.655,1,DRIVE,7.254,0.300,-0.040,-0.013,0.000,0.000,0.000,0.000,0.0,0.0,0.0224,0.0011,1.04,0.0070,0.0033,1.29,0.0007,0.72,
22.701,1,DRIVE,7.300,0.300,-0.040,-0.011,0.000,0.000,0.000,0.000,0.0,0.0,0.0210,0.0010,0.93,0.0069,0.0033,1.27,0.0006,0.61,
22.753,1,DRIVE,7.352,0.300,-0.040,-0.011,0.000,0.000,0.000,0.000,0.0,0.0,0.0218,0.0009,0.93,0.0070,0.0033,1.28,0.0005,0.61,
22.802,1,DRIVE,7.401,0.300,-0.040,-0.010,0.000,0.000,0.000,0.000,0.0,0.0,0.0209,0.0008,0.87,0.0069,0.0033,1.28,0.0005,0.55,
22.851,1,DRIVE,7.450,0.300,-0.040,-0.010,0.000,0.000,0.000,0.000,0.0,0.0,0.0211,0.0008,0.89,0.0070,0.0033,1.28,0.0005,0.57,
22.904,1,DRIVE,7.503,0.300,-0.040,-0.009,0.000,0.000,0.000,0.000,0.0,0.0,0.0212,0.0007,0.83,0.0069,0.0033,1.28,0.0003,0.51,
22.952,1,DRIVE,7.551,0.300,-0.040,-0.012,0.000,0.000,0.000,0.000,0.0,0.0,0.0217,0.0010,0.99,0.0070,0.0033,1.27,0.0007,0.67,
23.002,1,DRIVE,7.601,0.300,-0.040,-0.010,0.000,0.000,0.000,0.000,0.0,0.0,0.0212,0.0008,0.89,0.0069,0.0033,1.27,0.0005,0.57,
23.051,1,DRIVE,7.650,0.300,-0.040,-0.010,0.000,0.000,0.000,0.000,0.0,0.0,0.0212,0.0008,0.89,0.0070,0.0033,1.28,0.0005,0.57,
23.101,1,DRIVE,7.700,0.300,-0.040,-0.009,0.000,0.000,0.000,0.000,0.0,0.0,0.0210,0.0007,0.83,0.0069,0.0033,1.27,0.0004,0.51,
23.153,1,DRIVE,7.752,0.300,-0.040,-0.012,0.000,0.000,0.000,0.000,0.0,0.0,0.0219,0.0011,1.03,0.0070,0.0033,1.27,0.0008,0.71,
23.202,1,DRIVE,7.801,0.300,-0.040,-0.012,0.000,0.000,0.000,0.000,0.0,0.0,0.0217,0.0011,0.99,0.0069,0.0033,1.29,0.0007,0.67,
23.252,1,DRIVE,7.851,0.300,-0.040,-0.009,0.000,0.000,0.000,0.000,0.0,0.0,0.0210,0.0007,0.83,0.0070,0.0033,1.29,0.0004,0.51,
23.303,1,DRIVE,7.902,0.300,-0.040,-0.013,0.000,0.000,0.000,0.000,0.0,0.0,0.0223,0.0011,1.05,0.0069,0.0033,1.28,0.0008,0.73,
23.352,1,DRIVE,7.951,0.300,-0.040,-0.011,0.000,0.000,0.000,0.000,0.0,0.0,0.0213,0.0010,0.97,0.0070,0.0033,1.28,0.0007,0.65,
23.403,1,DRIVE,8.002,0.300,-0.040,-0.012,0.000,0.000,0.000,0.000,0.0,0.0,0.0217,0.0011,1.03,0.0069,0.0033,1.28,0.0008,0.71,
23.451,1,DRIVE,8.050,0.300,-0.040,-0.010,0.000,0.000,0.000,0.000,0.0,0.0,0.0213,0.0008,0.89,0.0070,0.0033,1.27,0.0005,0.57,
23.502,1,DRIVE,8.101,0.300,-0.040,-0.013,0.000,0.000,0.000,0.000,0.0,0.0,0.0222,0.0012,1.06,0.0069,0.0033,1.28,0.0008,0.74,
23.553,1,DRIVE,8.152,0.300,-0.040,-0.011,0.000,0.000,0.000,0.000,0.0,0.0,0.0219,0.0009,0.94,0.0070,0.0033,1.29,0.0005,0.61,
23.602,1,DRIVE,8.201,0.300,-0.040,-0.009,0.000,0.000,0.000,0.000,0.0,0.0,0.0208,0.0007,0.83,0.0070,0.0033,1.29,0.0004,0.51,
23.657,1,DRIVE,8.257,0.300,-0.040,-0.010,0.000,0.000,0.000,0.000,0.0,0.0,0.0213,0.0008,0.87,0.0070,0.0033,1.29,0.0004,0.55,
23.702,1,DRIVE,8.301,0.300,-0.040,-0.011,0.000,0.000,0.000,0.000,0.0,0.0,0.0214,0.0010,0.96,0.0069,0.0033,1.27,0.0007,0.64,
23.752,1,DRIVE,8.351,0.300,-0.040,-0.013,0.000,0.000,0.000,0.000,0.0,0.0,0.0219,0.0013,1.09,0.0070,0.0033,1.28,0.0009,0.77,
23.802,1,DRIVE,8.401,0.300,-0.040,-0.008,0.000,0.000,0.000,0.000,0.0,0.0,0.0208,0.0006,0.78,0.0069,0.0033,1.28,0.0002,0.46,
23.851,1,DRIVE,8.450,0.300,-0.040,-0.011,0.000,0.000,0.000,0.000,0.0,0.0,0.0212,0.0009,0.93,0.0070,0.0033,1.28,0.0006,0.61,
23.903,1,DRIVE,8.502,0.300,-0.040,-0.011,0.000,0.000,0.000,0.000,0.0,0.0,0.0215,0.0010,0.96,0.0069,0.0033,1.28,0.0007,0.64,
23.951,1,DRIVE,8.550,0.300,-0.040,-0.010,0.000,0.000,0.000,0.000,0.0,0.0,0.0214,0.0008,0.89,0.0070,0.0033,1.28,0.0005,0.57,
24.001,1,DRIVE,8.600,0.300,-0.040,-0.012,0.000,0.000,0.000,0.000,0.0,0.0,0.0216,0.0011,0.99,0.0070,0.0033,1.30,0.0007,0.67,
24.051,1,DRIVE,8.650,0.300,-0.040,-0.010,0.000,0.000,0.000,0.000,0.0,0.0,0.0213,0.0008,0.89,0.0070,0.0033,1.28,0.0005,0.57,
24.102,1,DRIVE,8.701,0.300,-0.040,-0.008,0.000,0.000,0.000,0.000,0.0,0.0,0.0210,0.0005,0.77,0.0069,0.0033,1.28,0.0002,0.45,
24.154,1,DRIVE,8.753,0.300,-0.040,-0.011,0.000,0.000,0.000,0.000,0.0,0.0,0.0215,0.0009,0.93,0.0070,0.0033,1.28,0.0006,0.61,
24.202,1,DRIVE,8.801,0.300,-0.040,-0.013,0.000,0.000,0.000,0.000,0.0,0.0,0.0218,0.0013,1.08,0.0070,0.0033,1.30,0.0009,0.76,
24.252,1,DRIVE,8.851,0.300,-0.040,-0.010,0.000,0.000,0.000,0.000,0.0,0.0,0.0214,0.0008,0.89,0.0070,0.0033,1.28,0.0005,0.57,
24.301,1,DRIVE,8.900,0.300,-0.040,-0.012,0.000,0.000,0.000,0.000,0.0,0.0,0.0218,0.0011,1.03,0.0069,0.0033,1.28,0.0008,0.71,
24.351,1,DRIVE,8.950,0.300,-0.040,-0.014,0.000,0.000,0.000,0.000,0.0,0.0,0.0220,0.0013,1.10,0.0070,0.0033,1.28,0.0010,0.78,
24.404,1,DRIVE,9.003,0.300,-0.040,-0.010,0.000,0.000,0.000,0.000,0.0,0.0,0.0216,0.0008,0.89,0.0069,0.0033,1.28,0.0005,0.57,
24.451,1,DRIVE,9.050,0.300,-0.040,-0.013,0.000,0.000,0.000,0.000,0.0,0.0,0.0217,0.0012,1.06,0.0070,0.0033,1.29,0.0009,0.74,
24.502,1,DRIVE,9.101,0.300,-0.040,-0.008,0.000,0.000,0.000,0.000,0.0,0.0,0.0210,0.0005,0.78,0.0069,0.0033,1.28,0.0002,0.46,
24.551,1,DRIVE,9.151,0.300,-0.040,-0.009,0.000,0.000,0.000,0.000,0.0,0.0,0.0208,0.0007,0.83,0.0070,0.0033,1.28,0.0004,0.51,
24.602,1,DRIVE,9.201,0.300,-0.040,-0.012,0.000,0.000,0.000,0.000,0.0,0.0,0.0217,0.0010,0.99,0.0070,0.0033,1.30,0.0007,0.67,
24.653,1,DRIVE,9.252,0.300,-0.040,-0.008,0.000,0.000,0.000,0.000,0.0,0.0,0.0207,0.0006,0.78,0.0070,0.0033,1.28,0.0002,0.46,
24.702,1,DRIVE,9.301,0.300,-0.040,-0.008,0.000,0.000,0.000,0.000,0.0,0.0,0.0210,0.0005,0.78,0.0069,0.0033,1.28,0.0002,0.46,
24.752,1,DRIVE,9.351,0.300,-0.040,-0.009,0.000,0.000,0.000,0.000,0.0,0.0,0.0209,0.0007,0.84,0.0070,0.0033,1.29,0.0004,0.52,
24.801,1,DRIVE,9.400,0.300,-0.040,-0.011,0.000,0.000,0.000,0.000,0.0,0.0,0.0212,0.0010,0.97,0.0069,0.0033,1.29,0.0007,0.64,
24.851,1,DRIVE,9.450,0.300,-0.040,-0.011,0.000,0.000,0.000,0.000,0.0,0.0,0.0214,0.0009,0.93,0.0070,0.0033,1.28,0.0006,0.61,
24.903,1,DRIVE,9.502,0.300,-0.040,-0.008,0.000,0.000,0.000,0.000,0.0,0.0,0.0208,0.0006,0.78,0.0069,0.0033,1.29,0.0002,0.46,
24.951,1,DRIVE,9.550,0.300,-0.040,-0.011,0.000,0.000,0.000,0.000,0.0,0.0,0.0215,0.0009,0.94,0.0070,0.0033,1.29,0.0006,0.62,
25.001,1,DRIVE,9.600,0.300,-0.040,-0.016,0.000,0.000,0.000,0.000,0.0,0.0,0.0226,0.0015,1.23,0.0069,0.0033,1.28,0.0012,0.90,
25.052,1,DRIVE,9.651,0.300,-0.040,-0.012,0.000,0.000,0.000,0.000,0.0,0.0,0.0218,0.0011,0.99,0.0070,0.0033,1.29,0.0007,0.67,
25.101,1,DRIVE,9.700,0.300,-0.040,-0.011,0.000,0.000,0.000,0.000,0.0,0.0,0.0213,0.0009,0.93,0.0070,0.0033,1.30,0.0006,0.61,
25.153,1,DRIVE,9.752,0.300,-0.040,-0.010,0.000,0.000,0.000,0.000,0.0,0.0,0.0214,0.0008,0.89,0.0070,0.0033,1.27,0.0005,0.57,
25.202,1,DRIVE,9.801,0.300,-0.040,-0.011,0.000,0.000,0.000,0.000,0.0,0.0,0.0216,0.0009,0.93,0.0070,0.0033,1.29,0.0006,0.61,
25.252,1,DRIVE,9.851,0.300,-0.040,-0.011,0.000,0.000,0.000,0.000,0.0,0.0,0.0215,0.0010,0.97,0.0070,0.0033,1.28,0.0007,0.65,
25.301,1,DRIVE,9.901,0.300,-0.040,-0.012,0.000,0.000,0.000,0.000,0.0,0.0,0.0219,0.0011,1.03,0.0070,0.0033,1.28,0.0008,0.71,
25.352,1,DRIVE,9.951,0.300,-0.040,-0.013,0.000,0.000,0.000,0.000,0.0,0.0,0.0221,0.0012,1.06,0.0070,0.0033,1.27,0.0008,0.74,
25.403,1,DRIVE,10.003,0.000,0.000,0.000,0.000,0.000,0.000,0.000,0.0,0.0,0.0215,0.0010,0.96,0.0069,0.0033,1.29,0.0007,0.64,FIN_DRIVE_leg1_TIMEOUT_10.0s
25.404,1,STOP_BEFORE_SPIN,0.000,0.000,0.000,0.000,0.000,0.000,0.000,0.000,0.0,0.0,0.0215,0.0010,0.96,0.0069,0.0033,1.29,0.0007,0.64,
25.451,1,STOP_BEFORE_SPIN,0.047,0.000,0.000,0.000,0.000,0.000,0.000,0.000,0.0,0.0,0.0063,0.0026,0.92,0.0070,0.0033,1.28,0.0023,0.60,
25.502,1,STOP_BEFORE_SPIN,0.098,0.000,0.000,0.000,0.000,0.000,0.000,0.000,0.0,0.0,0.0060,0.0027,0.94,0.0070,0.0033,1.27,0.0024,0.62,
25.552,1,STOP_BEFORE_SPIN,0.149,0.000,0.000,0.000,0.000,0.000,0.000,0.000,0.0,0.0,0.0057,0.0026,0.91,0.0070,0.0033,1.26,0.0024,0.59,
25.602,1,STOP_BEFORE_SPIN,0.198,0.000,0.000,0.000,0.000,0.000,0.000,0.000,0.0,0.0,0.0064,0.0030,1.09,0.0070,0.0032,1.26,0.0027,0.77,
25.651,1,STOP_BEFORE_SPIN,0.248,0.000,0.000,0.000,0.000,0.000,0.000,0.000,0.0,0.0,0.0054,0.0025,0.86,0.0070,0.0033,1.25,0.0023,0.54,
25.701,1,STOP_BEFORE_SPIN,0.298,0.000,0.000,0.000,0.000,0.000,0.000,0.000,0.0,0.0,0.0058,0.0027,0.94,0.0070,0.0033,1.28,0.0025,0.62,
25.751,1,STOP_BEFORE_SPIN,0.348,0.000,0.000,0.000,0.000,0.000,0.000,0.000,0.0,0.0,0.0063,0.0030,1.08,0.0070,0.0033,1.25,0.0027,0.75,
25.801,1,STOP_BEFORE_SPIN,0.398,0.000,0.000,0.000,0.000,0.000,0.000,0.000,0.0,0.0,0.0054,0.0025,0.85,0.0070,0.0033,1.27,0.0023,0.53,
25.851,1,STOP_BEFORE_SPIN,0.448,0.000,0.000,0.000,0.000,0.000,0.000,0.000,0.0,0.0,0.0063,0.0030,1.07,0.0070,0.0033,1.26,0.0027,0.75,
25.901,1,STOP_BEFORE_SPIN,0.498,0.000,0.000,0.000,0.000,0.000,0.000,0.000,0.0,0.0,0.0063,0.0029,1.05,0.0070,0.0033,1.26,0.0027,0.73,
25.951,1,STOP_BEFORE_SPIN,0.548,0.000,0.000,0.000,0.000,0.000,0.000,0.000,0.0,0.0,0.0064,0.0030,1.08,0.0070,0.0033,1.26,0.0027,0.76,
26.001,1,STOP_BEFORE_SPIN,0.598,0.000,0.000,0.000,0.000,0.000,0.000,0.000,0.0,0.0,0.0059,0.0027,0.95,0.0070,0.0033,1.27,0.0025,0.63,
26.051,1,STOP_BEFORE_SPIN,0.648,0.000,0.000,0.000,0.000,0.000,0.000,0.000,0.0,0.0,0.0054,0.0025,0.85,0.0070,0.0032,1.25,0.0023,0.53,
26.101,1,STOP_BEFORE_SPIN,0.698,0.000,0.000,0.000,0.000,0.000,0.000,0.000,0.0,0.0,0.0056,0.0026,0.89,0.0070,0.0033,1.26,0.0024,0.57,
26.153,1,STOP_BEFORE_SPIN,0.749,0.000,0.000,0.000,0.000,0.000,0.000,0.000,0.0,0.0,0.0060,0.0028,0.98,0.0070,0.0033,1.26,0.0025,0.66,
26.202,1,STOP_BEFORE_SPIN,0.798,0.000,0.000,0.000,0.000,0.000,0.000,0.000,0.0,0.0,0.0064,0.0030,1.08,0.0070,0.0033,1.28,0.0027,0.75,
26.252,1,STOP_BEFORE_SPIN,0.848,0.000,0.000,0.000,0.000,0.000,0.000,0.000,0.0,0.0,0.0064,0.0030,1.09,0.0070,0.0033,1.26,0.0027,0.77,
26.301,1,STOP_BEFORE_SPIN,0.898,0.000,0.000,0.000,0.000,0.000,0.000,0.000,0.0,0.0,0.0059,0.0027,0.95,0.0070,0.0033,1.26,0.0025,0.63,
26.352,1,STOP_BEFORE_SPIN,0.949,0.000,0.000,0.000,0.000,0.000,0.000,0.000,0.0,0.0,0.0062,0.0029,1.05,0.0070,0.0033,1.26,0.0027,0.73,
26.402,1,STOP_BEFORE_SPIN,0.999,0.000,0.000,0.000,0.000,0.000,0.000,0.000,0.0,0.0,0.0064,0.0030,1.09,0.0070,0.0033,1.26,0.0027,0.77,
26.453,1,STOP_BEFORE_SPIN,1.050,0.000,0.000,0.000,0.000,0.000,0.000,0.000,0.0,0.0,0.0064,0.0030,1.08,0.0070,0.0032,1.25,0.0027,0.76,INICIO_DRIFT_leg1
26.454,1,DRIFT,0.001,0.000,0.000,0.000,0.000,0.000,0.000,0.000,0.0,0.0,0.0064,0.0030,1.08,0.0070,0.0032,1.25,0.0026,0.00,
26.501,1,DRIFT,0.048,0.000,-0.000,1.000,0.000,0.000,0.000,0.000,0.0,0.0,0.0064,0.0030,1.07,0.0070,0.0033,1.26,0.0026,-0.01,
26.551,1,DRIFT,0.098,0.000,-0.000,1.000,0.000,0.000,0.000,0.000,0.0,0.0,0.0064,0.0030,3.93,0.0070,0.0032,1.25,0.0026,2.85,
26.602,1,DRIFT,0.148,0.000,-0.000,1.000,0.000,0.000,0.000,0.000,0.0,0.0,0.0063,0.0029,4.16,0.0070,0.0032,1.26,0.0026,3.08,
26.652,1,DRIFT,0.198,0.000,-0.000,1.000,0.000,0.000,0.000,0.000,0.0,0.0,0.0054,0.0025,3.93,0.0070,0.0033,1.25,0.0022,2.85,
26.701,1,DRIFT,0.248,0.000,-0.000,1.000,0.000,0.000,0.000,0.000,0.0,0.0,0.0060,0.0028,3.96,0.0070,0.0033,1.27,0.0024,2.88,
26.753,1,DRIFT,0.299,0.000,-0.000,1.000,0.000,0.000,0.000,0.000,0.0,0.0,0.0057,0.0026,3.96,0.0070,0.0033,1.26,0.0023,2.88,
26.801,1,DRIFT,0.348,0.000,-0.000,1.000,0.000,0.000,0.000,0.000,0.0,0.0,0.0063,0.0029,4.12,0.0070,0.0032,1.25,0.0026,3.04,
26.852,1,DRIFT,0.398,0.000,-0.000,1.000,0.000,0.000,0.000,0.000,0.0,0.0,0.0065,0.0030,4.16,0.0070,0.0033,1.25,0.0027,3.08,
26.901,1,DRIFT,0.448,0.000,-0.000,1.000,0.000,0.000,0.000,0.000,0.0,0.0,0.0064,0.0030,4.11,0.0070,0.0033,1.26,0.0026,3.03,
26.952,1,DRIFT,0.498,0.000,-0.000,1.000,0.000,0.000,0.000,0.000,0.0,0.0,0.0057,0.0026,4.01,0.0070,0.0033,1.25,0.0023,2.93,
27.004,1,DRIFT,0.550,0.000,-0.000,1.000,0.000,0.000,0.000,0.000,0.0,0.0,0.0064,0.0030,4.14,0.0070,0.0033,1.26,0.0026,3.06,
27.051,1,DRIFT,0.598,0.000,-0.000,1.000,0.000,0.000,0.000,0.000,0.0,0.0,0.0058,0.0027,3.96,0.0068,0.0033,1.43,0.0024,2.88,
27.101,1,DRIFT,0.648,0.000,-0.000,1.000,0.000,0.000,0.000,0.000,0.0,0.0,0.0058,0.0030,4.34,0.0062,0.0033,1.62,0.0027,3.26,
27.152,1,DRIFT,0.698,0.000,-0.000,1.000,0.000,0.000,0.000,0.000,0.0,0.0,0.0056,0.0030,4.49,0.0061,0.0033,1.63,0.0027,3.41,
27.201,1,DRIFT,0.748,0.000,-0.000,1.000,0.000,0.000,0.000,0.000,0.0,0.0,0.0051,0.0028,4.25,0.0061,0.0033,1.64,0.0024,3.17,
27.254,1,DRIFT,0.801,0.000,-0.000,1.000,0.000,0.000,0.000,0.000,0.0,0.0,0.0054,0.0029,4.45,0.0061,0.0033,1.65,0.0026,3.37,
27.302,1,DRIFT,0.848,0.000,-0.000,1.000,0.000,0.000,0.000,0.000,0.0,0.0,0.0051,0.0028,4.29,0.0061,0.0033,1.65,0.0024,3.21,
27.352,1,DRIFT,0.898,0.000,-0.000,1.000,0.000,0.000,0.000,0.000,0.0,0.0,0.0056,0.0030,4.45,0.0061,0.0033,1.64,0.0027,3.38,
27.401,1,DRIFT,0.948,0.000,-0.000,1.000,0.000,0.000,0.000,0.000,0.0,0.0,0.0053,0.0029,4.43,0.0061,0.0033,1.64,0.0026,3.35,
27.451,1,DRIFT,0.998,0.000,-0.000,1.000,0.000,0.000,0.000,0.000,0.0,0.0,0.0056,0.0030,4.48,0.0061,0.0033,1.63,0.0027,3.40,
27.503,1,DRIFT,1.049,0.000,-0.000,1.000,0.000,0.000,0.000,0.000,0.0,0.0,0.0056,0.0030,4.44,0.0061,0.0033,1.66,0.0027,3.36,
27.551,1,DRIFT,1.098,0.000,-0.000,1.000,0.000,0.000,0.000,0.000,0.0,0.0,0.0051,0.0028,4.28,0.0061,0.0033,1.64,0.0025,3.20,
27.601,1,DRIFT,1.148,0.000,-0.000,1.000,0.000,0.000,0.000,0.000,0.0,0.0,0.0054,0.0029,4.45,0.0061,0.0033,1.66,0.0026,3.37,
27.651,1,DRIFT,1.198,0.000,-0.000,1.000,0.000,0.000,0.000,0.000,0.0,0.0,0.0056,0.0030,4.47,0.0061,0.0033,1.65,0.0027,3.39,
27.702,1,DRIFT,1.248,0.000,-0.000,1.000,0.000,0.000,0.000,0.000,0.0,0.0,0.0050,0.0027,4.25,0.0061,0.0033,1.67,0.0024,3.17,
27.753,1,DRIFT,1.299,0.000,-0.000,1.000,0.000,0.000,0.000,0.000,0.0,0.0,0.0045,0.0025,4.04,0.0061,0.0033,1.66,0.0022,2.96,
27.802,1,DRIFT,1.348,0.000,-0.000,1.000,0.000,0.000,0.000,0.000,0.0,0.0,0.0051,0.0028,4.30,0.0061,0.0033,1.66,0.0025,3.22,
27.851,1,DRIFT,1.398,0.000,-0.000,1.000,0.000,0.000,0.000,0.000,0.0,0.0,0.0054,0.0030,4.43,0.0061,0.0033,1.66,0.0027,3.35,
27.902,1,DRIFT,1.449,0.000,-0.000,1.000,0.000,0.000,0.000,0.000,0.0,0.0,0.0057,0.0031,4.56,0.0061,0.0034,1.69,0.0028,3.48,
27.951,1,DRIFT,1.498,0.000,-0.000,1.000,0.000,0.000,0.000,0.000,0.0,0.0,0.0055,0.0030,4.44,0.0061,0.0034,1.68,0.0027,3.36,
28.003,1,DRIFT,1.550,0.000,-0.000,1.000,0.000,0.000,0.000,0.000,0.0,0.0,0.0054,0.0030,4.49,0.0061,0.0034,1.70,0.0027,3.41,
28.052,1,DRIFT,1.599,0.000,-0.000,1.000,0.000,0.000,0.000,0.000,0.0,0.0,0.0057,0.0031,4.55,0.0061,0.0034,1.70,0.0028,3.47,
28.101,1,DRIFT,1.648,0.000,-0.000,1.000,0.000,0.000,0.000,0.000,0.0,0.0,0.0054,0.0030,4.47,0.0061,0.0034,1.71,0.0027,3.39,
28.152,1,DRIFT,1.699,0.000,-0.000,1.000,0.000,0.000,0.000,0.000,0.0,0.0,0.0061,0.0034,4.83,0.0061,0.0034,1.70,0.0031,3.75,
28.201,1,DRIFT,1.748,0.000,-0.000,1.000,0.000,0.000,0.000,0.000,0.0,0.0,0.0050,0.0028,4.24,0.0061,0.0034,1.71,0.0025,3.16,
28.253,1,DRIFT,1.800,0.000,-0.000,1.000,0.000,0.000,0.000,0.000,0.0,0.0,0.0056,0.0031,4.51,0.0061,0.0034,1.70,0.0028,3.43,
28.301,1,DRIFT,1.848,0.000,-0.000,1.000,0.000,0.000,0.000,0.000,0.0,0.0,0.0055,0.0030,4.50,0.0061,0.0034,1.71,0.0027,3.42,
28.351,1,DRIFT,1.898,0.000,-0.000,1.000,0.000,0.000,0.000,0.000,0.0,0.0,0.0053,0.0030,4.38,0.0061,0.0034,1.70,0.0027,3.30,
28.401,1,DRIFT,1.948,0.000,-0.000,1.000,0.000,0.000,0.000,0.000,0.0,0.0,0.0054,0.0030,4.50,0.0061,0.0034,1.71,0.0027,3.42,
28.451,1,DRIFT,1.998,0.000,-0.000,1.000,0.000,0.000,0.000,0.000,0.0,0.0,0.0056,0.0031,4.53,0.0061,0.0034,1.72,0.0028,3.45,
28.503,1,DRIFT,2.049,0.000,-0.000,1.000,0.000,0.000,0.000,0.000,0.0,0.0,0.0055,0.0031,4.53,0.0061,0.0034,1.74,0.0027,3.45,
28.551,1,DRIFT,2.098,0.000,-0.000,1.000,0.000,0.000,0.000,0.000,0.0,0.0,0.0051,0.0029,4.33,0.0061,0.0034,1.72,0.0026,3.25,
28.602,1,DRIFT,2.149,0.000,-0.000,1.000,0.000,0.000,0.000,0.000,0.0,0.0,0.0056,0.0032,4.59,0.0061,0.0034,1.74,0.0028,3.52,
28.651,1,DRIFT,2.198,0.000,-0.000,1.000,0.000,0.000,0.000,0.000,0.0,0.0,0.0056,0.0031,4.48,0.0061,0.0034,1.73,0.0028,3.40,
28.702,1,DRIFT,2.249,0.000,-0.000,1.000,0.000,0.000,0.000,0.000,0.0,0.0,0.0056,0.0031,4.60,0.0061,0.0034,1.75,0.0028,3.52,
28.754,1,DRIFT,2.300,0.000,-0.000,1.000,0.000,0.000,0.000,0.000,0.0,0.0,0.0057,0.0032,4.54,0.0061,0.0034,1.72,0.0028,3.46,
28.801,1,DRIFT,2.348,0.000,-0.000,1.000,0.000,0.000,0.000,0.000,0.0,0.0,0.0055,0.0031,4.47,0.0061,0.0034,1.74,0.0028,3.39,
28.851,1,DRIFT,2.398,0.000,-0.000,1.000,0.000,0.000,0.000,0.000,0.0,0.0,0.0055,0.0031,4.53,0.0061,0.0034,1.72,0.0028,3.45,
28.901,1,DRIFT,2.448,0.000,-0.000,1.000,0.000,0.000,0.000,0.000,0.0,0.0,0.0057,0.0032,4.54,0.0061,0.0034,1.75,0.0029,3.46,
28.953,2,DRIFT,2.499,0.000,0.000,0.000,0.000,0.000,0.000,0.000,0.0,0.0,0.0050,0.0028,4.31,0.0061,0.0034,1.72,0.0025,3.23,FIN_DRIFT_leg1_TIMEOUT_2.5s_2.50s
28.955,2,STOP_BEFORE_DRIVE,0.000,0.000,0.000,0.000,0.000,0.000,0.000,0.000,0.0,0.0,0.0050,0.0028,4.31,0.0061,0.0034,1.72,0.0025,3.23,
29.001,2,STOP_BEFORE_DRIVE,0.047,0.000,0.000,0.000,0.000,0.000,0.000,0.000,0.0,0.0,0.0055,0.0031,1.65,0.0061,0.0034,1.73,0.0027,0.57,
29.052,2,STOP_BEFORE_DRIVE,0.097,0.000,0.000,0.000,0.000,0.000,0.000,0.000,0.0,0.0,0.0054,0.0030,1.49,0.0061,0.0034,1.73,0.0027,0.41,
29.102,2,STOP_BEFORE_DRIVE,0.148,0.000,0.000,0.000,0.000,0.000,0.000,0.000,0.0,0.0,0.0050,0.0028,1.25,0.0061,0.0035,1.74,0.0025,0.17,
29.151,2,STOP_BEFORE_DRIVE,0.197,0.000,0.000,0.000,0.000,0.000,0.000,0.000,0.0,0.0,0.0055,0.0031,1.43,0.0061,0.0034,1.71,0.0027,0.35,
29.202,2,STOP_BEFORE_DRIVE,0.248,0.000,0.000,0.000,0.000,0.000,0.000,0.000,0.0,0.0,0.0052,0.0029,1.35,0.0061,0.0034,1.73,0.0026,0.27,
29.251,2,STOP_BEFORE_DRIVE,0.297,0.000,0.000,0.000,0.000,0.000,0.000,0.000,0.0,0.0,0.0056,0.0031,1.46,0.0062,0.0034,1.72,0.0028,0.38,
29.301,2,STOP_BEFORE_DRIVE,0.347,0.000,0.000,0.000,0.000,0.000,0.000,0.000,0.0,0.0,0.0056,0.0031,1.47,0.0062,0.0034,1.73,0.0028,0.39,
29.352,2,STOP_BEFORE_DRIVE,0.398,0.000,0.000,0.000,0.000,0.000,0.000,0.000,0.0,0.0,0.0056,0.0031,1.47,0.0062,0.0034,1.71,0.0028,0.39,
29.402,2,STOP_BEFORE_DRIVE,0.448,0.000,0.000,0.000,0.000,0.000,0.000,0.000,0.0,0.0,0.0053,0.0029,1.34,0.0062,0.0034,1.73,0.0026,0.26,
29.451,2,STOP_BEFORE_DRIVE,0.497,0.000,0.000,0.000,0.000,0.000,0.000,0.000,0.0,0.0,0.0055,0.0030,1.42,0.0062,0.0034,1.72,0.0027,0.34,
29.501,2,STOP_BEFORE_DRIVE,0.547,0.000,0.000,0.000,0.000,0.000,0.000,0.000,0.0,0.0,0.0055,0.0031,1.43,0.0062,0.0034,1.72,0.0027,0.35,
29.551,2,STOP_BEFORE_DRIVE,0.597,0.000,0.000,0.000,0.000,0.000,0.000,0.000,0.0,0.0,0.0056,0.0031,1.47,0.0062,0.0034,1.71,0.0028,0.39,
29.601,2,STOP_BEFORE_DRIVE,0.647,0.000,0.000,0.000,0.000,0.000,0.000,0.000,0.0,0.0,0.0053,0.0029,1.34,0.0062,0.0034,1.72,0.0026,0.26,
29.651,2,STOP_BEFORE_DRIVE,0.697,0.000,0.000,0.000,0.000,0.000,0.000,0.000,0.0,0.0,0.0050,0.0028,1.23,0.0062,0.0034,1.72,0.0025,0.15,
29.701,2,STOP_BEFORE_DRIVE,0.747,0.000,0.000,0.000,0.000,0.000,0.000,0.000,0.0,0.0,0.0051,0.0029,1.28,0.0062,0.0034,1.73,0.0025,0.20,
29.751,2,STOP_BEFORE_DRIVE,0.797,0.000,0.000,0.000,0.000,0.000,0.000,0.000,0.0,0.0,0.0050,0.0028,1.23,0.0062,0.0034,1.70,0.0025,0.15,
29.802,2,STOP_BEFORE_DRIVE,0.848,0.000,0.000,0.000,0.000,0.000,0.000,0.000,0.0,0.0,0.0053,0.0030,1.37,0.0062,0.0034,1.73,0.0027,0.29,
29.851,2,STOP_BEFORE_DRIVE,0.897,0.000,0.000,0.000,0.000,0.000,0.000,0.000,0.0,0.0,0.0055,0.0031,1.42,0.0062,0.0034,1.71,0.0027,0.34,
29.902,2,STOP_BEFORE_DRIVE,0.948,0.000,0.000,0.000,0.000,0.000,0.000,0.000,0.0,0.0,0.0056,0.0031,1.46,0.0062,0.0034,1.73,0.0028,0.38,
29.952,2,STOP_BEFORE_DRIVE,0.997,0.000,0.000,0.000,0.000,0.000,0.000,0.000,0.0,0.0,0.0052,0.0029,1.30,0.0062,0.0034,1.71,0.0025,0.22,
30.002,2,DRIVE,0.000,0.000,0.000,0.000,0.000,0.000,0.000,0.000,0.0,0.0,0.0056,0.0031,1.46,0.0062,0.0034,1.73,0.0000,0.00,
30.051,2,DRIVE,0.049,0.300,-0.040,0.003,0.000,0.000,0.000,0.000,0.0,0.0,0.0052,0.0029,1.29,0.0062,0.0034,1.70,-0.0002,-0.16,
30.101,2,DRIVE,0.100,0.300,-0.039,0.003,0.000,0.000,0.000,0.000,0.0,0.0,0.0202,0.0011,1.27,0.0062,0.0034,1.72,-0.0023,-0.19,
30.153,2,DRIVE,0.151,0.300,-0.039,-0.000,0.000,0.000,0.000,0.000,0.0,0.0,0.0217,0.0015,1.46,0.0065,0.0035,1.51,-0.0020,0.00,
30.202,2,DRIVE,0.200,0.300,-0.039,0.005,0.000,0.000,0.000,0.000,0.0,0.0,0.0214,0.0013,1.18,0.0076,0.0037,1.59,-0.0022,-0.28,
30.253,2,DRIVE,0.251,0.300,-0.039,0.004,0.000,0.000,0.000,0.000,0.0,0.0,0.0219,0.0015,1.22,0.0077,0.0038,1.63,-0.0020,-0.24,
30.301,2,DRIVE,0.300,0.300,-0.039,0.004,0.000,0.000,0.000,0.000,0.0,0.0,0.0219,0.0014,1.22,0.0075,0.0038,1.61,-0.0021,-0.24,
30.352,2,DRIVE,0.350,0.300,-0.040,-0.002,0.000,0.000,0.000,0.000,0.0,0.0,0.0237,0.0021,1.59,0.0079,0.0039,1.62,-0.0015,0.14,
30.402,2,DRIVE,0.400,0.300,-0.039,0.003,0.000,0.000,0.000,0.000,0.0,0.0,0.0224,0.0017,1.28,0.0082,0.0040,1.66,-0.0019,-0.18,
30.452,2,DRIVE,0.451,0.300,-0.039,0.004,0.000,0.000,0.000,0.000,0.0,0.0,0.0225,0.0015,1.23,0.0082,0.0040,1.73,-0.0020,-0.23,
30.504,2,DRIVE,0.502,0.300,-0.040,-0.004,0.000,0.000,0.000,0.000,0.0,0.0,0.0239,0.0024,1.70,0.0083,0.0041,1.73,-0.0012,0.24,
30.553,2,DRIVE,0.551,0.300,-0.039,0.002,0.000,0.000,0.000,0.000,0.0,0.0,0.0228,0.0017,1.32,0.0083,0.0041,1.73,-0.0019,-0.14,
30.601,2,DRIVE,0.600,0.300,-0.040,0.001,0.000,0.000,0.000,0.000,0.0,0.0,0.0223,0.0019,1.40,0.0082,0.0041,1.76,-0.0016,-0.06,
30.651,2,DRIVE,0.649,0.300,-0.039,0.004,0.000,0.000,0.000,0.000,0.0,0.0,0.0223,0.0016,1.25,0.0083,0.0040,1.74,-0.0020,-0.20,
30.702,2,DRIVE,0.700,0.300,-0.039,0.005,0.000,0.000,0.000,0.000,0.0,0.0,0.0222,0.0014,1.18,0.0083,0.0041,1.76,-0.0022,-0.28,
30.753,2,DRIVE,0.751,0.300,-0.039,0.004,0.000,0.000,0.000,0.000,0.0,0.0,0.0222,0.0016,1.26,0.0083,0.0040,1.74,-0.0020,-0.20,
30.802,2,DRIVE,0.800,0.300,-0.039,0.001,0.000,0.000,0.000,0.000,0.0,0.0,0.0229,0.0018,1.41,0.0083,0.0041,1.74,-0.0017,-0.05,
30.852,2,DRIVE,0.850,0.300,-0.039,0.002,0.000,0.000,0.000,0.000,0.0,0.0,0.0226,0.0017,1.32,0.0083,0.0041,1.76,-0.0018,-0.13,
30.901,2,DRIVE,0.899,0.300,-0.040,-0.000,0.000,0.000,0.000,0.000,0.0,0.0,0.0230,0.0020,1.46,0.0083,0.0041,1.77,-0.0016,0.00,
30.951,2,DRIVE,0.949,0.300,-0.039,0.003,0.000,0.000,0.000,0.000,0.0,0.0,0.0225,0.0016,1.26,0.0083,0.0041,1.75,-0.0020,-0.19,
31.003,2,DRIVE,1.002,0.300,-0.040,-0.001,0.000,0.000,0.000,0.000,0.0,0.0,0.0235,0.0021,1.53,0.0083,0.0041,1.77,-0.0015,0.08,
31.052,2,DRIVE,1.050,0.300,-0.039,0.004,0.000,0.000,0.000,0.000,0.0,0.0,0.0222,0.0016,1.26,0.0084,0.0041,1.82,-0.0020,-0.20,
31.101,2,DRIVE,1.099,0.300,-0.039,0.002,0.000,0.000,0.000,0.000,0.0,0.0,0.0223,0.0017,1.35,0.0086,0.0042,1.94,-0.0018,-0.10,
31.151,2,DRIVE,1.149,0.300,-0.039,0.002,0.000,0.000,0.000,0.000,0.0,0.0,0.0227,0.0017,1.37,0.0086,0.0042,1.93,-0.0018,-0.09,
31.201,2,DRIVE,1.199,0.300,-0.040,-0.002,0.000,0.000,0.000,0.000,0.0,0.0,0.0235,0.0021,1.59,0.0086,0.0043,1.92,-0.0014,0.14,
31.254,2,DRIVE,1.252,0.300,-0.040,-0.001,0.000,0.000,0.000,0.000,0.0,0.0,0.0233,0.0020,1.54,0.0086,0.0042,1.92,-0.0015,0.08,
31.301,2,DRIVE,1.299,0.300,-0.040,-0.003,0.000,0.000,0.000,0.000,0.0,0.0,0.0233,0.0023,1.65,0.0086,0.0042,1.94,-0.0013,0.19,
31.351,2,DRIVE,1.349,0.300,-0.039,0.004,0.000,0.000,0.000,0.000,0.0,0.0,0.0221,0.0014,1.22,0.0086,0.0042,1.93,-0.0021,-0.24,
31.402,2,DRIVE,1.400,0.300,-0.039,0.002,0.000,0.000,0.000,0.000,0.0,0.0,0.0226,0.0017,1.37,0.0087,0.0043,1.97,-0.0018,-0.09,
31.452,2,DRIVE,1.451,0.300,-0.040,-0.000,0.000,0.000,0.000,0.000,0.0,0.0,0.0231,0.0019,1.46,0.0087,0.0043,1.95,-0.0017,0.01,
31.503,2,DRIVE,1.501,0.300,-0.040,-0.000,0.000,0.000,0.000,0.000,0.0,0.0,0.0226,0.0019,1.47,0.0087,0.0043,1.98,-0.0016,0.01,
31.551,2,DRIVE,1.549,0.300,-0.039,0.001,0.000,0.000,0.000,0.000,0.0,0.0,0.0226,0.0018,1.40,0.0087,0.0043,1.96,-0.0017,-0.05,
31.601,2,DRIVE,1.599,0.300,-0.040,-0.000,0.000,0.000,0.000,0.000,0.0,0.0,0.0228,0.0019,1.47,0.0087,0.0043,1.98,-0.0016,0.01,
31.652,2,DRIVE,1.650,0.300,-0.040,-0.004,0.000,0.000,0.000,0.000,0.0,0.0,0.0238,0.0023,1.67,0.0087,0.0043,1.96,-0.0013,0.21,
31.702,2,DRIVE,1.700,0.300,-0.040,-0.001,0.000,0.000,0.000,0.000,0.0,0.0,0.0229,0.0021,1.53,0.0087,0.0043,1.98,-0.0015,0.07,
31.753,2,DRIVE,1.751,0.300,-0.040,-0.003,0.000,0.000,0.000,0.000,0.0,0.0,0.0234,0.0022,1.63,0.0087,0.0043,1.97,-0.0013,0.17,
31.801,2,DRIVE,1.799,0.300,-0.039,0.001,0.000,0.000,0.000,0.000,0.0,0.0,0.0228,0.0018,1.41,0.0087,0.0043,1.97,-0.0017,-0.05,
31.851,2,DRIVE,1.850,0.300,-0.040,-0.000,0.000,0.000,0.000,0.000,0.0,0.0,0.0229,0.0019,1.47,0.0087,0.0043,1.95,-0.0016,0.02,
31.901,2,DRIVE,1.899,0.300,-0.040,-0.001,0.000,0.000,0.000,0.000,0.0,0.0,0.0229,0.0021,1.54,0.0087,0.0044,2.00,-0.0015,0.08,
31.951,2,DRIVE,1.949,0.300,-0.039,0.002,0.000,0.000,0.000,0.000,0.0,0.0,0.0226,0.0017,1.34,0.0087,0.0043,1.99,-0.0019,-0.11,
32.004,2,DRIVE,2.002,0.300,-0.040,-0.004,0.000,0.000,0.000,0.000,0.0,0.0,0.0239,0.0023,1.70,0.0087,0.0044,2.02,-0.0013,0.24,
32.051,2,DRIVE,2.049,0.300,-0.040,0.000,0.000,0.000,0.000,0.000,0.0,0.0,0.0225,0.0019,1.43,0.0087,0.0043,1.99,-0.0016,-0.03,
32.101,2,DRIVE,2.099,0.300,-0.039,0.008,0.000,0.000,0.000,0.000,0.0,0.0,0.0214,0.0010,1.02,0.0087,0.0043,1.98,-0.0025,-0.43,
32.151,2,DRIVE,2.149,0.300,-0.040,-0.003,0.000,0.000,0.000,0.000,0.0,0.0,0.0231,0.0022,1.63,0.0087,0.0043,1.98,-0.0013,0.17,
32.201,2,DRIVE,2.200,0.300,-0.039,0.003,0.000,0.000,0.000,0.000,0.0,0.0,0.0222,0.0015,1.26,0.0087,0.0044,2.00,-0.0020,-0.20,
32.254,2,DRIVE,2.252,0.300,-0.039,0.002,0.000,0.000,0.000,0.000,0.0,0.0,0.0224,0.0016,1.33,0.0087,0.0043,2.00,-0.0019,-0.12,
32.301,2,DRIVE,2.299,0.300,-0.040,-0.005,0.000,0.000,0.000,0.000,0.0,0.0,0.0234,0.0024,1.73,0.0087,0.0044,2.01,-0.0011,0.28,
32.351,2,DRIVE,2.349,0.300,-0.040,-0.001,0.000,0.000,0.000,0.000,0.0,0.0,0.0229,0.0020,1.49,0.0087,0.0043,1.98,-0.0016,0.04,
32.401,2,DRIVE,2.399,0.300,-0.040,-0.001,0.000,0.000,0.000,0.000,0.0,0.0,0.0229,0.0020,1.50,0.0087,0.0044,2.00,-0.0016,0.04,
32.453,2,DRIVE,2.451,0.300,-0.039,0.001,0.000,0.000,0.000,0.000,0.0,0.0,0.0232,0.0018,1.43,0.0087,0.0043,1.99,-0.0018,-0.03,
32.504,2,DRIVE,2.502,0.300,-0.040,-0.002,0.000,0.000,0.000,0.000,0.0,0.0,0.0231,0.0022,1.59,0.0087,0.0044,2.01,-0.0014,0.14,
32.551,2,DRIVE,2.549,0.300,-0.040,-0.001,0.000,0.000,0.000,0.000,0.0,0.0,0.0231,0.0020,1.49,0.0087,0.0043,1.98,-0.0016,0.04,
32.601,2,DRIVE,2.599,0.300,-0.040,-0.002,0.000,0.000,0.000,0.000,0.0,0.0,0.0231,0.0022,1.59,0.0087,0.0044,2.00,-0.0014,0.13,
32.653,2,DRIVE,2.652,0.300,-0.040,-0.001,0.000,0.000,0.000,0.000,0.0,0.0,0.0236,0.0019,1.49,0.0087,0.0043,1.99,-0.0016,0.03,
32.701,2,DRIVE,2.699,0.300,-0.040,-0.004,0.000,0.000,0.000,0.000,0.0,0.0,0.0230,0.0024,1.70,0.0087,0.0044,2.01,-0.0011,0.24,
32.753,2,DRIVE,2.751,0.300,-0.039,0.002,0.000,0.000,0.000,0.000,0.0,0.0,0.0226,0.0017,1.34,0.0087,0.0043,1.99,-0.0019,-0.11,
32.801,2,DRIVE,2.800,0.300,-0.040,-0.005,0.000,0.000,0.000,0.000,0.0,0.0,0.0236,0.0024,1.73,0.0087,0.0044,2.00,-0.0012,0.27,
32.851,2,DRIVE,2.849,0.300,-0.040,-0.001,0.000,0.000,0.000,0.000,0.0,0.0,0.0229,0.0020,1.50,0.0087,0.0043,2.00,-0.0015,0.04,
32.901,2,DRIVE,2.900,0.300,-0.040,-0.005,0.000,0.000,0.000,0.000,0.0,0.0,0.0237,0.0025,1.76,0.0087,0.0044,1.99,-0.0011,0.30,
32.951,2,DRIVE,2.949,0.300,-0.039,0.002,0.000,0.000,0.000,0.000,0.0,0.0,0.0226,0.0017,1.34,0.0087,0.0043,2.00,-0.0019,-0.11,
33.003,2,DRIVE,3.001,0.300,-0.039,0.002,0.000,0.000,0.000,0.000,0.0,0.0,0.0223,0.0017,1.34,0.0087,0.0044,2.01,-0.0019,-0.12,
33.052,2,DRIVE,3.050,0.300,-0.040,-0.005,0.000,0.000,0.000,0.000,0.0,0.0,0.0239,0.0024,1.75,0.0087,0.0043,1.99,-0.0011,0.29,
33.101,2,DRIVE,3.099,0.300,-0.040,-0.004,0.000,0.000,0.000,0.000,0.0,0.0,0.0233,0.0023,1.66,0.0087,0.0044,2.02,-0.0012,0.20,
33.151,2,DRIVE,3.149,0.300,-0.039,0.001,0.000,0.000,0.000,0.000,0.0,0.0,0.0228,0.0018,1.42,0.0087,0.0043,1.99,-0.0017,-0.03,
33.202,2,DRIVE,3.200,0.300,-0.040,-0.004,0.000,0.000,0.000,0.000,0.0,0.0,0.0238,0.0023,1.69,0.0087,0.0044,2.00,-0.0013,0.24,
33.254,2,DRIVE,3.252,0.300,-0.040,-0.002,0.000,0.000,0.000,0.000,0.0,0.0,0.0231,0.0022,1.59,0.0087,0.0043,1.99,-0.0014,0.13,
33.302,2,DRIVE,3.300,0.300,-0.039,0.000,0.000,0.000,0.000,0.000,0.0,0.0,0.0226,0.0019,1.43,0.0087,0.0043,2.01,-0.0017,-0.02,
33.353,2,DRIVE,3.351,0.300,-0.040,-0.001,0.000,0.000,0.000,0.000,0.0,0.0,0.0233,0.0019,1.49,0.0087,0.0043,1.98,-0.0016,0.03,
33.401,2,DRIVE,3.399,0.300,-0.040,-0.004,0.000,0.000,0.000,0.000,0.0,0.0,0.0230,0.0024,1.70,0.0087,0.0044,2.00,-0.0011,0.24,
33.452,2,DRIVE,3.450,0.300,-0.040,-0.001,0.000,0.000,0.000,0.000,0.0,0.0,0.0231,0.0020,1.49,0.0087,0.0043,1.98,-0.0016,0.03,
33.504,2,DRIVE,3.503,0.300,-0.040,-0.001,0.000,0.000,0.000,0.000,0.0,0.0,0.0232,0.0019,1.50,0.0087,0.0044,2.00,-0.0016,0.04,
33.551,2,DRIVE,3.549,0.300,-0.040,-0.004,0.000,0.000,0.000,0.000,0.0,0.0,0.0231,0.0024,1.69,0.0087,0.0043,1.99,-0.0012,0.23,
33.601,2,DRIVE,3.600,0.300,-0.040,-0.009,0.000,0.000,0.000,0.000,0.0,0.0,0.0246,0.0028,1.96,0.0087,0.0043,2.01,-0.0008,0.50,
33.651,2,DRIVE,3.649,0.300,-0.040,-0.002,0.000,0.000,0.000,0.000,0.0,0.0,0.0230,0.0021,1.55,0.0087,0.0043,1.99,-0.0014,0.09,
33.701,2,DRIVE,3.699,0.300,-0.040,-0.001,0.000,0.000,0.000,0.000,0.0,0.0,0.0229,0.0020,1.50,0.0087,0.0043,2.01,-0.0016,0.04,
33.753,2,DRIVE,3.751,0.300,-0.040,-0.003,0.000,0.000,0.000,0.000,0.0,0.0,0.0236,0.0022,1.65,0.0087,0.0043,2.00,-0.0013,0.19,
33.801,2,DRIVE,3.799,0.300,-0.040,-0.009,0.000,0.000,0.000,0.000,0.0,0.0,0.0244,0.0028,1.97,0.0087,0.0043,2.00,-0.0008,0.51,
33.854,2,DRIVE,3.852,0.300,-0.040,-0.002,0.000,0.000,0.000,0.000,0.0,0.0,0.0243,0.0021,1.60,0.0087,0.0043,1.99,-0.0015,0.14,
33.902,2,DRIVE,3.900,0.300,-0.040,-0.002,0.000,0.000,0.000,0.000,0.0,0.0,0.0227,0.0022,1.59,0.0087,0.0043,2.00,-0.0013,0.14,
33.951,2,DRIVE,3.949,0.300,-0.040,-0.009,0.000,0.000,0.000,0.000,0.0,0.0,0.0241,0.0028,1.95,0.0087,0.0043,1.99,-0.0008,0.50,
34.003,2,DRIVE,4.001,0.300,-0.040,-0.001,0.000,0.000,0.000,0.000,0.0,0.0,0.0229,0.0020,1.50,0.0087,0.0043,2.00,-0.0015,0.04,
34.051,2,DRIVE,4.049,0.300,-0.040,-0.001,0.000,0.000,0.000,0.000,0.0,0.0,0.0229,0.0020,1.49,0.0087,0.0043,1.99,-0.0016,0.04,
34.102,2,DRIVE,4.100,0.300,-0.039,0.002,0.000,0.000,0.000,0.000,0.0,0.0,0.0227,0.0016,1.34,0.0087,0.0044,2.01,-0.0019,-0.11,
34.151,2,DRIVE,4.150,0.300,-0.040,-0.003,0.000,0.000,0.000,0.000,0.0,0.0,0.0235,0.0022,1.65,0.0087,0.0043,2.00,-0.0013,0.19,
34.201,2,DRIVE,4.199,0.300,-0.040,-0.002,0.000,0.000,0.000,0.000,0.0,0.0,0.0231,0.0022,1.59,0.0087,0.0043,2.01,-0.0014,0.13,
34.254,2,DRIVE,4.252,0.300,-0.039,0.001,0.000,0.000,0.000,0.000,0.0,0.0,0.0231,0.0018,1.43,0.0087,0.0043,1.98,-0.0017,-0.03,
34.301,2,DRIVE,4.300,0.300,-0.040,-0.002,0.000,0.000,0.000,0.000,0.0,0.0,0.0228,0.0021,1.55,0.0087,0.0044,2.00,-0.0014,0.09,
34.351,2,DRIVE,4.349,0.300,-0.040,-0.004,0.000,0.000,0.000,0.000,0.0,0.0,0.0235,0.0023,1.69,0.0087,0.0043,1.99,-0.0012,0.24,
34.402,2,DRIVE,4.400,0.300,-0.040,-0.002,0.000,0.000,0.000,0.000,0.0,0.0,0.0232,0.0021,1.55,0.0087,0.0043,1.98,-0.0015,0.09,
34.451,2,DRIVE,4.449,0.300,-0.039,0.001,0.000,0.000,0.000,0.000,0.0,0.0,0.0227,0.0018,1.43,0.0087,0.0043,1.99,-0.0017,-0.03,
34.503,2,DRIVE,4.501,0.300,-0.039,0.000,0.000,0.000,0.000,0.000,0.0,0.0,0.0228,0.0018,1.43,0.0087,0.0044,2.01,-0.0017,-0.03,
34.551,2,DRIVE,4.549,0.300,-0.040,-0.009,0.000,0.000,0.000,0.000,0.0,0.0,0.0243,0.0028,1.96,0.0087,0.0043,1.98,-0.0008,0.50,
34.601,2,DRIVE,4.599,0.300,-0.040,-0.004,0.000,0.000,0.000,0.000,0.0,0.0,0.0236,0.0023,1.66,0.0087,0.0043,2.01,-0.0013,0.21,
34.653,2,DRIVE,4.651,0.300,-0.040,-0.004,0.000,0.000,0.000,0.000,0.0,0.0,0.0241,0.0023,1.69,0.0087,0.0043,1.99,-0.0013,0.24,
34.702,2,DRIVE,4.700,0.300,-0.039,0.002,0.000,0.000,0.000,0.000,0.0,0.0,0.0222,0.0017,1.34,0.0087,0.0043,2.01,-0.0018,-0.12,
34.753,2,DRIVE,4.751,0.300,-0.040,-0.003,0.000,0.000,0.000,0.000,0.0,0.0,0.0234,0.0022,1.64,0.0087,0.0043,2.00,-0.0013,0.18,
34.801,2,DRIVE,4.799,0.300,-0.039,0.002,0.000,0.000,0.000,0.000,0.0,0.0,0.0222,0.0017,1.34,0.0087,0.0043,2.01,-0.0018,-0.12,
34.852,2,DRIVE,4.850,0.300,-0.039,0.002,0.000,0.000,0.000,0.000,0.0,0.0,0.0227,0.0016,1.33,0.0087,0.0043,1.98,-0.0019,-0.12,
34.902,2,DRIVE,4.900,0.300,-0.040,0.000,0.000,0.000,0.000,0.000,0.0,0.0,0.0226,0.0019,1.45,0.0087,0.0044,2.01,-0.0016,-0.00,
34.952,2,DRIVE,4.950,0.300,-0.040,-0.005,0.000,0.000,0.000,0.000,0.0,0.0,0.0237,0.0024,1.73,0.0087,0.0043,1.98,-0.0012,0.27,
35.004,2,DRIVE,5.002,0.300,-0.040,-0.009,0.000,0.000,0.000,0.000,0.0,0.0,0.0247,0.0028,1.96,0.0087,0.0043,2.00,-0.0008,0.50,
35.051,2,DRIVE,5.049,0.300,-0.040,-0.003,0.000,0.000,0.000,0.000,0.0,0.0,0.0233,0.0023,1.66,0.0087,0.0043,1.99,-0.0012,0.20,
35.102,2,DRIVE,5.100,0.300,-0.040,-0.004,0.000,0.000,0.000,0.000,0.0,0.0,0.0239,0.0023,1.70,0.0087,0.0044,2.01,-0.0012,0.24,
35.151,2,DRIVE,5.149,0.300,-0.040,0.000,0.000,0.000,0.000,0.000,0.0,0.0,0.0223,0.0019,1.45,0.0087,0.0043,1.99,-0.0016,-0.01,
35.202,2,DRIVE,5.200,0.300,-0.040,-0.001,0.000,0.000,0.000,0.000,0.0,0.0,0.0230,0.0020,1.50,0.0087,0.0043,2.00,-0.0016,0.04,
35.253,2,DRIVE,5.251,0.300,-0.040,-0.004,0.000,0.000,0.000,0.000,0.0,0.0,0.0235,0.0023,1.69,0.0087,0.0043,1.99,-0.0012,0.24,
35.301,2,DRIVE,5.299,0.300,-0.040,-0.009,0.000,0.000,0.000,0.000,0.0,0.0,0.0245,0.0028,1.96,0.0087,0.0044,1.99,-0.0008,0.51,
35.352,2,DRIVE,5.350,0.300,-0.040,-0.004,0.000,0.000,0.000,0.000,0.0,0.0,0.0240,0.0023,1.69,0.0087,0.0043,1.98,-0.0012,0.24,
35.401,2,DRIVE,5.399,0.300,-0.040,-0.004,0.000,0.000,0.000,0.000,0.0,0.0,0.0234,0.0024,1.70,0.0087,0.0044,2.00,-0.0012,0.24,
35.453,2,DRIVE,5.451,0.300,-0.040,-0.004,0.000,0.000,0.000,0.000,0.0,0.0,0.0242,0.0023,1.69,0.0087,0.0043,1.97,-0.0013,0.23,
35.503,2,DRIVE,5.502,0.300,-0.040,-0.005,0.000,0.000,0.000,0.000,0.0,0.0,0.0233,0.0025,1.73,0.0087,0.0043,1.99,-0.0011,0.28,
35.551,2,DRIVE,5.549,0.300,-0.040,-0.009,0.000,0.000,0.000,0.000,0.0,0.0,0.0243,0.0028,1.95,0.0087,0.0043,1.99,-0.0008,0.50,
35.601,2,DRIVE,5.600,0.300,-0.039,0.000,0.000,0.000,0.000,0.000,0.0,0.0,0.0229,0.0019,1.44,0.0087,0.0044,2.01,-0.0017,-0.02,
35.652,2,DRIVE,5.650,0.300,-0.040,-0.005,0.000,0.000,0.000,0.000,0.0,0.0,0.0237,0.0025,1.75,0.0087,0.0043,1.98,-0.0011,0.30,
35.701,2,DRIVE,5.699,0.300,-0.040,-0.003,0.000,0.000,0.000,0.000,0.0,0.0,0.0235,0.0023,1.66,0.0087,0.0043,1.99,-0.0013,0.20,
35.753,2,DRIVE,5.751,0.300,-0.040,-0.003,0.000,0.000,0.000,0.000,0.0,0.0,0.0236,0.0023,1.65,0.0087,0.0043,1.99,-0.0013,0.19,
35.802,2,DRIVE,5.801,0.300,-0.040,-0.005,0.000,0.000,0.000,0.000,0.0,0.0,0.0240,0.0024,1.76,0.0087,0.0043,2.00,-0.0011,0.30,
35.852,2,DRIVE,5.850,0.300,-0.040,0.001,0.000,0.000,0.000,0.000,0.0,0.0,0.0226,0.0019,1.42,0.0087,0.0043,1.97,-0.0017,-0.04,
35.901,2,DRIVE,5.899,0.300,-0.039,0.001,0.000,0.000,0.000,0.000,0.0,0.0,0.0226,0.0019,1.43,0.0087,0.0044,2.00,-0.0017,-0.03,
35.951,2,DRIVE,5.950,0.300,-0.040,-0.001,0.000,0.000,0.000,0.000,0.0,0.0,0.0230,0.0020,1.49,0.0087,0.0043,1.99,-0.0016,0.03,
36.003,2,DRIVE,6.001,0.300,-0.040,-0.005,0.000,0.000,0.000,0.000,0.0,0.0,0.0236,0.0024,1.73,0.0087,0.0043,1.99,-0.0011,0.27,
36.051,2,DRIVE,6.049,0.300,-0.039,0.001,0.000,0.000,0.000,0.000,0.0,0.0,0.0229,0.0018,1.42,0.0087,0.0043,1.99,-0.0017,-0.03,
36.101,2,DRIVE,6.100,0.300,-0.040,-0.005,0.000,0.000,0.000,0.000,0.0,0.0,0.0236,0.0024,1.73,0.0087,0.0043,2.00,-0.0012,0.27,
36.152,2,DRIVE,6.150,0.300,-0.040,-0.004,0.000,0.000,0.000,0.000,0.0,0.0,0.0238,0.0023,1.69,0.0087,0.0043,1.99,-0.0012,0.24,
36.201,2,DRIVE,6.199,0.300,-0.040,0.000,0.000,0.000,0.000,0.000,0.0,0.0,0.0226,0.0019,1.43,0.0087,0.0044,2.01,-0.0017,-0.02,
36.253,2,DRIVE,6.251,0.300,-0.040,-0.005,0.000,0.000,0.000,0.000,0.0,0.0,0.0237,0.0024,1.72,0.0087,0.0043,1.98,-0.0012,0.27,
36.302,2,DRIVE,6.300,0.300,-0.040,-0.001,0.000,0.000,0.000,0.000,0.0,0.0,0.0229,0.0020,1.49,0.0087,0.0043,1.99,-0.0016,0.04,
36.352,2,DRIVE,6.350,0.300,-0.040,-0.005,0.000,0.000,0.000,0.000,0.0,0.0,0.0238,0.0024,1.72,0.0087,0.0043,1.98,-0.0012,0.27,
36.402,2,DRIVE,6.400,0.300,-0.039,0.003,0.000,0.000,0.000,0.000,0.0,0.0,0.0221,0.0015,1.26,0.0087,0.0043,1.98,-0.0020,-0.19,
36.451,2,DRIVE,6.449,0.300,-0.040,-0.002,0.000,0.000,0.000,0.000,0.0,0.0,0.0233,0.0021,1.57,0.0087,0.0043,1.99,-0.0014,0.12,
36.503,2,DRIVE,6.501,0.300,-0.039,0.000,0.000,0.000,0.000,0.000,0.0,0.0,0.0228,0.0018,1.43,0.0087,0.0044,2.01,-0.0017,-0.02,
36.551,2,DRIVE,6.549,0.300,-0.040,-0.009,0.000,0.000,0.000,0.000,0.0,0.0,0.0243,0.0028,1.96,0.0087,0.0043,1.99,-0.0008,0.50,
36.602,2,DRIVE,6.600,0.300,-0.040,-0.004,0.000,0.000,0.000,0.000,0.0,0.0,0.0238,0.0024,1.70,0.0087,0.0043,1.99,-0.0012,0.24,
36.651,2,DRIVE,6.649,0.300,-0.040,-0.001,0.000,0.000,0.000,0.000,0.0,0.0,0.0228,0.0020,1.49,0.0087,0.0043,1.99,-0.0015,0.03,
36.701,2,DRIVE,6.699,0.300,-0.040,-0.003,0.000,0.000,0.000,0.000,0.0,0.0,0.0236,0.0022,1.65,0.0087,0.0044,2.00,-0.0013,0.20,
36.754,2,DRIVE,6.752,0.300,-0.040,-0.005,0.000,0.000,0.000,0.000,0.0,0.0,0.0239,0.0024,1.73,0.0087,0.0043,1.99,-0.0012,0.27,
36.801,2,DRIVE,6.799,0.300,-0.040,-0.004,0.000,0.000,0.000,0.000,0.0,0.0,0.0234,0.0024,1.70,0.0087,0.0043,1.99,-0.0012,0.24,
36.851,2,DRIVE,6.849,0.300,-0.040,-0.003,0.000,0.000,0.000,0.000,0.0,0.0,0.0236,0.0023,1.65,0.0087,0.0043,1.99,-0.0013,0.19,
36.902,2,DRIVE,6.900,0.300,-0.040,-0.005,0.000,0.000,0.000,0.000,0.0,0.0,0.0238,0.0024,1.73,0.0087,0.0044,1.99,-0.0012,0.28,
36.951,2,DRIVE,6.949,0.300,-0.040,-0.004,0.000,0.000,0.000,0.000,0.0,0.0,0.0235,0.0024,1.69,0.0087,0.0043,1.98,-0.0012,0.24,
37.003,2,DRIVE,7.001,0.300,-0.039,0.000,0.000,0.000,0.000,0.000,0.0,0.0,0.0228,0.0019,1.43,0.0087,0.0044,1.99,-0.0017,-0.03,
37.052,2,DRIVE,7.050,0.300,-0.040,-0.003,0.000,0.000,0.000,0.000,0.0,0.0,0.0237,0.0022,1.64,0.0087,0.0043,1.99,-0.0013,0.18,
37.103,2,DRIVE,7.101,0.300,-0.039,0.000,0.000,0.000,0.000,0.000,0.0,0.0,0.0231,0.0019,1.45,0.0087,0.0043,1.99,-0.0017,-0.01,
37.151,2,DRIVE,7.149,0.300,-0.040,-0.004,0.000,0.000,0.000,0.000,0.0,0.0,0.0230,0.0024,1.69,0.0087,0.0043,1.99,-0.0012,0.23,
37.202,2,DRIVE,7.200,0.300,-0.040,-0.004,0.000,0.000,0.000,0.000,0.0,0.0,0.0239,0.0023,1.70,0.0087,0.0043,1.99,-0.0012,0.24,
37.253,2,DRIVE,7.251,0.300,-0.040,-0.004,0.000,0.000,0.000,0.000,0.0,0.0,0.0233,0.0024,1.69,0.0087,0.0043,1.98,-0.0012,0.24,
37.301,2,DRIVE,7.299,0.300,-0.039,0.000,0.000,0.000,0.000,0.000,0.0,0.0,0.0228,0.0019,1.44,0.0087,0.0044,2.01,-0.0017,-0.02,
37.351,2,DRIVE,7.349,0.300,-0.040,-0.002,0.000,0.000,0.000,0.000,0.0,0.0,0.0230,0.0021,1.54,0.0087,0.0043,1.99,-0.0015,0.09,
37.401,2,DRIVE,7.399,0.300,-0.040,-0.001,0.000,0.000,0.000,0.000,0.0,0.0,0.0229,0.0020,1.50,0.0087,0.0043,1.98,-0.0016,0.04,
37.453,2,DRIVE,7.451,0.300,-0.039,0.001,0.000,0.000,0.000,0.000,0.0,0.0,0.0228,0.0018,1.42,0.0087,0.0043,1.99,-0.0017,-0.03,
37.503,2,DRIVE,7.501,0.300,-0.040,-0.005,0.000,0.000,0.000,0.000,0.0,0.0,0.0236,0.0024,1.73,0.0087,0.0043,1.99,-0.0012,0.27,
37.551,2,DRIVE,7.549,0.300,-0.039,0.000,0.000,0.000,0.000,0.000,0.0,0.0,0.0228,0.0018,1.43,0.0087,0.0043,1.99,-0.0017,-0.03,
37.602,2,DRIVE,7.601,0.300,-0.040,-0.005,0.000,0.000,0.000,0.000,0.0,0.0,0.0240,0.0024,1.73,0.0087,0.0043,1.99,-0.0012,0.27,
37.651,2,DRIVE,7.649,0.300,-0.040,-0.003,0.000,0.000,0.000,0.000,0.0,0.0,0.0232,0.0023,1.65,0.0087,0.0043,1.98,-0.0013,0.19,
37.702,2,DRIVE,7.700,0.300,-0.040,-0.009,0.000,0.000,0.000,0.000,0.0,0.0,0.0249,0.0027,1.95,0.0087,0.0044,2.01,-0.0009,0.50,
37.753,2,DRIVE,7.751,0.300,-0.039,0.002,0.000,0.000,0.000,0.000,0.0,0.0,0.0224,0.0017,1.35,0.0087,0.0043,1.98,-0.0018,-0.11,
37.801,2,DRIVE,7.799,0.300,-0.040,-0.009,0.000,0.000,0.000,0.000,0.0,0.0,0.0242,0.0028,1.96,0.0087,0.0044,2.00,-0.0008,0.50,
37.851,2,DRIVE,7.849,0.300,-0.040,-0.003,0.000,0.000,0.000,0.000,0.0,0.0,0.0232,0.0022,1.62,0.0087,0.0043,1.98,-0.0013,0.16,
37.901,2,DRIVE,7.899,0.300,-0.039,0.000,0.000,0.000,0.000,0.000,0.0,0.0,0.0228,0.0018,1.43,0.0087,0.0043,2.00,-0.0017,-0.03,
37.952,2,DRIVE,7.950,0.300,-0.040,-0.002,0.000,0.000,0.000,0.000,0.0,0.0,0.0232,0.0021,1.54,0.0087,0.0043,1.98,-0.0015,0.09,
38.003,2,DRIVE,8.001,0.300,-0.040,-0.002,0.000,0.000,0.000,0.000,0.0,0.0,0.0229,0.0021,1.55,0.0087,0.0044,1.99,-0.0014,0.09,
38.051,2,DRIVE,8.049,0.300,-0.040,-0.003,0.000,0.000,0.000,0.000,0.0,0.0,0.0236,0.0022,1.65,0.0087,0.0043,1.98,-0.0013,0.19,
38.102,2,DRIVE,8.100,0.300,-0.040,-0.003,0.000,0.000,0.000,0.000,0.0,0.0,0.0237,0.0022,1.66,0.0087,0.0044,2.01,-0.0013,0.20,
38.152,2,DRIVE,8.150,0.300,-0.040,-0.005,0.000,0.000,0.000,0.000,0.0,0.0,0.0239,0.0024,1.72,0.0087,0.0043,1.98,-0.0012,0.27,
38.201,2,DRIVE,8.200,0.300,-0.040,-0.009,0.000,0.000,0.000,0.000,0.0,0.0,0.0242,0.0028,1.96,0.0087,0.0043,1.99,-0.0007,0.51,
38.254,2,DRIVE,8.252,0.300,-0.040,-0.005,0.000,0.000,0.000,0.000,0.0,0.0,0.0240,0.0024,1.72,0.0087,0.0043,1.99,-0.0012,0.27,
38.301,2,DRIVE,8.299,0.300,-0.040,-0.004,0.000,0.000,0.000,0.000,0.0,0.0,0.0232,0.0023,1.66,0.0087,0.0043,2.00,-0.0012,0.20,
38.351,2,DRIVE,8.349,0.300,-0.040,-0.003,0.000,0.000,0.000,0.000,0.0,0.0,0.0236,0.0023,1.65,0.0087,0.0043,1.98,-0.0013,0.19,
38.403,2,DRIVE,8.401,0.300,-0.040,-0.005,0.000,0.000,0.000,0.000,0.0,0.0,0.0241,0.0024,1.76,0.0087,0.0043,1.99,-0.0011,0.30,
38.452,2,DRIVE,8.450,0.300,-0.040,0.001,0.000,0.000,0.000,0.000,0.0,0.0,0.0225,0.0019,1.43,0.0087,0.0043,1.98,-0.0016,-0.03,
38.504,2,DRIVE,8.502,0.300,-0.039,0.003,0.000,0.000,0.000,0.000,0.0,0.0,0.0224,0.0015,1.26,0.0087,0.0043,2.00,-0.0021,-0.19,
38.551,2,DRIVE,8.550,0.300,-0.040,-0.005,0.000,0.000,0.000,0.000,0.0,0.0,0.0232,0.0024,1.72,0.0087,0.0043,1.98,-0.0011,0.27,
38.603,2,DRIVE,8.602,0.300,-0.040,-0.001,0.000,0.000,0.000,0.000,0.0,0.0,0.0233,0.0020,1.50,0.0087,0.0043,1.99,-0.0016,0.04,
38.651,2,DRIVE,8.649,0.300,-0.040,-0.004,0.000,0.000,0.000,0.000,0.0,0.0,0.0232,0.0024,1.69,0.0087,0.0043,1.98,-0.0012,0.23,
38.701,2,DRIVE,8.700,0.300,-0.040,-0.002,0.000,0.000,0.000,0.000,0.0,0.0,0.0236,0.0021,1.60,0.0087,0.0044,2.01,-0.0014,0.14,
38.754,2,DRIVE,8.752,0.300,-0.040,-0.005,0.000,0.000,0.000,0.000,0.0,0.0,0.0239,0.0024,1.75,0.0087,0.0043,1.99,-0.0011,0.30,
38.801,2,DRIVE,8.799,0.300,-0.040,-0.004,0.000,0.000,0.000,0.000,0.0,0.0,0.0233,0.0024,1.70,0.0087,0.0043,2.00,-0.0012,0.25,
38.854,2,DRIVE,8.852,0.300,-0.039,0.001,0.000,0.000,0.000,0.000,0.0,0.0,0.0235,0.0018,1.42,0.0087,0.0043,1.99,-0.0018,-0.03,
38.903,2,DRIVE,8.901,0.300,-0.040,-0.005,0.000,0.000,0.000,0.000,0.0,0.0,0.0234,0.0025,1.76,0.0087,0.0044,1.99,-0.0011,0.30,
38.952,2,DRIVE,8.951,0.300,-0.040,-0.003,0.000,0.000,0.000,0.000,0.0,0.0,0.0235,0.0023,1.65,0.0087,0.0043,1.98,-0.0013,0.19,
39.003,2,DRIVE,9.001,0.300,-0.040,-0.003,0.000,0.000,0.000,0.000,0.0,0.0,0.0232,0.0023,1.65,0.0087,0.0043,1.99,-0.0013,0.20,
39.051,2,DRIVE,9.049,0.300,-0.040,-0.007,0.000,0.000,0.000,0.000,0.0,0.0,0.0270,0.0024,1.88,0.0087,0.0043,2.00,-0.0012,0.42,
39.102,2,DRIVE,9.100,0.300,-0.040,-0.006,0.000,0.000,0.000,0.000,0.0,0.0,0.0239,0.0026,1.82,0.0087,0.0043,1.98,-0.0010,0.36,
39.151,2,DRIVE,9.149,0.300,-0.040,-0.004,0.000,0.000,0.000,0.000,0.0,0.0,0.0235,0.0024,1.69,0.0087,0.0043,1.98,-0.0012,0.23,
39.203,2,DRIVE,9.201,0.300,-0.040,-0.004,0.000,0.000,0.000,0.000,0.0,0.0,0.0241,0.0023,1.70,0.0087,0.0043,1.99,-0.0013,0.24,
39.254,2,DRIVE,9.252,0.300,-0.040,-0.001,0.000,0.000,0.000,0.000,0.0,0.0,0.0228,0.0021,1.54,0.0087,0.0043,2.00,-0.0014,0.08,
39.302,2,DRIVE,9.300,0.300,-0.039,0.001,0.000,0.000,0.000,0.000,0.0,0.0,0.0227,0.0019,1.43,0.0087,0.0044,1.99,-0.0017,-0.03,
39.352,2,DRIVE,9.350,0.300,-0.040,-0.004,0.000,0.000,0.000,0.000,0.0,0.0,0.0236,0.0023,1.69,0.0087,0.0043,1.98,-0.0012,0.23,
39.402,2,DRIVE,9.400,0.300,-0.040,-0.002,0.000,0.000,0.000,0.000,0.0,0.0,0.0231,0.0021,1.55,0.0087,0.0043,1.99,-0.0015,0.09,
39.451,2,DRIVE,9.449,0.300,-0.040,-0.008,0.000,0.000,0.000,0.000,0.0,0.0,0.0246,0.0027,1.93,0.0087,0.0043,1.99,-0.0008,0.48,
39.503,2,DRIVE,9.501,0.300,-0.040,-0.004,0.000,0.000,0.000,0.000,0.0,0.0,0.0237,0.0024,1.70,0.0087,0.0043,1.99,-0.0012,0.24,
39.551,2,DRIVE,9.549,0.300,-0.040,-0.005,0.000,0.000,0.000,0.000,0.0,0.0,0.0236,0.0024,1.73,0.0087,0.0043,1.98,-0.0011,0.27,
39.601,2,DRIVE,9.599,0.300,-0.040,-0.004,0.000,0.000,0.000,0.000,0.0,0.0,0.0236,0.0023,1.66,0.0087,0.0043,1.99,-0.0013,0.20,
39.651,2,DRIVE,9.650,0.300,-0.040,-0.005,0.000,0.000,0.000,0.000,0.0,0.0,0.0237,0.0025,1.75,0.0087,0.0043,1.99,-0.0011,0.30,
39.701,2,DRIVE,9.699,0.300,-0.040,-0.003,0.000,0.000,0.000,0.000,0.0,0.0,0.0236,0.0023,1.65,0.0087,0.0043,1.99,-0.0013,0.20,
39.754,2,DRIVE,9.752,0.300,-0.040,-0.009,0.000,0.000,0.000,0.000,0.0,0.0,0.0247,0.0027,1.95,0.0087,0.0043,1.99,-0.0008,0.49,
39.802,2,DRIVE,9.800,0.300,-0.040,-0.001,0.000,0.000,0.000,0.000,0.0,0.0,0.0236,0.0020,1.52,0.0087,0.0043,2.00,-0.0016,0.06,
39.851,2,DRIVE,9.850,0.300,-0.040,-0.008,0.000,0.000,0.000,0.000,0.0,0.0,0.0255,0.0026,1.92,0.0087,0.0043,2.00,-0.0010,0.46,
39.902,2,DRIVE,9.900,0.300,-0.039,0.016,0.000,0.000,0.000,0.000,0.0,0.0,0.0229,-0.0011,0.54,0.0087,0.0043,2.00,-0.0046,-0.92,
39.951,2,DRIVE,9.950,0.300,-0.040,-0.005,0.000,0.000,0.000,0.000,0.0,0.0,0.0235,0.0024,1.76,0.0087,0.0043,1.99,-0.0011,0.31,
40.004,2,DRIVE,10.002,0.300,-0.040,-0.003,0.000,0.000,0.000,0.000,0.0,0.0,0.0239,0.0022,1.65,0.0087,0.0043,1.99,-0.0013,0.19,
40.054,2,DRIVE,10.052,0.000,0.000,0.000,0.000,0.000,0.000,0.000,0.0,0.0,0.0233,0.0022,1.62,0.0087,0.0043,1.99,-0.0013,0.17,FIN_DRIVE_leg2_TIMEOUT_10.1s
40.055,2,STOP_BEFORE_SPIN,0.000,0.000,0.000,0.000,0.000,0.000,0.000,0.000,0.0,0.0,0.0233,0.0022,1.62,0.0087,0.0043,1.99,-0.0013,0.17,
40.102,2,STOP_BEFORE_SPIN,0.048,0.000,0.000,0.000,0.000,0.000,0.000,0.000,0.0,0.0,0.0086,0.0039,1.70,0.0087,0.0043,2.00,0.0007,0.25,
40.151,2,STOP_BEFORE_SPIN,0.097,0.000,0.000,0.000,0.000,0.000,0.000,0.000,0.0,0.0,0.0082,0.0038,1.66,0.0087,0.0043,1.99,0.0007,0.20,
40.202,2,STOP_BEFORE_SPIN,0.148,0.000,0.000,0.000,0.000,0.000,0.000,0.000,0.0,0.0,0.0082,0.0041,1.79,0.0087,0.0043,1.98,0.0009,0.33,
40.251,2,STOP_BEFORE_SPIN,0.197,0.000,0.000,0.000,0.000,0.000,0.000,0.000,0.0,0.0,0.0073,0.0036,1.50,0.0087,0.0043,1.97,0.0005,0.05,
40.301,2,STOP_BEFORE_SPIN,0.247,0.000,0.000,0.000,0.000,0.000,0.000,0.000,0.0,0.0,0.0074,0.0037,1.54,0.0087,0.0043,1.98,0.0005,0.09,
40.351,2,STOP_BEFORE_SPIN,0.297,0.000,0.000,0.000,0.000,0.000,0.000,0.000,0.0,0.0,0.0071,0.0035,1.42,0.0087,0.0043,1.97,0.0004,-0.04,
40.402,2,STOP_BEFORE_SPIN,0.347,0.000,0.000,0.000,0.000,0.000,0.000,0.000,0.0,0.0,0.0073,0.0036,1.49,0.0087,0.0043,1.99,0.0005,0.03,
40.452,2,STOP_BEFORE_SPIN,0.398,0.000,0.000,0.000,0.000,0.000,0.000,0.000,0.0,0.0,0.0079,0.0039,1.68,0.0087,0.0043,1.97,0.0008,0.22,
40.501,2,STOP_BEFORE_SPIN,0.447,0.000,0.000,0.000,0.000,0.000,0.000,0.000,0.0,0.0,0.0068,0.0033,1.34,0.0087,0.0043,1.97,0.0002,-0.12,
40.551,2,STOP_BEFORE_SPIN,0.497,0.000,0.000,0.000,0.000,0.000,0.000,0.000,0.0,0.0,0.0073,0.0036,1.48,0.0087,0.0043,1.98,0.0004,0.02,
40.601,2,STOP_BEFORE_SPIN,0.547,0.000,0.000,0.000,0.000,0.000,0.000,0.000,0.0,0.0,0.0067,0.0033,1.33,0.0087,0.0043,1.98,0.0002,-0.13,
40.651,2,STOP_BEFORE_SPIN,0.597,0.000,0.000,0.000,0.000,0.000,0.000,0.000,0.0,0.0,0.0074,0.0037,1.53,0.0087,0.0043,1.98,0.0005,0.07,
40.701,2,STOP_BEFORE_SPIN,0.647,0.000,0.000,0.000,0.000,0.000,0.000,0.000,0.0,0.0,0.0067,0.0033,1.34,0.0087,0.0043,1.99,0.0002,-0.12,
40.752,2,STOP_BEFORE_SPIN,0.698,0.000,0.000,0.000,0.000,0.000,0.000,0.000,0.0,0.0,0.0064,0.0032,1.24,0.0087,0.0043,1.97,0.0001,-0.22,
40.802,2,STOP_BEFORE_SPIN,0.748,0.000,0.000,0.000,0.000,0.000,0.000,0.000,0.0,0.0,0.0069,0.0034,1.38,0.0087,0.0043,1.98,0.0003,-0.07,
40.851,2,STOP_BEFORE_SPIN,0.797,0.000,0.000,0.000,0.000,0.000,0.000,0.000,0.0,0.0,0.0073,0.0036,1.48,0.0087,0.0043,1.98,0.0005,0.02,
40.901,2,STOP_BEFORE_SPIN,0.847,0.000,0.000,0.000,0.000,0.000,0.000,0.000,0.0,0.0,0.0070,0.0035,1.42,0.0087,0.0043,1.98,0.0004,-0.04,
40.952,2,STOP_BEFORE_SPIN,0.898,0.000,0.000,0.000,0.000,0.000,0.000,0.000,0.0,0.0,0.0074,0.0037,1.53,0.0087,0.0043,1.98,0.0005,0.08,
41.002,2,STOP_BEFORE_SPIN,0.947,0.000,0.000,0.000,0.000,0.000,0.000,0.000,0.0,0.0,0.0087,0.0043,1.95,0.0087,0.0043,1.99,0.0011,0.50,
41.051,2,STOP_BEFORE_SPIN,0.997,0.000,0.000,0.000,0.000,0.000,0.000,0.000,0.0,0.0,0.0078,0.0039,1.67,0.0087,0.0043,1.97,0.0007,0.21,
41.103,2,STOP_BEFORE_SPIN,1.049,0.000,0.000,0.000,0.000,0.000,0.000,0.000,0.0,0.0,0.0075,0.0037,1.55,0.0087,0.0043,1.98,0.0005,0.09,INICIO_DRIFT_leg2
41.104,2,DRIFT,0.000,0.000,0.000,0.000,0.000,0.000,0.000,0.000,0.0,0.0,0.0075,0.0037,1.55,0.0087,0.0043,1.98,0.0005,0.00,
41.151,2,DRIFT,0.048,0.000,-0.000,1.000,0.000,0.000,0.000,0.000,0.0,0.0,0.0073,0.0036,1.49,0.0087,0.0043,1.98,0.0005,-0.06,
41.201,2,DRIFT,0.098,0.000,-0.000,1.000,0.000,0.000,0.000,0.000,0.0,0.0,0.0075,0.0037,4.41,0.0087,0.0043,1.98,0.0006,2.86,
41.253,2,DRIFT,0.150,0.000,-0.000,1.000,0.000,0.000,0.000,0.000,0.0,0.0,0.0080,0.0040,4.87,0.0087,0.0043,1.97,0.0008,3.32,
41.301,2,DRIFT,0.198,0.000,-0.000,1.000,0.000,0.000,0.000,0.000,0.0,0.0,0.0073,0.0036,4.42,0.0087,0.0043,1.98,0.0005,2.87,
41.351,2,DRIFT,0.248,0.000,-0.000,1.000,0.000,0.000,0.000,0.000,0.0,0.0,0.0079,0.0039,4.73,0.0087,0.0043,1.98,0.0008,3.18,
41.403,2,DRIFT,0.300,0.000,-0.000,1.000,0.000,0.000,0.000,0.000,0.0,0.0,0.0071,0.0035,4.50,0.0087,0.0043,1.97,0.0004,2.95,
41.452,2,DRIFT,0.348,0.000,-0.000,1.000,0.000,0.000,0.000,0.000,0.0,0.0,0.0078,0.0038,4.75,0.0087,0.0043,1.99,0.0007,3.20,
41.501,2,DRIFT,0.398,0.000,-0.000,1.000,0.000,0.000,0.000,0.000,0.0,0.0,0.0076,0.0038,4.61,0.0086,0.0043,2.14,0.0006,3.06,
41.551,2,DRIFT,0.448,0.000,-0.000,1.000,0.000,0.000,0.000,0.000,0.0,0.0,0.0075,0.0039,4.92,0.0081,0.0043,2.26,0.0007,3.37,
41.602,2,DRIFT,0.498,0.000,-0.000,1.000,0.000,0.000,0.000,0.000,0.0,0.0,0.0073,0.0038,4.99,0.0082,0.0043,2.24,0.0007,3.44,
41.653,2,DRIFT,0.550,0.000,-0.000,1.000,0.000,0.000,0.000,0.000,0.0,0.0,0.0067,0.0035,4.65,0.0081,0.0043,2.27,0.0004,3.10,
41.701,2,DRIFT,0.598,0.000,-0.000,1.000,0.000,0.000,0.000,0.000,0.0,0.0,0.0066,0.0035,4.67,0.0082,0.0043,2.29,0.0003,3.12,
41.751,2,DRIFT,0.648,0.000,-0.000,1.000,0.000,0.000,0.000,0.000,0.0,0.0,0.0072,0.0038,4.95,0.0081,0.0043,2.26,0.0007,3.40,
41.801,2,DRIFT,0.698,0.000,-0.000,1.000,0.000,0.000,0.000,0.000,0.0,0.0,0.0076,0.0040,5.04,0.0081,0.0043,2.27,0.0008,3.49,
41.851,2,DRIFT,0.748,0.000,-0.000,1.000,0.000,0.000,0.000,0.000,0.0,0.0,0.0066,0.0035,4.70,0.0081,0.0043,2.28,0.0003,3.15,
41.903,2,DRIFT,0.800,0.000,-0.000,1.000,0.000,0.000,0.000,0.000,0.0,0.0,0.0074,0.0039,4.99,0.0082,0.0043,2.28,0.0007,3.44,
41.951,2,DRIFT,0.848,0.000,-0.000,1.000,0.000,0.000,0.000,0.000,0.0,0.0,0.0073,0.0038,4.99,0.0081,0.0043,2.27,0.0007,3.44,
42.002,2,DRIFT,0.898,0.000,-0.000,1.000,0.000,0.000,0.000,0.000,0.0,0.0,0.0075,0.0040,5.04,0.0081,0.0043,2.29,0.0008,3.49,
42.051,2,DRIFT,0.948,0.000,-0.000,1.000,0.000,0.000,0.000,0.000,0.0,0.0,0.0074,0.0039,4.99,0.0081,0.0043,2.28,0.0008,3.44,
42.101,2,DRIFT,0.998,0.000,-0.000,1.000,0.000,0.000,0.000,0.000,0.0,0.0,0.0074,0.0039,5.02,0.0081,0.0043,2.28,0.0008,3.47,
42.154,2,DRIFT,1.050,0.000,-0.000,1.000,0.000,0.000,0.000,0.000,0.0,0.0,0.0066,0.0035,4.71,0.0081,0.0043,2.28,0.0004,3.16,
42.202,2,DRIFT,1.099,0.000,-0.000,1.000,0.000,0.000,0.000,0.000,0.0,0.0,0.0074,0.0039,5.09,0.0081,0.0043,2.29,0.0008,3.54,
42.251,2,DRIFT,1.148,0.000,-0.000,1.000,0.000,0.000,0.000,0.000,0.0,0.0,0.0068,0.0036,4.69,0.0081,0.0043,2.30,0.0005,3.14,
42.301,2,DRIFT,1.198,0.000,-0.000,1.000,0.000,0.000,0.000,0.000,0.0,0.0,0.0074,0.0039,5.02,0.0081,0.0043,2.30,0.0008,3.47,
42.351,2,DRIFT,1.248,0.000,-0.000,1.000,0.000,0.000,0.000,0.000,0.0,0.0,0.0074,0.0039,5.01,0.0081,0.0043,2.29,0.0008,3.46,
42.403,2,DRIFT,1.300,0.000,-0.000,1.000,0.000,0.000,0.000,0.000,0.0,0.0,0.0073,0.0039,5.01,0.0081,0.0043,2.30,0.0007,3.46,
42.451,2,DRIFT,1.348,0.000,-0.000,1.000,0.000,0.000,0.000,0.000,0.0,0.0,0.0075,0.0040,5.04,0.0081,0.0043,2.31,0.0008,3.48,
42.502,2,DRIFT,1.398,0.000,-0.000,1.000,0.000,0.000,0.000,0.000,0.0,0.0,0.0074,0.0039,5.06,0.0081,0.0043,2.30,0.0008,3.51,
42.552,2,DRIFT,1.449,0.000,-0.000,1.000,0.000,0.000,0.000,0.000,0.0,0.0,0.0068,0.0036,4.81,0.0081,0.0043,2.31,0.0005,3.26,
42.601,2,DRIFT,1.498,0.000,-0.000,1.000,0.000,0.000,0.000,0.000,0.0,0.0,0.0066,0.0035,4.67,0.0081,0.0043,2.31,0.0004,3.12,
42.653,2,DRIFT,1.550,0.000,-0.000,1.000,0.000,0.000,0.000,0.000,0.0,0.0,0.0073,0.0039,5.01,0.0081,0.0043,2.30,0.0008,3.46,
42.703,2,DRIFT,1.600,0.000,-0.000,1.000,0.000,0.000,0.000,0.000,0.0,0.0,0.0069,0.0037,4.91,0.0081,0.0043,2.31,0.0006,3.36,
42.751,2,DRIFT,1.648,0.000,-0.000,1.000,0.000,0.000,0.000,0.000,0.0,0.0,0.0068,0.0036,4.69,0.0081,0.0043,2.31,0.0005,3.14,
42.801,2,DRIFT,1.698,0.000,-0.000,1.000,0.000,0.000,0.000,0.000,0.0,0.0,0.0080,0.0043,5.41,0.0081,0.0043,2.32,0.0011,3.86,
42.851,2,DRIFT,1.748,0.000,-0.000,1.000,0.000,0.000,0.000,0.000,0.0,0.0,0.0076,0.0041,5.10,0.0081,0.0044,2.37,0.0009,3.55,
42.903,2,DRIFT,1.800,0.000,-0.000,1.000,0.000,0.000,0.000,0.000,0.0,0.0,0.0081,0.0044,5.49,0.0082,0.0045,2.42,0.0013,3.93,
42.951,2,DRIFT,1.848,0.000,-0.000,1.000,0.000,0.000,0.000,0.000,0.0,0.0,0.0074,0.0040,5.12,0.0082,0.0045,2.41,0.0009,3.57,
43.002,2,DRIFT,1.899,0.000,-0.000,1.000,0.000,0.000,0.000,0.000,0.0,0.0,0.0071,0.0039,4.97,0.0082,0.0045,2.41,0.0008,3.42,
43.052,2,DRIFT,1.949,0.000,-0.000,1.000,0.000,0.000,0.000,0.000,0.0,0.0,0.0073,0.0040,5.11,0.0082,0.0045,2.43,0.0009,3.55,
43.101,2,DRIFT,1.998,0.000,-0.000,1.000,0.000,0.000,0.000,0.000,0.0,0.0,0.0069,0.0038,4.83,0.0082,0.0045,2.42,0.0006,3.28,
43.153,2,DRIFT,2.050,0.000,-0.000,1.000,0.000,0.000,0.000,0.000,0.0,0.0,0.0073,0.0040,5.09,0.0082,0.0045,2.40,0.0008,3.54,
43.202,2,DRIFT,2.099,0.000,-0.000,1.000,0.000,0.000,0.000,0.000,0.0,0.0,0.0076,0.0042,5.22,0.0082,0.0045,2.41,0.0010,3.67,
43.251,2,DRIFT,2.148,0.000,-0.000,1.000,0.000,0.000,0.000,0.000,0.0,0.0,0.0082,0.0045,5.51,0.0082,0.0045,2.40,0.0013,3.95,
43.301,2,DRIFT,2.198,0.000,-0.000,1.000,0.000,0.000,0.000,0.000,0.0,0.0,0.0082,0.0045,5.51,0.0082,0.0045,2.41,0.0013,3.96,
43.351,2,DRIFT,2.248,0.000,-0.000,1.000,0.000,0.000,0.000,0.000,0.0,0.0,0.0075,0.0041,5.14,0.0082,0.0045,2.42,0.0009,3.59,
43.403,2,DRIFT,2.300,0.000,-0.000,1.000,0.000,0.000,0.000,0.000,0.0,0.0,0.0082,0.0045,5.49,0.0082,0.0045,2.41,0.0013,3.94,
43.452,2,DRIFT,2.349,0.000,-0.000,1.000,0.000,0.000,0.000,0.000,0.0,0.0,0.0075,0.0041,5.21,0.0082,0.0045,2.43,0.0009,3.66,
43.501,2,DRIFT,2.398,0.000,-0.000,1.000,0.000,0.000,0.000,0.000,0.0,0.0,0.0082,0.0045,5.45,0.0082,0.0045,2.40,0.0013,3.90,
43.551,2,DRIFT,2.448,0.000,-0.000,1.000,0.000,0.000,0.000,0.000,0.0,0.0,0.0076,0.0041,5.16,0.0082,0.0045,2.41,0.0010,3.61,
43.603,3,DRIFT,2.500,0.000,0.000,0.000,0.000,0.000,0.000,0.000,0.0,0.0,0.0072,0.0039,5.08,0.0082,0.0045,2.42,0.0008,3.53,FIN_DRIFT_leg2_TIMEOUT_2.5s_2.50s
43.605,3,STOP_BEFORE_DRIVE,0.000,0.000,0.000,0.000,0.000,0.000,0.000,0.000,0.0,0.0,0.0072,0.0039,5.08,0.0082,0.0045,2.42,0.0008,3.53,
43.651,3,STOP_BEFORE_DRIVE,0.047,0.000,0.000,0.000,0.000,0.000,0.000,0.000,0.0,0.0,0.0082,0.0045,2.56,0.0082,0.0045,2.43,0.0013,1.01,
43.701,3,STOP_BEFORE_DRIVE,0.097,0.000,0.000,0.000,0.000,0.000,0.000,0.000,0.0,0.0,0.0078,0.0043,2.34,0.0082,0.0045,2.42,0.0011,0.79,
43.751,3,STOP_BEFORE_DRIVE,0.147,0.000,0.000,0.000,0.000,0.000,0.000,0.000,0.0,0.0,0.0075,0.0041,2.08,0.0082,0.0044,2.40,0.0009,0.53,
43.801,3,STOP_BEFORE_DRIVE,0.197,0.000,0.000,0.000,0.000,0.000,0.000,0.000,0.0,0.0,0.0075,0.0041,2.06,0.0082,0.0045,2.39,0.0009,0.51,
43.851,3,STOP_BEFORE_DRIVE,0.247,0.000,0.000,0.000,0.000,0.000,0.000,0.000,0.0,0.0,0.0082,0.0044,2.36,0.0082,0.0045,2.40,0.0013,0.81,
43.901,3,STOP_BEFORE_DRIVE,0.297,0.000,0.000,0.000,0.000,0.000,0.000,0.000,0.0,0.0,0.0074,0.0040,2.03,0.0082,0.0044,2.39,0.0009,0.48,
43.952,3,STOP_BEFORE_DRIVE,0.347,0.000,0.000,0.000,0.000,0.000,0.000,0.000,0.0,0.0,0.0076,0.0041,2.09,0.0082,0.0045,2.40,0.0009,0.54,
44.001,3,STOP_BEFORE_DRIVE,0.397,0.000,0.000,0.000,0.000,0.000,0.000,0.000,0.0,0.0,0.0082,0.0044,2.38,0.0082,0.0045,2.38,0.0013,0.82,
44.051,3,STOP_BEFORE_DRIVE,0.447,0.000,0.000,0.000,0.000,0.000,0.000,0.000,0.0,0.0,0.0075,0.0041,2.06,0.0082,0.0045,2.39,0.0009,0.51,
44.101,3,STOP_BEFORE_DRIVE,0.497,0.000,0.000,0.000,0.000,0.000,0.000,0.000,0.0,0.0,0.0074,0.0040,2.00,0.0082,0.0045,2.38,0.0008,0.45,
44.153,3,STOP_BEFORE_DRIVE,0.548,0.000,0.000,0.000,0.000,0.000,0.000,0.000,0.0,0.0,0.0082,0.0044,2.36,0.0082,0.0045,2.38,0.0013,0.81,
44.202,3,STOP_BEFORE_DRIVE,0.597,0.000,0.000,0.000,0.000,0.000,0.000,0.000,0.0,0.0,0.0077,0.0042,2.15,0.0082,0.0045,2.38,0.0010,0.60,
44.251,3,STOP_BEFORE_DRIVE,0.647,0.000,0.000,0.000,0.000,0.000,0.000,0.000,0.0,0.0,0.0074,0.0040,2.01,0.0082,0.0045,2.41,0.0008,0.46,
44.301,3,STOP_BEFORE_DRIVE,0.697,0.000,0.000,0.000,0.000,0.000,0.000,0.000,0.0,0.0,0.0073,0.0040,2.00,0.0082,0.0045,2.39,0.0008,0.45,
44.351,3,STOP_BEFORE_DRIVE,0.747,0.000,0.000,0.000,0.000,0.000,0.000,0.000,0.0,0.0,0.0075,0.0041,2.05,0.0082,0.0045,2.40,0.0009,0.50,
44.401,3,STOP_BEFORE_DRIVE,0.797,0.000,0.000,0.000,0.000,0.000,0.000,0.000,0.0,0.0,0.0076,0.0041,2.10,0.0082,0.0045,2.40,0.0010,0.55,
44.451,3,STOP_BEFORE_DRIVE,0.847,0.000,0.000,0.000,0.000,0.000,0.000,0.000,0.0,0.0,0.0075,0.0041,2.06,0.0082,0.0045,2.40,0.0009,0.51,
44.501,3,STOP_BEFORE_DRIVE,0.897,0.000,0.000,0.000,0.000,0.000,0.000,0.000,0.0,0.0,0.0082,0.0044,2.37,0.0082,0.0045,2.39,0.0013,0.82,
44.552,3,STOP_BEFORE_DRIVE,0.947,0.000,0.000,0.000,0.000,0.000,0.000,0.000,0.0,0.0,0.0076,0.0041,2.11,0.0081,0.0045,2.43,0.0010,0.56,
44.601,3,STOP_BEFORE_DRIVE,0.997,0.000,0.000,0.000,0.000,0.000,0.000,0.000,0.0,0.0,0.0081,0.0045,2.44,0.0081,0.0044,2.46,0.0013,0.89,
44.652,3,DRIVE,0.000,0.000,0.000,0.000,0.000,0.000,0.000,0.000,0.0,0.0,0.0076,0.0042,2.19,0.0081,0.0045,2.46,0.0000,0.00,
44.702,3,DRIVE,0.051,0.300,-0.040,0.003,0.000,0.000,0.000,0.000,0.0,0.0,0.0073,0.0040,2.05,0.0082,0.0045,2.44,-0.0002,-0.14,
44.752,3,DRIVE,0.100,0.300,-0.039,0.002,0.000,0.000,0.000,0.000,0.0,0.0,0.0222,0.0026,2.08,0.0081,0.0045,2.43,-0.0021,-0.12,
44.801,3,DRIVE,0.150,0.300,-0.039,0.007,0.000,0.000,0.000,0.000,0.0,0.0,0.0222,0.0021,1.78,0.0082,0.0045,2.46,-0.0027,-0.41,
44.852,3,DRIVE,0.201,0.300,-0.039,0.001,0.000,0.000,0.000,0.000,0.0,0.0,0.0234,0.0026,2.14,0.0081,0.0045,2.46,-0.0022,-0.05,
44.903,3,DRIVE,0.251,0.300,-0.039,0.005,0.000,0.000,0.000,0.000,0.0,0.0,0.0223,0.0023,1.90,0.0083,0.0045,2.32,-0.0024,-0.29,
44.951,3,DRIVE,0.300,0.300,-0.039,0.009,0.000,0.000,0.000,0.000,0.0,0.0,0.0226,0.0021,1.70,0.0088,0.0046,2.33,-0.0026,-0.50,
45.001,3,DRIVE,0.350,0.300,-0.039,0.009,0.000,0.000,0.000,0.000,0.0,0.0,0.0230,0.0022,1.70,0.0090,0.0047,2.33,-0.0025,-0.49,
45.051,3,DRIVE,0.400,0.300,-0.039,0.003,0.000,0.000,0.000,0.000,0.0,0.0,0.0238,0.0027,2.01,0.0089,0.0047,2.34,-0.0021,-0.18,
45.102,3,DRIVE,0.450,0.300,-0.039,0.007,0.000,0.000,0.000,0.000,0.0,0.0,0.0233,0.0024,1.79,0.0089,0.0047,2.34,-0.0024,-0.41,
45.153,3,DRIVE,0.501,0.300,-0.039,0.002,0.000,0.000,0.000,0.000,0.0,0.0,0.0236,0.0028,2.06,0.0089,0.0047,2.36,-0.0019,-0.14,
45.201,3,DRIVE,0.550,0.300,-0.039,0.004,0.000,0.000,0.000,0.000,0.0,0.0,0.0238,0.0027,1.97,0.0089,0.0047,2.34,-0.0021,-0.22,
45.251,3,DRIVE,0.600,0.300,-0.039,0.004,0.000,0.000,0.000,0.000,0.0,0.0,0.0238,0.0027,1.97,0.0089,0.0047,2.36,-0.0021,-0.23,
45.301,3,DRIVE,0.650,0.300,-0.039,0.006,0.000,0.000,0.000,0.000,0.0,0.0,0.0232,0.0025,1.85,0.0089,0.0047,2.35,-0.0023,-0.35,
45.351,3,DRIVE,0.700,0.300,-0.039,0.002,0.000,0.000,0.000,0.000,0.0,0.0,0.0238,0.0028,2.06,0.0089,0.0047,2.37,-0.0019,-0.13,
45.403,3,DRIVE,0.752,0.300,-0.039,0.010,0.000,0.000,0.000,0.000,0.0,0.0,0.0230,0.0020,1.61,0.0089,0.0047,2.35,-0.0027,-0.58,
45.451,3,DRIVE,0.800,0.300,-0.039,0.007,0.000,0.000,0.000,0.000,0.0,0.0,0.0229,0.0024,1.78,0.0089,0.0047,2.35,-0.0024,-0.41,
45.501,3,DRIVE,0.850,0.300,-0.039,0.002,0.000,0.000,0.000,0.000,0.0,0.0,0.0238,0.0028,2.07,0.0089,0.0047,2.35,-0.0019,-0.13,
45.551,3,DRIVE,0.900,0.300,-0.039,0.003,0.000,0.000,0.000,0.000,0.0,0.0,0.0238,0.0028,2.03,0.0089,0.0047,2.36,-0.0020,-0.17,
45.601,3,DRIVE,0.950,0.300,-0.039,0.012,0.000,0.000,0.000,0.000,0.0,0.0,0.0225,0.0018,1.48,0.0089,0.0047,2.35,-0.0030,-0.71,
45.654,3,DRIVE,1.003,0.300,-0.039,0.004,0.000,0.000,0.000,0.000,0.0,0.0,0.0238,0.0026,1.96,0.0089,0.0048,2.41,-0.0022,-0.23,
45.702,3,DRIVE,1.050,0.300,-0.039,0.001,0.000,0.000,0.000,0.000,0.0,0.0,0.0236,0.0030,2.12,0.0090,0.0048,2.42,-0.0018,-0.07,
45.751,3,DRIVE,1.100,0.300,-0.039,0.007,0.000,0.000,0.000,0.000,0.0,0.0,0.0229,0.0024,1.77,0.0090,0.0049,2.46,-0.0024,-0.42,
45.801,3,DRIVE,1.150,0.300,-0.039,0.002,0.000,0.000,0.000,0.000,0.0,0.0,0.0239,0.0028,2.06,0.0091,0.0049,2.48,-0.0019,-0.13,
45.852,3,DRIVE,1.201,0.300,-0.039,0.005,0.000,0.000,0.000,0.000,0.0,0.0,0.0236,0.0026,1.89,0.0091,0.0050,2.51,-0.0022,-0.30,
45.903,3,DRIVE,1.251,0.300,-0.040,-0.005,0.000,0.000,0.000,0.000,0.0,0.0,0.0245,0.0036,2.49,0.0091,0.0050,2.51,-0.0012,0.30,
45.952,3,DRIVE,1.300,0.300,-0.039,0.007,0.000,0.000,0.000,0.000,0.0,0.0,0.0234,0.0025,1.82,0.0091,0.0050,2.52,-0.0023,-0.38,
46.002,3,DRIVE,1.351,0.300,-0.039,0.005,0.000,0.000,0.000,0.000,0.0,0.0,0.0234,0.0026,1.90,0.0092,0.0050,2.51,-0.0022,-0.29,
46.051,3,DRIVE,1.400,0.300,-0.039,0.004,0.000,0.000,0.000,0.000,0.0,0.0,0.0231,0.0028,1.96,0.0091,0.0050,2.53,-0.0020,-0.23,
46.101,3,DRIVE,1.450,0.300,-0.039,0.007,0.000,0.000,0.000,0.000,0.0,0.0,0.0231,0.0025,1.82,0.0092,0.0050,2.51,-0.0023,-0.37,
46.154,3,DRIVE,1.503,0.300,-0.039,-0.000,0.000,0.000,0.000,0.000,0.0,0.0,0.0244,0.0031,2.20,0.0091,0.0050,2.52,-0.0017,0.00,
46.202,3,DRIVE,1.551,0.300,-0.039,0.008,0.000,0.000,0.000,0.000,0.0,0.0,0.0230,0.0023,1.72,0.0092,0.0050,2.52,-0.0025,-0.48,
46.252,3,DRIVE,1.600,0.300,-0.039,0.011,0.000,0.000,0.000,0.000,0.0,0.0,0.0225,0.0019,1.55,0.0091,0.0050,2.52,-0.0028,-0.65,
46.303,3,DRIVE,1.652,0.300,-0.039,0.003,0.000,0.000,0.000,0.000,0.0,0.0,0.0237,0.0028,2.02,0.0092,0.0050,2.51,-0.0020,-0.17,
46.351,3,DRIVE,1.700,0.300,-0.040,-0.000,0.000,0.000,0.000,0.000,0.0,0.0,0.0236,0.0031,2.20,0.0091,0.0050,2.52,-0.0016,0.00,
46.404,3,DRIVE,1.752,0.300,-0.039,0.001,0.000,0.000,0.000,0.000,0.0,0.0,0.0242,0.0030,2.16,0.0092,0.0050,2.51,-0.0018,-0.03,
46.451,3,DRIVE,1.800,0.300,-0.040,-0.005,0.000,0.000,0.000,0.000,0.0,0.0,0.0250,0.0035,2.48,0.0091,0.0050,2.52,-0.0013,0.28,
46.502,3,DRIVE,1.850,0.300,-0.039,0.003,0.000,0.000,0.000,0.000,0.0,0.0,0.0237,0.0028,2.02,0.0092,0.0050,2.51,-0.0019,-0.18,
46.551,3,DRIVE,1.900,0.300,-0.039,0.002,0.000,0.000,0.000,0.000,0.0,0.0,0.0238,0.0029,2.10,0.0091,0.0050,2.53,-0.0018,-0.10,
46.602,3,DRIVE,1.950,0.300,-0.039,0.001,0.000,0.000,0.000,0.000,0.0,0.0,0.0243,0.0030,2.16,0.0092,0.0050,2.51,-0.0018,-0.04,
46.653,3,DRIVE,2.001,0.300,-0.039,0.004,0.000,0.000,0.000,0.000,0.0,0.0,0.0232,0.0028,1.97,0.0092,0.0050,2.52,-0.0020,-0.23,
46.701,3,DRIVE,2.050,0.300,-0.039,0.007,0.000,0.000,0.000,0.000,0.0,0.0,0.0232,0.0025,1.82,0.0092,0.0050,2.49,-0.0023,-0.38,
46.751,3,DRIVE,2.100,0.300,-0.039,0.001,0.000,0.000,0.000,0.000,0.0,0.0,0.0241,0.0030,2.15,0.0091,0.0050,2.52,-0.0018,-0.04,
46.801,3,DRIVE,2.150,0.300,-0.040,-0.005,0.000,0.000,0.000,0.000,0.0,0.0,0.0248,0.0036,2.49,0.0092,0.0050,2.52,-0.0013,0.30,
46.851,3,DRIVE,2.200,0.300,-0.039,0.001,0.000,0.000,0.000,0.000,0.0,0.0,0.0241,0.0031,2.16,0.0091,0.0050,2.52,-0.0017,-0.03,
46.903,3,DRIVE,2.251,0.300,-0.039,0.002,0.000,0.000,0.000,0.000,0.0,0.0,0.0240,0.0029,2.11,0.0092,0.0050,2.51,-0.0018,-0.09,
46.952,3,DRIVE,2.300,0.300,-0.039,0.002,0.000,0.000,0.000,0.000,0.0,0.0,0.0241,0.0029,2.10,0.0091,0.0049,2.51,-0.0019,-0.10,
47.001,3,DRIVE,2.350,0.300,-0.039,0.003,0.000,0.000,0.000,0.000,0.0,0.0,0.0234,0.0028,2.02,0.0092,0.0050,2.51,-0.0019,-0.17,
47.051,3,DRIVE,2.400,0.300,-0.039,0.002,0.000,0.000,0.000,0.000,0.0,0.0,0.0240,0.0029,2.10,0.0091,0.0050,2.52,-0.0019,-0.09,
47.101,3,DRIVE,2.450,0.300,-0.040,-0.001,0.000,0.000,0.000,0.000,0.0,0.0,0.0241,0.0032,2.23,0.0092,0.0050,2.50,-0.0016,0.04,
47.154,3,DRIVE,2.502,0.300,-0.039,0.007,0.000,0.000,0.000,0.000,0.0,0.0,0.0234,0.0024,1.82,0.0091,0.0050,2.52,-0.0023,-0.37,
47.201,3,DRIVE,2.550,0.300,-0.039,0.007,0.000,0.000,0.000,0.000,0.0,0.0,0.0229,0.0025,1.82,0.0092,0.0050,2.51,-0.0023,-0.38,
47.252,3,DRIVE,2.601,0.300,-0.039,-0.000,0.000,0.000,0.000,0.000,0.0,0.0,0.0243,0.0031,2.19,0.0091,0.0050,2.52,-0.0017,0.00,
47.301,3,DRIVE,2.650,0.300,-0.039,0.005,0.000,0.000,0.000,0.000,0.0,0.0,0.0230,0.0026,1.90,0.0092,0.0050,2.51,-0.0021,-0.29,
47.351,3,DRIVE,2.700,0.300,-0.039,0.007,0.000,0.000,0.000,0.000,0.0,0.0,0.0231,0.0024,1.82,0.0091,0.0050,2.52,-0.0023,-0.38,
47.403,3,DRIVE,2.752,0.300,-0.039,0.001,0.000,0.000,0.000,0.000,0.0,0.0,0.0241,0.0030,2.15,0.0092,0.0050,2.50,-0.0018,-0.04,
47.451,3,DRIVE,2.800,0.300,-0.039,0.004,0.000,0.000,0.000,0.000,0.0,0.0,0.0234,0.0027,1.97,0.0091,0.0050,2.52,-0.0020,-0.23,
47.501,3,DRIVE,2.850,0.300,-0.039,0.004,0.000,0.000,0.000,0.000,0.0,0.0,0.0233,0.0027,1.97,0.0092,0.0050,2.51,-0.0020,-0.23,
47.552,3,DRIVE,2.900,0.300,-0.039,0.007,0.000,0.000,0.000,0.000,0.0,0.0,0.0234,0.0024,1.82,0.0092,0.0050,2.51,-0.0023,-0.38,
47.601,3,DRIVE,2.950,0.300,-0.039,0.002,0.000,0.000,0.000,0.000,0.0,0.0,0.0237,0.0029,2.09,0.0092,0.0050,2.52,-0.0018,-0.10,
47.653,3,DRIVE,3.001,0.300,-0.040,-0.005,0.000,0.000,0.000,0.000,0.0,0.0,0.0248,0.0036,2.49,0.0091,0.0050,2.54,-0.0013,0.30,
47.701,3,DRIVE,3.050,0.300,-0.039,0.001,0.000,0.000,0.000,0.000,0.0,0.0,0.0241,0.0031,2.16,0.0092,0.0050,2.51,-0.0017,-0.03,
47.751,3,DRIVE,3.100,0.300,-0.038,0.026,0.000,0.000,0.000,0.000,0.0,0.0,0.0228,-0.0008,0.69,0.0092,0.0050,2.51,-0.0056,-1.50,
47.802,3,DRIVE,3.150,0.300,-0.039,0.001,0.000,0.000,0.000,0.000,0.0,0.0,0.0240,0.0030,2.16,0.0092,0.0050,2.51,-0.0018,-0.03,
47.852,3,DRIVE,3.201,0.300,-0.039,0.004,0.000,0.000,0.000,0.000,0.0,0.0,0.0236,0.0027,1.97,0.0092,0.0050,2.53,-0.0021,-0.22,
47.903,3,DRIVE,3.252,0.300,-0.039,0.007,0.000,0.000,0.000,0.000,0.0,0.0,0.0230,0.0025,1.82,0.0092,0.0050,2.50,-0.0023,-0.38,
47.951,3,DRIVE,3.300,0.300,-0.039,0.002,0.000,0.000,0.000,0.000,0.0,0.0,0.0237,0.0029,2.09,0.0091,0.0050,2.52,-0.0018,-0.10,
48.001,3,DRIVE,3.350,0.300,-0.039,0.005,0.000,0.000,0.000,0.000,0.0,0.0,0.0233,0.0026,1.90,0.0092,0.0050,2.51,-0.0021,-0.29,
48.051,3,DRIVE,3.400,0.300,-0.040,-0.005,0.000,0.000,0.000,0.000,0.0,0.0,0.0249,0.0035,2.48,0.0091,0.0050,2.52,-0.0013,0.29,
48.101,3,DRIVE,3.450,0.300,-0.038,0.025,0.000,0.000,0.000,0.000,0.0,0.0,0.0231,-0.0006,0.77,0.0091,0.0050,2.52,-0.0054,-1.42,
48.155,3,DRIVE,3.503,0.300,-0.039,0.001,0.000,0.000,0.000,0.000,0.0,0.0,0.0241,0.0029,2.13,0.0092,0.0050,2.51,-0.0019,-0.07,
48.201,3,DRIVE,3.550,0.300,-0.039,0.013,0.000,0.000,0.000,0.000,0.0,0.0,0.0230,0.0015,1.43,0.0092,0.0050,2.52,-0.0032,-0.76,
48.251,3,DRIVE,3.600,0.300,-0.040,-0.001,0.000,0.000,0.000,0.000,0.0,0.0,0.0241,0.0032,2.26,0.0091,0.0050,2.52,-0.0016,0.07,
48.301,3,DRIVE,3.650,0.300,-0.040,-0.005,0.000,0.000,0.000,0.000,0.0,0.0,0.0247,0.0036,2.49,0.0092,0.0050,2.51,-0.0012,0.30,
48.351,3,DRIVE,3.700,0.300,-0.039,0.002,0.000,0.000,0.000,0.000,0.0,0.0,0.0240,0.0030,2.10,0.0092,0.0050,2.51,-0.0018,-0.09,
48.403,3,DRIVE,3.751,0.300,-0.039,0.003,0.000,0.000,0.000,0.000,0.0,0.0,0.0235,0.0028,2.02,0.0092,0.0050,2.51,-0.0019,-0.17,
48.451,3,DRIVE,3.800,0.300,-0.039,0.003,0.000,0.000,0.000,0.000,0.0,0.0,0.0239,0.0028,2.02,0.0091,0.0050,2.52,-0.0020,-0.17,
48.501,3,DRIVE,3.850,0.300,-0.039,-0.000,0.000,0.000,0.000,0.000,0.0,0.0,0.0241,0.0031,2.20,0.0092,0.0050,2.50,-0.0017,0.01,
48.551,3,DRIVE,3.900,0.300,-0.039,0.002,0.000,0.000,0.000,0.000,0.0,0.0,0.0240,0.0029,2.10,0.0091,0.0050,2.51,-0.0018,-0.10,
48.603,3,DRIVE,3.951,0.300,-0.039,-0.000,0.000,0.000,0.000,0.000,0.0,0.0,0.0245,0.0031,2.20,0.0092,0.0050,2.51,-0.0017,0.01,
48.653,3,DRIVE,4.002,0.300,-0.039,0.005,0.000,0.000,0.000,0.000,0.0,0.0,0.0235,0.0026,1.92,0.0091,0.0050,2.51,-0.0021,-0.28,
48.701,3,DRIVE,4.050,0.300,-0.040,-0.001,0.000,0.000,0.000,0.000,0.0,0.0,0.0240,0.0032,2.24,0.0092,0.0050,2.50,-0.0016,0.04,
48.752,3,DRIVE,4.101,0.300,-0.039,0.001,0.000,0.000,0.000,0.000,0.0,0.0,0.0243,0.0030,2.16,0.0092,0.0050,2.53,-0.0018,-0.04,
48.802,3,DRIVE,4.150,0.300,-0.039,0.005,0.000,0.000,0.000,0.000,0.0,0.0,0.0231,0.0026,1.90,0.0092,0.0050,2.51,-0.0021,-0.29,
48.851,3,DRIVE,4.200,0.300,-0.039,0.007,0.000,0.000,0.000,0.000,0.0,0.0,0.0231,0.0025,1.82,0.0092,0.0050,2.51,-0.0023,-0.38,
48.903,3,DRIVE,4.252,0.300,-0.039,0.004,0.000,0.000,0.000,0.000,0.0,0.0,0.0235,0.0027,1.97,0.0092,0.0050,2.50,-0.0021,-0.23,
48.951,3,DRIVE,4.300,0.300,-0.039,0.004,0.000,0.000,0.000,0.000,0.0,0.0,0.0233,0.0027,1.97,0.0092,0.0050,2.54,-0.0020,-0.22,
49.001,3,DRIVE,4.350,0.300,-0.039,0.002,0.000,0.000,0.000,0.000,0.0,0.0,0.0240,0.0029,2.09,0.0092,0.0050,2.51,-0.0019,-0.10,
49.051,3,DRIVE,4.400,0.300,-0.039,0.007,0.000,0.000,0.000,0.000,0.0,0.0,0.0231,0.0025,1.82,0.0092,0.0050,2.52,-0.0023,-0.37,
49.102,3,DRIVE,4.450,0.300,-0.039,0.006,0.000,0.000,0.000,0.000,0.0,0.0,0.0231,0.0025,1.85,0.0092,0.0050,2.52,-0.0022,-0.35,
49.153,3,DRIVE,4.501,0.300,-0.039,0.007,0.000,0.000,0.000,0.000,0.0,0.0,0.0230,0.0025,1.82,0.0092,0.0050,2.53,-0.0023,-0.37,
49.201,3,DRIVE,4.550,0.300,-0.039,0.005,0.000,0.000,0.000,0.000,0.0,0.0,0.0233,0.0026,1.90,0.0092,0.0050,2.51,-0.0022,-0.29,
49.251,3,DRIVE,4.600,0.300,-0.039,0.019,0.000,0.000,0.000,0.000,0.0,0.0,0.0211,0.0009,1.09,0.0091,0.0050,2.51,-0.0038,-1.10,
49.302,3,DRIVE,4.650,0.300,-0.039,0.001,0.000,0.000,0.000,0.000,0.0,0.0,0.0238,0.0029,2.12,0.0092,0.0050,2.51,-0.0019,-0.08,
49.351,3,DRIVE,4.700,0.300,-0.040,-0.005,0.000,0.000,0.000,0.000,0.0,0.0,0.0247,0.0036,2.49,0.0092,0.0050,2.52,-0.0013,0.29,
49.403,3,DRIVE,4.751,0.300,-0.040,-0.000,0.000,0.000,0.000,0.000,0.0,0.0,0.0242,0.0031,2.20,0.0092,0.0050,2.52,-0.0017,0.00,
49.451,3,DRIVE,4.800,0.300,-0.039,0.002,0.000,0.000,0.000,0.000,0.0,0.0,0.0239,0.0030,2.10,0.0092,0.0050,2.52,-0.0018,-0.09,
49.501,3,DRIVE,4.850,0.300,-0.039,0.002,0.000,0.000,0.000,0.000,0.0,0.0,0.0240,0.0029,2.10,0.0092,0.0050,2.51,-0.0019,-0.09,
49.551,3,DRIVE,4.899,0.300,-0.039,0.002,0.000,0.000,0.000,0.000,0.0,0.0,0.0240,0.0029,2.10,0.0091,0.0050,2.52,-0.0019,-0.09,
49.602,3,DRIVE,4.950,0.300,-0.039,0.002,0.000,0.000,0.000,0.000,0.0,0.0,0.0238,0.0029,2.06,0.0092,0.0050,2.52,-0.0019,-0.13,
49.653,3,DRIVE,5.002,0.300,-0.039,0.003,0.000,0.000,0.000,0.000,0.0,0.0,0.0240,0.0028,2.02,0.0092,0.0050,2.52,-0.0020,-0.17,
49.702,3,DRIVE,5.050,0.300,-0.039,0.005,0.000,0.000,0.000,0.000,0.0,0.0,0.0234,0.0026,1.90,0.0092,0.0050,2.50,-0.0022,-0.29,
49.751,3,DRIVE,5.100,0.300,-0.039,0.009,0.000,0.000,0.000,0.000,0.0,0.0,0.0224,0.0023,1.70,0.0091,0.0050,2.53,-0.0025,-0.49,
49.801,3,DRIVE,5.150,0.300,-0.039,0.001,0.000,0.000,0.000,0.000,0.0,0.0,0.0240,0.0030,2.15,0.0092,0.0050,2.50,-0.0018,-0.04,
49.852,3,DRIVE,5.200,0.300,-0.039,-0.000,0.000,0.000,0.000,0.000,0.0,0.0,0.0242,0.0031,2.20,0.0092,0.0050,2.52,-0.0017,0.01,
49.903,3,DRIVE,5.251,0.300,-0.039,0.001,0.000,0.000,0.000,0.000,0.0,0.0,0.0239,0.0031,2.15,0.0092,0.0050,2.51,-0.0017,-0.04,
49.951,3,DRIVE,5.300,0.300,-0.039,0.002,0.000,0.000,0.000,0.000,0.0,0.0,0.0240,0.0029,2.10,0.0092,0.0050,2.51,-0.0018,-0.10,
50.002,3,DRIVE,5.351,0.300,-0.040,-0.001,0.000,0.000,0.000,0.000,0.0,0.0,0.0244,0.0032,2.23,0.0092,0.0050,2.50,-0.0017,0.04,
50.052,3,DRIVE,5.400,0.300,-0.039,0.002,0.000,0.000,0.000,0.000,0.0,0.0,0.0239,0.0030,2.11,0.0091,0.0050,2.53,-0.0018,-0.09,
50.102,3,DRIVE,5.451,0.300,-0.039,0.007,0.000,0.000,0.000,0.000,0.0,0.0,0.0233,0.0024,1.82,0.0092,0.0050,2.51,-0.0023,-0.38,
50.154,3,DRIVE,5.502,0.300,-0.040,-0.001,0.000,0.000,0.000,0.000,0.0,0.0,0.0240,0.0032,2.23,0.0092,0.0050,2.52,-0.0016,0.04,
50.201,3,DRIVE,5.550,0.300,-0.040,-0.005,0.000,0.000,0.000,0.000,0.0,0.0,0.0248,0.0036,2.48,0.0092,0.0050,2.51,-0.0013,0.29,
50.251,3,DRIVE,5.600,0.300,-0.039,0.006,0.000,0.000,0.000,0.000,0.0,0.0,0.0232,0.0025,1.82,0.0092,0.0050,2.53,-0.0023,-0.37,
50.302,3,DRIVE,5.650,0.300,-0.039,0.004,0.000,0.000,0.000,0.000,0.0,0.0,0.0236,0.0027,1.97,0.0092,0.0050,2.51,-0.0021,-0.23,
50.351,3,DRIVE,5.700,0.300,-0.039,0.005,0.000,0.000,0.000,0.000,0.0,0.0,0.0231,0.0026,1.90,0.0092,0.0050,2.53,-0.0021,-0.29,
50.403,3,DRIVE,5.751,0.300,-0.039,0.009,0.000,0.000,0.000,0.000,0.0,0.0,0.0230,0.0022,1.70,0.0092,0.0050,2.49,-0.0025,-0.49,
50.452,3,DRIVE,5.800,0.300,-0.040,-0.001,0.000,0.000,0.000,0.000,0.0,0.0,0.0243,0.0031,2.23,0.0092,0.0050,2.52,-0.0017,0.04,
50.501,3,DRIVE,5.850,0.300,-0.039,0.002,0.000,0.000,0.000,0.000,0.0,0.0,0.0238,0.0030,2.10,0.0092,0.0050,2.51,-0.0018,-0.09,
50.551,3,DRIVE,5.900,0.300,-0.039,0.002,0.000,0.000,0.000,0.000,0.0,0.0,0.0240,0.0029,2.10,0.0092,0.0050,2.53,-0.0018,-0.09,
50.602,3,DRIVE,5.950,0.300,-0.039,0.004,0.000,0.000,0.000,0.000,0.0,0.0,0.0237,0.0027,1.97,0.0092,0.0050,2.51,-0.0021,-0.23,
50.653,3,DRIVE,6.001,0.300,-0.039,0.001,0.000,0.000,0.000,0.000,0.0,0.0,0.0238,0.0031,2.15,0.0092,0.0050,2.53,-0.0017,-0.04,
50.701,3,DRIVE,6.050,0.300,-0.039,0.001,0.000,0.000,0.000,0.000,0.0,0.0,0.0240,0.0030,2.15,0.0092,0.0050,2.51,-0.0017,-0.04,
50.751,3,DRIVE,6.100,0.300,-0.039,0.003,0.000,0.000,0.000,0.000,0.0,0.0,0.0240,0.0028,2.02,0.0091,0.0050,2.52,-0.0020,-0.17,
50.802,3,DRIVE,6.150,0.300,-0.039,0.002,0.000,0.000,0.000,0.000,0.0,0.0,0.0237,0.0029,2.06,0.0092,0.0050,2.49,-0.0019,-0.13,
50.851,3,DRIVE,6.200,0.300,-0.039,0.002,0.000,0.000,0.000,0.000,0.0,0.0,0.0239,0.0030,2.10,0.0092,0.0050,2.52,-0.0018,-0.09,
50.904,3,DRIVE,6.252,0.300,-0.039,0.001,0.000,0.000,0.000,0.000,0.0,0.0,0.0244,0.0030,2.15,0.0092,0.0050,2.51,-0.0018,-0.04,
50.952,3,DRIVE,6.300,0.300,-0.039,0.004,0.000,0.000,0.000,0.000,0.0,0.0,0.0233,0.0028,1.97,0.0092,0.0050,2.51,-0.0020,-0.22,
51.001,3,DRIVE,6.350,0.300,-0.039,0.002,0.000,0.000,0.000,0.000,0.0,0.0,0.0238,0.0029,2.09,0.0092,0.0050,2.51,-0.0018,-0.10,
51.051,3,DRIVE,6.400,0.300,-0.040,-0.005,0.000,0.000,0.000,0.000,0.0,0.0,0.0252,0.0035,2.48,0.0091,0.0050,2.53,-0.0013,0.28,
51.102,3,DRIVE,6.451,0.300,-0.040,-0.001,0.000,0.000,0.000,0.000,0.0,0.0,0.0244,0.0032,2.23,0.0091,0.0050,2.50,-0.0016,0.04,
51.153,3,DRIVE,6.501,0.300,-0.039,0.006,0.000,0.000,0.000,0.000,0.0,0.0,0.0229,0.0025,1.82,0.0092,0.0050,2.52,-0.0022,-0.37,
51.202,3,DRIVE,6.550,0.300,-0.039,0.007,0.000,0.000,0.000,0.000,0.0,0.0,0.0233,0.0024,1.82,0.0092,0.0050,2.52,-0.0023,-0.38,
51.252,3,DRIVE,6.601,0.300,-0.039,0.004,0.000,0.000,0.000,0.000,0.0,0.0,0.0236,0.0027,1.97,0.0092,0.0050,2.53,-0.0021,-0.22,
51.301,3,DRIVE,6.650,0.300,-0.039,0.001,0.000,0.000,0.000,0.000,0.0,0.0,0.0237,0.0031,2.15,0.0092,0.0050,2.51,-0.0017,-0.04,
51.352,3,DRIVE,6.700,0.300,-0.039,0.007,0.000,0.000,0.000,0.000,0.0,0.0,0.0233,0.0025,1.82,0.0092,0.0050,2.52,-0.0023,-0.37,
51.404,3,DRIVE,6.753,0.300,-0.039,0.009,0.000,0.000,0.000,0.000,0.0,0.0,0.0229,0.0022,1.70,0.0092,0.0050,2.51,-0.0025,-0.49,
51.452,3,DRIVE,6.800,0.300,-0.039,0.004,0.000,0.000,0.000,0.000,0.0,0.0,0.0232,0.0027,1.97,0.0092,0.0050,2.53,-0.0020,-0.22,
51.502,3,DRIVE,6.851,0.300,-0.039,0.008,0.000,0.000,0.000,0.000,0.0,0.0,0.0231,0.0022,1.71,0.0092,0.0050,2.51,-0.0025,-0.49,
51.551,3,DRIVE,6.900,0.300,-0.039,0.004,0.000,0.000,0.000,0.000,0.0,0.0,0.0230,0.0027,1.97,0.0092,0.0050,2.52,-0.0020,-0.23,
51.602,3,DRIVE,6.950,0.300,-0.039,0.005,0.000,0.000,0.000,0.000,0.0,0.0,0.0234,0.0026,1.90,0.0092,0.0050,2.50,-0.0022,-0.30,
51.653,3,DRIVE,7.002,0.300,-0.039,0.005,0.000,0.000,0.000,0.000,0.0,0.0,0.0233,0.0026,1.90,0.0092,0.0050,2.51,-0.0022,-0.29,
51.701,3,DRIVE,7.050,0.300,-0.039,-0.000,0.000,0.000,0.000,0.000,0.0,0.0,0.0239,0.0031,2.20,0.0092,0.0050,2.51,-0.0017,0.00,
51.752,3,DRIVE,7.101,0.300,-0.039,0.001,0.000,0.000,0.000,0.000,0.0,0.0,0.0242,0.0030,2.16,0.0092,0.0050,2.54,-0.0018,-0.03,
51.801,3,DRIVE,7.150,0.300,-0.039,0.002,0.000,0.000,0.000,0.000,0.0,0.0,0.0238,0.0030,2.10,0.0092,0.0050,2.50,-0.0018,-0.09,
51.852,3,DRIVE,7.200,0.300,-0.040,-0.005,0.000,0.000,0.000,0.000,0.0,0.0,0.0250,0.0036,2.50,0.0092,0.0050,2.53,-0.0013,0.30,
51.904,3,DRIVE,7.253,0.300,-0.039,-0.000,0.000,0.000,0.000,0.000,0.0,0.0,0.0242,0.0031,2.20,0.0092,0.0050,2.51,-0.0017,0.01,
51.951,3,DRIVE,7.300,0.300,-0.040,-0.005,0.000,0.000,0.000,0.000,0.0,0.0,0.0247,0.0036,2.49,0.0092,0.0050,2.53,-0.0012,0.30,
52.001,3,DRIVE,7.350,0.300,-0.039,0.002,0.000,0.000,0.000,0.000,0.0,0.0,0.0241,0.0030,2.11,0.0092,0.0050,2.49,-0.0018,-0.09,
52.052,3,DRIVE,7.400,0.300,-0.039,-0.000,0.000,0.000,0.000,0.000,0.0,0.0,0.0242,0.0031,2.20,0.0092,0.0050,2.51,-0.0017,0.01,
52.102,3,DRIVE,7.450,0.300,-0.039,0.002,0.000,0.000,0.000,0.000,0.0,0.0,0.0241,0.0029,2.10,0.0092,0.0050,2.51,-0.0019,-0.09,
52.153,3,DRIVE,7.501,0.300,-0.039,0.005,0.000,0.000,0.000,0.000,0.0,0.0,0.0231,0.0026,1.90,0.0092,0.0050,2.53,-0.0021,-0.29,
52.202,3,DRIVE,7.550,0.300,-0.039,0.005,0.000,0.000,0.000,0.000,0.0,0.0,0.0234,0.0026,1.90,0.0092,0.0050,2.50,-0.0022,-0.29,
52.253,3,DRIVE,7.601,0.300,-0.039,0.005,0.000,0.000,0.000,0.000,0.0,0.0,0.0237,0.0026,1.90,0.0092,0.0050,2.53,-0.0022,-0.29,
52.301,3,DRIVE,7.650,0.300,-0.039,0.004,0.000,0.000,0.000,0.000,0.0,0.0,0.0230,0.0028,1.97,0.0092,0.0050,2.50,-0.0020,-0.22,
52.354,3,DRIVE,7.702,0.300,-0.039,0.001,0.000,0.000,0.000,0.000,0.0,0.0,0.0247,0.0030,2.16,0.0092,0.0050,2.53,-0.0018,-0.04,
52.403,3,DRIVE,7.752,0.300,-0.039,0.006,0.000,0.000,0.000,0.000,0.0,0.0,0.0226,0.0025,1.82,0.0092,0.0050,2.52,-0.0022,-0.37,
52.451,3,DRIVE,7.800,0.300,-0.039,0.005,0.000,0.000,0.000,0.000,0.0,0.0,0.0232,0.0026,1.90,0.0092,0.0050,2.53,-0.0021,-0.29,
52.501,3,DRIVE,7.850,0.300,-0.039,0.001,0.000,0.000,0.000,0.000,0.0,0.0,0.0241,0.0030,2.15,0.0092,0.0050,2.50,-0.0018,-0.04,
52.551,3,DRIVE,7.900,0.300,-0.039,0.001,0.000,0.000,0.000,0.000,0.0,0.0,0.0241,0.0030,2.16,0.0092,0.0050,2.53,-0.0018,-0.03,
52.601,3,DRIVE,7.950,0.300,-0.040,-0.000,0.000,0.000,0.000,0.000,0.0,0.0,0.0240,0.0031,2.20,0.0092,0.0050,2.51,-0.0017,0.01,
52.653,3,DRIVE,8.001,0.300,-0.039,0.001,0.000,0.000,0.000,0.000,0.0,0.0,0.0241,0.0031,2.16,0.0092,0.0050,2.53,-0.0017,-0.03,
52.701,3,DRIVE,8.050,0.300,-0.039,0.007,0.000,0.000,0.000,0.000,0.0,0.0,0.0232,0.0025,1.82,0.0092,0.0050,2.51,-0.0023,-0.37,
52.752,3,DRIVE,8.101,0.300,-0.039,0.001,0.000,0.000,0.000,0.000,0.0,0.0,0.0243,0.0030,2.15,0.0092,0.0050,2.54,-0.0018,-0.04,
52.802,3,DRIVE,8.150,0.300,-0.039,0.003,0.000,0.000,0.000,0.000,0.0,0.0,0.0234,0.0028,2.02,0.0092,0.0050,2.51,-0.0019,-0.18,
52.851,3,DRIVE,8.200,0.300,-0.040,-0.005,0.000,0.000,0.000,0.000,0.0,0.0,0.0248,0.0035,2.48,0.0092,0.0050,2.53,-0.0013,0.29,
52.903,3,DRIVE,8.251,0.300,-0.039,0.002,0.000,0.000,0.000,0.000,0.0,0.0,0.0241,0.0030,2.11,0.0092,0.0050,2.51,-0.0018,-0.09,
52.951,3,DRIVE,8.300,0.300,-0.039,0.001,0.000,0.000,0.000,0.000,0.0,0.0,0.0241,0.0030,2.16,0.0092,0.0050,2.53,-0.0018,-0.04,
53.001,3,DRIVE,8.350,0.300,-0.039,0.002,0.000,0.000,0.000,0.000,0.0,0.0,0.0240,0.0029,2.10,0.0092,0.0050,2.51,-0.0018,-0.09,
53.051,3,DRIVE,8.400,0.300,-0.039,-0.000,0.000,0.000,0.000,0.000,0.0,0.0,0.0240,0.0031,2.20,0.0092,0.0050,2.52,-0.0017,0.00,
53.101,3,DRIVE,8.450,0.300,-0.039,0.001,0.000,0.000,0.000,0.000,0.0,0.0,0.0241,0.0030,2.16,0.0092,0.0050,2.51,-0.0017,-0.04,
53.153,3,DRIVE,8.501,0.300,-0.039,-0.000,0.000,0.000,0.000,0.000,0.0,0.0,0.0241,0.0031,2.20,0.0092,0.0050,2.52,-0.0017,0.01,
53.201,3,DRIVE,8.550,0.300,-0.039,0.007,0.000,0.000,0.000,0.000,0.0,0.0,0.0232,0.0025,1.82,0.0092,0.0050,2.50,-0.0023,-0.38,
53.252,3,DRIVE,8.600,0.300,-0.039,0.004,0.000,0.000,0.000,0.000,0.0,0.0,0.0237,0.0027,1.97,0.0092,0.0050,2.51,-0.0021,-0.22,
53.302,3,DRIVE,8.650,0.300,-0.039,0.007,0.000,0.000,0.000,0.000,0.0,0.0,0.0227,0.0024,1.78,0.0092,0.0050,2.51,-0.0023,-0.41,
53.351,3,DRIVE,8.700,0.300,-0.039,0.010,0.000,0.000,0.000,0.000,0.0,0.0,0.0224,0.0021,1.60,0.0092,0.0050,2.52,-0.0027,-0.59,
53.404,3,DRIVE,8.752,0.300,-0.039,0.009,0.000,0.000,0.000,0.000,0.0,0.0,0.0228,0.0022,1.70,0.0092,0.0050,2.51,-0.0025,-0.50,
53.451,3,DRIVE,8.800,0.300,-0.039,0.007,0.000,0.000,0.000,0.000,0.0,0.0,0.0229,0.0025,1.82,0.0092,0.0050,2.52,-0.0023,-0.38,
53.501,3,DRIVE,8.850,0.300,-0.039,0.007,0.000,0.000,0.000,0.000,0.0,0.0,0.0229,0.0024,1.78,0.0092,0.0050,2.50,-0.0024,-0.41,
53.551,3,DRIVE,8.900,0.300,-0.039,0.015,0.000,0.000,0.000,0.000,0.0,0.0,0.0217,0.0014,1.31,0.0092,0.0050,2.51,-0.0033,-0.88,
53.601,3,DRIVE,8.950,0.300,-0.040,-0.001,0.000,0.000,0.000,0.000,0.0,0.0,0.0240,0.0031,2.24,0.0092,0.0050,2.51,-0.0017,0.04,
53.654,3,DRIVE,9.002,0.300,-0.039,0.001,0.000,0.000,0.000,0.000,0.0,0.0,0.0243,0.0030,2.16,0.0092,0.0050,2.52,-0.0018,-0.04,
53.701,3,DRIVE,9.050,0.300,-0.040,-0.000,0.000,0.000,0.000,0.000,0.0,0.0,0.0238,0.0031,2.20,0.0092,0.0050,2.52,-0.0016,0.01,
53.751,3,DRIVE,9.100,0.300,-0.039,0.005,0.000,0.000,0.000,0.000,0.0,0.0,0.0233,0.0026,1.90,0.0092,0.0050,2.52,-0.0021,-0.29,
53.801,3,DRIVE,9.150,0.300,-0.039,0.007,0.000,0.000,0.000,0.000,0.0,0.0,0.0231,0.0025,1.81,0.0092,0.0050,2.51,-0.0023,-0.38,
53.851,3,DRIVE,9.200,0.300,-0.039,0.004,0.000,0.000,0.000,0.000,0.0,0.0,0.0234,0.0027,1.97,0.0092,0.0050,2.53,-0.0020,-0.23,
53.904,3,DRIVE,9.252,0.300,-0.039,0.010,0.000,0.000,0.000,0.000,0.0,0.0,0.0227,0.0021,1.63,0.0092,0.0050,2.51,-0.0027,-0.57,
53.952,3,DRIVE,9.300,0.300,-0.039,0.007,0.000,0.000,0.000,0.000,0.0,0.0,0.0229,0.0024,1.82,0.0092,0.0050,2.52,-0.0023,-0.38,
54.001,3,DRIVE,9.349,0.300,-0.039,0.005,0.000,0.000,0.000,0.000,0.0,0.0,0.0231,0.0026,1.90,0.0092,0.0050,2.51,-0.0021,-0.30,
54.052,3,DRIVE,9.401,0.300,-0.039,0.004,0.000,0.000,0.000,0.000,0.0,0.0,0.0237,0.0027,1.97,0.0092,0.0050,2.50,-0.0021,-0.23,
54.101,3,DRIVE,9.450,0.300,-0.039,0.008,0.000,0.000,0.000,0.000,0.0,0.0,0.0227,0.0023,1.71,0.0092,0.0050,2.51,-0.0025,-0.49,
54.153,3,DRIVE,9.501,0.300,-0.039,0.005,0.000,0.000,0.000,0.000,0.0,0.0,0.0238,0.0025,1.89,0.0092,0.0050,2.50,-0.0023,-0.31,
54.202,3,DRIVE,9.551,0.300,-0.039,-0.000,0.000,0.000,0.000,0.000,0.0,0.0,0.0244,0.0031,2.20,0.0092,0.0050,2.50,-0.0017,0.01,
54.251,3,DRIVE,9.600,0.300,-0.039,0.002,0.000,0.000,0.000,0.000,0.0,0.0,0.0233,0.0029,2.06,0.0092,0.0050,2.52,-0.0018,-0.13,
54.301,3,DRIVE,9.650,0.300,-0.039,0.002,0.000,0.000,0.000,0.000,0.0,0.0,0.0240,0.0029,2.10,0.0092,0.0050,2.51,-0.0019,-0.10,
54.352,3,DRIVE,9.701,0.300,-0.040,-0.005,0.000,0.000,0.000,0.000,0.0,0.0,0.0252,0.0035,2.49,0.0092,0.0050,2.53,-0.0013,0.30,
54.403,3,DRIVE,9.751,0.300,-0.039,0.004,0.000,0.000,0.000,0.000,0.0,0.0,0.0231,0.0028,1.96,0.0091,0.0050,2.51,-0.0020,-0.23,
54.451,3,DRIVE,9.800,0.300,-0.039,0.002,0.000,0.000,0.000,0.000,0.0,0.0,0.0240,0.0029,2.10,0.0092,0.0050,2.51,-0.0019,-0.10,
54.501,3,DRIVE,9.850,0.300,-0.039,0.002,0.000,0.000,0.000,0.000,0.0,0.0,0.0240,0.0029,2.10,0.0092,0.0050,2.52,-0.0019,-0.10,
54.552,3,DRIVE,9.901,0.300,-0.039,0.004,0.000,0.000,0.000,0.000,0.0,0.0,0.0237,0.0027,1.97,0.0092,0.0050,2.53,-0.0021,-0.22,
54.602,3,DRIVE,9.950,0.300,-0.039,0.007,0.000,0.000,0.000,0.000,0.0,0.0,0.0228,0.0024,1.78,0.0092,0.0050,2.51,-0.0023,-0.42,
54.653,3,DRIVE,10.001,0.300,-0.039,0.002,0.000,0.000,0.000,0.000,0.0,0.0,0.0237,0.0029,2.10,0.0092,0.0050,2.52,-0.0018,-0.10,
54.702,3,DRIVE,10.051,0.000,0.000,0.000,0.000,0.000,0.000,0.000,0.0,0.0,0.0240,0.0030,2.15,0.0092,0.0050,2.51,-0.0018,-0.05,FIN_DRIVE_leg3_TIMEOUT_10.0s
54.703,3,STOP_BEFORE_SPIN,0.000,0.000,0.000,0.000,0.000,0.000,0.000,0.000,0.0,0.0,0.0240,0.0030,2.15,0.0092,0.0050,2.51,-0.0018,-0.05,
54.752,3,STOP_BEFORE_SPIN,0.050,0.000,0.000,0.000,0.000,0.000,0.000,0.000,0.0,0.0,0.0081,0.0040,1.82,0.0092,0.0050,2.53,-0.0002,-0.37,
54.802,3,STOP_BEFORE_SPIN,0.099,0.000,0.000,0.000,0.000,0.000,0.000,0.000,0.0,0.0,0.0083,0.0043,2.01,0.0092,0.0050,2.51,0.0001,-0.18,
54.851,3,STOP_BEFORE_SPIN,0.148,0.000,0.000,0.000,0.000,0.000,0.000,0.000,0.0,0.0,0.0083,0.0045,2.14,0.0092,0.0049,2.51,0.0003,-0.06,
54.902,3,STOP_BEFORE_SPIN,0.200,0.000,0.000,0.000,0.000,0.000,0.000,0.000,0.0,0.0,0.0077,0.0041,1.88,0.0092,0.0049,2.49,-0.0000,-0.31,
54.951,3,STOP_BEFORE_SPIN,0.248,0.000,0.000,0.000,0.000,0.000,0.000,0.000,0.0,0.0,0.0074,0.0040,1.79,0.0092,0.0050,2.51,-0.0002,-0.40,
55.001,3,STOP_BEFORE_SPIN,0.299,0.000,0.000,0.000,0.000,0.000,0.000,0.000,0.0,0.0,0.0078,0.0042,1.93,0.0092,0.0049,2.49,0.0000,-0.26,
55.052,3,STOP_BEFORE_SPIN,0.349,0.000,0.000,0.000,0.000,0.000,0.000,0.000,0.0,0.0,0.0074,0.0040,1.80,0.0092,0.0049,2.52,-0.0002,-0.40,
55.101,3,STOP_BEFORE_SPIN,0.398,0.000,0.000,0.000,0.000,0.000,0.000,0.000,0.0,0.0,0.0076,0.0041,1.87,0.0092,0.0049,2.51,-0.0001,-0.32,
55.151,3,STOP_BEFORE_SPIN,0.449,0.000,0.000,0.000,0.000,0.000,0.000,0.000,0.0,0.0,0.0082,0.0044,2.07,0.0092,0.0050,2.51,0.0002,-0.12,
55.201,3,STOP_BEFORE_SPIN,0.498,0.000,0.000,0.000,0.000,0.000,0.000,0.000,0.0,0.0,0.0083,0.0045,2.13,0.0092,0.0049,2.49,0.0003,-0.06,
55.252,3,STOP_BEFORE_SPIN,0.549,0.000,0.000,0.000,0.000,0.000,0.000,0.000,0.0,0.0,0.0084,0.0045,2.19,0.0092,0.0049,2.50,0.0004,-0.01,
55.302,3,STOP_BEFORE_SPIN,0.600,0.000,0.000,0.000,0.000,0.000,0.000,0.000,0.0,0.0,0.0077,0.0041,1.89,0.0092,0.0049,2.49,-0.0000,-0.30,
55.351,3,STOP_BEFORE_SPIN,0.648,0.000,0.000,0.000,0.000,0.000,0.000,0.000,0.0,0.0,0.0083,0.0045,2.13,0.0092,0.0049,2.50,0.0003,-0.06,
55.402,3,STOP_BEFORE_SPIN,0.700,0.000,0.000,0.000,0.000,0.000,0.000,0.000,0.0,0.0,0.0074,0.0040,1.81,0.0092,0.0050,2.49,-0.0001,-0.39,
55.451,3,STOP_BEFORE_SPIN,0.749,0.000,0.000,0.000,0.000,0.000,0.000,0.000,0.0,0.0,0.0076,0.0041,1.87,0.0092,0.0050,2.51,-0.0000,-0.32,
55.502,3,STOP_BEFORE_SPIN,0.799,0.000,0.000,0.000,0.000,0.000,0.000,0.000,0.0,0.0,0.0085,0.0046,2.20,0.0092,0.0049,2.48,0.0004,0.00,
55.551,3,STOP_BEFORE_SPIN,0.848,0.000,0.000,0.000,0.000,0.000,0.000,0.000,0.0,0.0,0.0071,0.0039,1.71,0.0092,0.0050,2.51,-0.0003,-0.48,
55.601,3,STOP_BEFORE_SPIN,0.898,0.000,0.000,0.000,0.000,0.000,0.000,0.000,0.0,0.0,0.0084,0.0045,2.16,0.0092,0.0049,2.51,0.0003,-0.03,
55.651,3,STOP_BEFORE_SPIN,0.949,0.000,0.000,0.000,0.000,0.000,0.000,0.000,0.0,0.0,0.0082,0.0044,2.09,0.0092,0.0049,2.51,0.0002,-0.10,
55.702,3,STOP_BEFORE_SPIN,1.000,0.000,0.000,0.000,0.000,0.000,0.000,0.000,0.0,0.0,0.0078,0.0042,1.95,0.0092,0.0049,2.50,0.0001,-0.25,
55.754,3,STOP_BEFORE_SPIN,1.052,0.000,0.000,0.000,0.000,0.000,0.000,0.000,0.0,0.0,0.0082,0.0044,2.08,0.0092,0.0050,2.51,0.0002,-0.12,INICIO_DRIFT_leg3
55.755,3,DRIFT,0.001,0.000,0.000,0.000,0.000,0.000,0.000,0.000,0.0,0.0,0.0082,0.0044,2.08,0.0092,0.0050,2.51,0.0002,0.00,
55.801,3,DRIFT,0.047,0.000,-0.000,1.000,0.000,0.000,0.000,0.000,0.0,0.0,0.0078,0.0042,1.95,0.0092,0.0049,2.50,0.0001,-0.13,
55.852,3,DRIFT,0.097,0.000,-0.000,1.000,0.000,0.000,0.000,0.000,0.0,0.0,0.0077,0.0042,4.80,0.0092,0.0049,2.50,0.0000,2.72,
55.901,3,DRIFT,0.147,0.000,-0.000,1.000,0.000,0.000,0.000,0.000,0.0,0.0,0.0074,0.0040,4.81,0.0092,0.0049,2.50,-0.0002,2.74,
55.951,3,DRIFT,0.197,0.000,-0.000,1.000,0.000,0.000,0.000,0.000,0.0,0.0,0.0076,0.0041,4.92,0.0092,0.0050,2.50,-0.0000,2.84,
56.002,3,DRIFT,0.247,0.000,-0.000,1.000,0.000,0.000,0.000,0.000,0.0,0.0,0.0080,0.0043,5.02,0.0092,0.0050,2.48,0.0001,2.94,
56.053,3,DRIFT,0.298,0.000,-0.000,1.000,0.000,0.000,0.000,0.000,0.0,0.0,0.0074,0.0040,4.88,0.0090,0.0049,2.66,-0.0002,2.80,
56.101,3,DRIFT,0.346,0.000,-0.000,1.000,0.000,0.000,0.000,0.000,0.0,0.0,0.0071,0.0040,4.96,0.0087,0.0049,2.73,-0.0002,2.89,
56.152,3,DRIFT,0.397,0.000,-0.000,1.000,0.000,0.000,0.000,0.000,0.0,0.0,0.0075,0.0042,5.15,0.0088,0.0049,2.71,0.0000,3.07,
56.202,3,DRIFT,0.447,0.000,-0.000,1.000,0.000,0.000,0.000,0.000,0.0,0.0,0.0075,0.0042,5.17,0.0087,0.0049,2.74,0.0000,3.09,
56.251,3,DRIFT,0.496,0.000,-0.000,1.000,0.000,0.000,0.000,0.000,0.0,0.0,0.0078,0.0044,5.31,0.0087,0.0049,2.73,0.0002,3.23,
56.303,3,DRIFT,0.548,0.000,-0.000,1.000,0.000,0.000,0.000,0.000,0.0,0.0,0.0078,0.0044,5.36,0.0087,0.0049,2.73,0.0002,3.29,
56.352,3,DRIFT,0.597,0.000,-0.000,1.000,0.000,0.000,0.000,0.000,0.0,0.0,0.0079,0.0044,5.44,0.0087,0.0049,2.74,0.0003,3.36,
56.402,3,DRIFT,0.647,0.000,-0.000,1.000,0.000,0.000,0.000,0.000,0.0,0.0,0.0081,0.0045,5.44,0.0087,0.0049,2.73,0.0004,3.36,
56.451,3,DRIFT,0.697,0.000,-0.000,1.000,0.000,0.000,0.000,0.000,0.0,0.0,0.0071,0.0040,5.04,0.0087,0.0049,2.77,-0.0002,2.96,
56.501,3,DRIFT,0.747,0.000,-0.000,1.000,0.000,0.000,0.000,0.000,0.0,0.0,0.0075,0.0042,5.30,0.0087,0.0049,2.75,0.0001,3.23,
56.553,3,DRIFT,0.799,0.000,-0.000,1.000,0.000,0.000,0.000,0.000,0.0,0.0,0.0079,0.0044,5.42,0.0087,0.0049,2.76,0.0002,3.34,
56.603,3,DRIFT,0.848,0.000,-0.000,1.000,0.000,0.000,0.000,0.000,0.0,0.0,0.0079,0.0044,5.49,0.0087,0.0049,2.76,0.0003,3.42,
56.652,3,DRIFT,0.897,0.000,-0.000,1.000,0.000,0.000,0.000,0.000,0.0,0.0,0.0074,0.0042,5.11,0.0087,0.0049,2.75,0.0000,3.03,
56.701,3,DRIFT,0.946,0.000,-0.000,1.000,0.000,0.000,0.000,0.000,0.0,0.0,0.0073,0.0041,5.09,0.0087,0.0049,2.76,-0.0001,3.01,
56.751,3,DRIFT,0.996,0.000,-0.000,1.000,0.000,0.000,0.000,0.000,0.0,0.0,0.0077,0.0043,5.37,0.0087,0.0049,2.77,0.0002,3.30,
56.803,3,DRIFT,1.048,0.000,-0.000,1.000,0.000,0.000,0.000,0.000,0.0,0.0,0.0079,0.0044,5.42,0.0087,0.0049,2.76,0.0002,3.35,
56.851,3,DRIFT,1.096,0.000,-0.000,1.000,0.000,0.000,0.000,0.000,0.0,0.0,0.0080,0.0045,5.45,0.0087,0.0049,2.78,0.0003,3.38,
56.901,3,DRIFT,1.146,0.000,-0.000,1.000,0.000,0.000,0.000,0.000,0.0,0.0,0.0079,0.0044,5.44,0.0087,0.0049,2.77,0.0003,3.37,
56.952,3,DRIFT,1.197,0.000,-0.000,1.000,0.000,0.000,0.000,0.000,0.0,0.0,0.0072,0.0041,5.17,0.0087,0.0049,2.79,-0.0001,3.10,
57.001,3,DRIFT,1.247,0.000,-0.000,1.000,0.000,0.000,0.000,0.000,0.0,0.0,0.0078,0.0044,5.41,0.0086,0.0049,2.80,0.0002,3.34,
57.053,3,DRIFT,1.299,0.000,-0.000,1.000,0.000,0.000,0.000,0.000,0.0,0.0,0.0078,0.0044,5.47,0.0086,0.0049,2.79,0.0003,3.40,
57.102,3,DRIFT,1.347,0.000,-0.000,1.000,0.000,0.000,0.000,0.000,0.0,0.0,0.0070,0.0040,5.07,0.0086,0.0049,2.79,-0.0002,3.00,
57.155,3,DRIFT,1.400,0.000,-0.000,1.000,0.000,0.000,0.000,0.000,0.0,0.0,0.0066,0.0038,5.07,0.0086,0.0049,2.80,-0.0004,2.99,
57.202,3,DRIFT,1.447,0.000,-0.000,1.000,0.000,0.000,0.000,0.000,0.0,0.0,0.0079,0.0045,5.28,0.0086,0.0049,2.79,0.0003,3.21,
57.251,3,DRIFT,1.497,0.000,-0.000,1.000,0.000,0.000,0.000,0.000,0.0,0.0,0.0078,0.0045,5.42,0.0086,0.0049,2.80,0.0003,3.34,
57.304,3,DRIFT,1.549,0.000,-0.000,1.000,0.000,0.000,0.000,0.000,0.0,0.0,0.0077,0.0044,5.43,0.0086,0.0049,2.81,0.0002,3.36,
57.353,3,DRIFT,1.598,0.000,-0.000,1.000,0.000,0.000,0.000,0.000,0.0,0.0,0.0078,0.0045,5.54,0.0086,0.0049,2.83,0.0003,3.46,
57.401,3,DRIFT,1.647,0.000,-0.000,1.000,0.000,0.000,0.000,0.000,0.0,0.0,0.0079,0.0045,5.42,0.0086,0.0049,2.81,0.0004,3.34,
57.451,3,DRIFT,1.696,0.000,-0.000,1.000,0.000,0.000,0.000,0.000,0.0,0.0,0.0067,0.0038,4.90,0.0086,0.0049,2.81,-0.0003,2.83,
57.501,3,DRIFT,1.746,0.000,-0.000,1.000,0.000,0.000,0.000,0.000,0.0,0.0,0.0063,0.0036,4.80,0.0086,0.0049,2.81,-0.0005,2.72,
57.555,3,DRIFT,1.800,0.000,-0.000,1.000,0.000,0.000,0.000,0.000,0.0,0.0,0.0068,0.0039,5.07,0.0086,0.0049,2.80,-0.0002,2.99,
57.602,3,DRIFT,1.847,0.000,-0.000,1.000,0.000,0.000,0.000,0.000,0.0,0.0,0.0063,0.0036,4.73,0.0086,0.0049,2.81,-0.0005,2.66,
57.652,3,DRIFT,1.897,0.000,-0.000,1.000,0.000,0.000,0.000,0.000,0.0,0.0,0.0068,0.0040,5.00,0.0086,0.0051,2.91,-0.0002,2.93,
57.702,3,DRIFT,1.947,0.000,-0.000,1.000,0.000,0.000,0.000,0.000,0.0,0.0,0.0066,0.0040,5.00,0.0087,0.0052,3.02,-0.0002,2.93,
57.751,3,DRIFT,1.997,0.000,-0.000,1.000,0.000,0.000,0.000,0.000,0.0,0.0,0.0067,0.0040,5.09,0.0087,0.0052,3.06,-0.0001,3.01,
57.803,3,DRIFT,2.048,0.000,-0.000,1.000,0.000,0.000,0.000,0.000,0.0,0.0,0.0079,0.0048,5.64,0.0087,0.0052,3.03,0.0006,3.57,
57.852,3,DRIFT,2.097,0.000,-0.000,1.000,0.000,0.000,0.000,0.000,0.0,0.0,0.0074,0.0045,5.46,0.0087,0.0052,3.05,0.0003,3.38,
57.901,3,DRIFT,2.147,0.000,-0.000,1.000,0.000,0.000,0.000,0.000,0.0,0.0,0.0079,0.0047,5.60,0.0087,0.0052,3.04,0.0006,3.53,
57.951,3,DRIFT,2.196,0.000,-0.000,1.000,0.000,0.000,0.000,0.000,0.0,0.0,0.0086,0.0052,6.10,0.0087,0.0052,3.05,0.0010,4.02,
58.001,3,DRIFT,2.246,0.000,-0.000,1.000,0.000,0.000,0.000,0.000,0.0,0.0,0.0071,0.0043,5.28,0.0087,0.0052,3.04,0.0001,3.21,
58.053,3,DRIFT,2.298,0.000,-0.000,1.000,0.000,0.000,0.000,0.000,0.0,0.0,0.0080,0.0048,5.69,0.0087,0.0052,3.05,0.0006,3.61,
58.102,3,DRIFT,2.347,0.000,-0.000,1.000,0.000,0.000,0.000,0.000,0.0,0.0,0.0080,0.0048,5.75,0.0087,0.0052,3.05,0.0006,3.67,
58.152,3,DRIFT,2.398,0.000,-0.000,1.000,0.000,0.000,0.000,0.000,0.0,0.0,0.0070,0.0042,5.28,0.0087,0.0052,3.04,0.0001,3.20,
58.201,3,DRIFT,2.446,0.000,-0.000,1.000,0.000,0.000,0.000,0.000,0.0,0.0,0.0086,0.0052,6.01,0.0087,0.0052,3.05,0.0010,3.93,
58.253,4,DRIFT,2.498,0.000,0.000,0.000,0.000,0.000,0.000,0.000,0.0,0.0,0.0071,0.0043,5.29,0.0087,0.0052,3.06,0.0001,3.22,FIN_DRIFT_leg3_TIMEOUT_2.5s_2.50s
