t_s,leg,state,phase_elapsed_s,cmd_vx,cmd_vy,cmd_wz,raw_vx,raw_vy,raw_wz,enc_dist_m,imu_yaw_deg,imu_heading_deg,kf_x,kf_y,kf_yaw_deg,opt_x,opt_y,opt_yaw_deg,lateral_err_m,heading_err_deg,event
0.051,0,WARMUP,0.051,0.000,0.000,0.500,0.000,0.000,0.000,0.000,0.0,0.0,0.0000,0.0000,0.00,0.0000,0.0000,0.00,0.0000,0.00,
0.102,0,WARMUP,0.102,0.000,0.000,0.500,0.000,0.000,0.000,0.000,0.0,0.0,0.0000,0.0000,0.00,0.0000,0.0000,0.00,0.0000,0.00,
0.153,0,WARMUP,0.153,0.000,0.000,-0.500,0.000,0.000,0.000,0.000,0.0,0.0,0.0000,0.0000,0.00,0.0000,0.0000,0.00,0.0000,0.00,
0.202,0,WARMUP,0.202,0.000,0.000,-0.500,0.000,0.000,0.000,0.000,0.0,0.0,0.0000,0.0000,0.00,0.0000,0.0000,0.00,0.0000,0.00,
0.252,0,WARMUP,0.252,0.000,0.000,-0.500,0.000,0.000,0.000,0.000,0.0,0.0,0.0000,0.0000,0.00,0.0000,0.0000,0.00,0.0000,0.00,
0.302,0,WARMUP,0.302,0.000,0.000,0.000,0.000,0.000,0.000,0.000,0.0,0.0,0.0000,0.0000,0.00,0.0000,0.0000,0.00,0.0000,0.00,
0.352,0,WARMUP,0.352,0.000,0.000,0.000,0.000,0.000,0.000,0.000,0.0,0.0,0.0000,0.0000,0.00,0.0000,0.0000,0.00,0.0000,0.00,
0.402,0,WARMUP,0.403,0.000,0.000,0.000,0.000,0.000,0.000,0.000,0.0,0.0,0.0000,0.0000,0.00,0.0000,0.0000,0.00,0.0000,0.00,
0.452,0,WARMUP,0.452,0.000,0.000,0.000,0.000,0.000,0.000,0.000,0.0,0.0,0.0000,0.0000,0.00,0.0000,0.0000,0.00,0.0000,0.00,
0.502,0,WARMUP,0.502,0.000,0.000,0.000,0.000,0.000,0.000,0.000,0.0,0.0,0.0000,0.0000,0.00,0.0000,0.0000,0.00,0.0000,0.00,
0.552,0,WARMUP,0.552,0.000,0.000,0.000,0.000,0.000,0.000,0.000,0.0,0.0,0.0000,0.0000,0.00,0.0000,0.0000,0.00,0.0000,0.00,
0.602,0,WARMUP,0.602,0.000,0.000,0.000,0.000,0.000,0.000,0.000,0.0,0.0,0.0000,0.0000,0.00,0.0000,0.0000,0.00,0.0000,0.00,
0.652,0,WARMUP,0.652,0.000,0.000,0.000,0.000,0.000,0.000,0.000,0.0,0.0,0.0000,0.0000,0.00,0.0000,0.0000,0.00,0.0000,0.00,
0.702,0,WARMUP,0.702,0.000,0.000,0.000,0.000,0.000,0.000,0.000,0.0,0.0,0.0000,0.0000,0.00,0.0000,0.0000,0.00,0.0000,0.00,
0.752,0,WARMUP,0.752,0.000,0.000,0.000,0.000,0.000,0.000,0.000,0.0,0.0,0.0000,0.0000,0.00,0.0000,0.0000,0.00,0.0000,0.00,
0.806,0,WARMUP,0.806,0.000,0.000,0.000,0.000,0.000,0.000,0.000,0.0,0.0,0.0000,0.0000,0.00,0.0000,0.0000,0.00,0.0000,0.00,FIN_WARMUP
0.807,0,DRIVE,0.001,0.000,0.000,0.000,0.000,0.000,0.000,0.000,0.0,0.0,0.0000,0.0000,0.00,0.0000,0.0000,0.00,0.0000,0.00,
0.852,0,DRIVE,0.046,0.300,0.000,-0.000,0.000,0.000,0.000,0.000,0.0,0.0,0.0000,0.0000,0.00,0.0000,0.0000,0.00,0.0000,0.00,
0.903,0,DRIVE,0.097,0.300,0.000,-0.000,0.000,0.000,0.000,0.000,0.0,0.0,0.0154,0.0000,0.00,0.0000,0.0000,0.00,0.0000,0.00,
0.952,0,DRIVE,0.146,0.300,0.000,-0.000,0.000,0.000,0.000,0.000,0.0,0.0,0.0301,0.0000,0.00,0.0000,0.0000,0.00,0.0000,0.00,
1.002,0,DRIVE,0.196,0.300,0.000,-0.000,0.000,0.000,0.000,0.000,0.0,0.0,0.0451,0.0000,0.00,0.0000,0.0000,0.00,0.0000,0.00,
1.056,0,DRIVE,0.250,0.300,0.000,-0.000,0.000,0.000,0.000,0.000,0.0,0.0,0.0605,0.0000,0.00,0.0000,0.0000,0.00,0.0000,0.00,
1.102,0,DRIVE,0.296,0.300,0.000,-0.000,0.000,0.000,0.000,0.000,0.0,0.0,0.0750,0.0000,0.00,0.0000,0.0000,0.00,0.0000,0.00,
1.152,0,DRIVE,0.346,0.300,0.000,-0.000,0.000,0.000,0.000,0.000,0.0,0.0,0.0900,0.0000,0.00,0.0000,0.0000,0.00,0.0000,0.00,
1.202,0,DRIVE,0.396,0.300,0.000,-0.000,0.000,0.000,0.000,0.000,0.0,0.0,0.1050,0.0000,0.00,0.0000,0.0000,0.00,0.0000,0.00,
1.253,0,DRIVE,0.446,0.300,0.000,-0.000,0.000,0.000,0.000,0.000,0.0,0.0,0.1202,0.0000,0.00,0.0000,0.0000,0.00,0.0000,0.00,
1.306,0,DRIVE,0.500,0.300,0.000,-0.000,0.000,0.000,0.000,0.000,0.0,0.0,0.1354,0.0000,0.00,0.0000,0.0000,0.00,0.0000,0.00,
1.353,0,DRIVE,0.546,0.300,0.000,-0.000,0.000,0.000,0.000,0.000,0.0,0.0,0.1502,0.0000,0.00,0.0000,0.0000,0.00,0.0000,0.00,
1.403,0,DRIVE,0.597,0.300,0.000,-0.000,0.000,0.000,0.000,0.000,0.0,0.0,0.1654,0.0000,0.00,0.0000,0.0000,0.00,0.0000,0.00,
1.452,0,DRIVE,0.646,0.300,0.000,-0.000,0.000,0.000,0.000,0.000,0.0,0.0,0.1800,0.0000,0.00,0.0000,0.0000,0.00,0.0000,0.00,
1.503,0,DRIVE,0.697,0.300,0.000,-0.000,0.000,0.000,0.000,0.000,0.0,0.0,0.1952,0.0000,0.00,0.0000,0.0000,0.00,0.0000,0.00,
1.556,0,DRIVE,0.750,0.300,0.000,-0.000,0.000,0.000,0.000,0.000,0.0,0.0,0.2104,0.0000,0.00,0.0000,0.0000,0.00,0.0000,0.00,
1.602,0,DRIVE,0.796,0.300,0.000,-0.000,0.000,0.000,0.000,0.000,0.0,0.0,0.2250,0.0000,0.00,0.0000,0.0000,0.00,0.0000,0.00,
1.652,0,DRIVE,0.846,0.300,0.000,-0.000,0.000,0.000,0.000,0.000,0.0,0.0,0.2400,0.0000,0.00,0.0000,0.0000,0.00,0.0000,0.00,
1.702,0,DRIVE,0.896,0.300,0.000,-0.000,0.000,0.000,0.000,0.000,0.0,0.0,0.2550,0.0000,0.00,0.0000,0.0000,0.00,0.0000,0.00,
1.752,0,DRIVE,0.946,0.300,0.000,-0.000,0.000,0.000,0.000,0.000,0.0,0.0,0.2700,0.0000,0.00,0.0000,0.0000,0.00,0.0000,0.00,
1.806,0,DRIVE,0.999,0.300,0.000,-0.000,0.000,0.000,0.000,0.000,0.0,0.0,0.2853,0.0000,0.00,0.0000,0.0000,0.00,0.0000,0.00,
1.853,0,DRIVE,1.047,0.300,0.000,-0.000,0.000,0.000,0.000,0.000,0.0,0.0,0.3002,0.0000,0.00,0.0000,0.0000,0.00,0.0000,0.00,
1.902,0,DRIVE,1.096,0.300,0.000,-0.000,0.000,0.000,0.000,0.000,0.0,0.0,0.3150,0.0000,0.00,0.0000,0.0000,0.00,0.0000,0.00,
1.953,0,DRIVE,1.147,0.300,0.000,-0.000,0.000,0.000,0.000,0.000,0.0,0.0,0.3304,0.0000,0.00,0.0000,0.0000,0.00,0.0000,0.00,
2.002,0,DRIVE,1.195,0.300,0.000,-0.000,0.000,0.000,0.000,0.000,0.0,0.0,0.3449,0.0000,0.00,0.0000,0.0000,0.00,0.0000,0.00,
2.055,0,DRIVE,1.249,0.300,0.000,-0.000,0.000,0.000,0.000,0.000,0.0,0.0,0.3600,0.0000,0.00,0.0000,0.0000,0.00,0.0000,0.00,
2.102,0,DRIVE,1.296,0.300,0.000,-0.000,0.000,0.000,0.000,0.000,0.0,0.0,0.3750,0.0000,0.00,0.0000,0.0000,0.00,0.0000,0.00,
2.152,0,DRIVE,1.346,0.300,0.000,-0.000,0.000,0.000,0.000,0.000,0.0,0.0,0.3901,0.0000,0.00,0.0000,0.0000,0.00,0.0000,0.00,
2.202,0,DRIVE,1.396,0.300,0.000,-0.000,0.000,0.000,0.000,0.000,0.0,0.0,0.4050,0.0000,0.00,0.0000,0.0000,0.00,0.0000,0.00,
2.252,0,DRIVE,1.446,0.300,0.000,-0.000,0.000,0.000,0.000,0.000,0.0,0.0,0.4200,0.0000,0.00,0.0000,0.0000,0.00,0.0000,0.00,
2.305,0,DRIVE,1.498,0.300,0.000,-0.000,0.000,0.000,0.000,0.000,0.0,0.0,0.4350,0.0000,0.00,0.0000,0.0000,0.00,0.0000,0.00,
2.352,0,DRIVE,1.546,0.300,0.000,-0.000,0.000,0.000,0.000,0.000,0.0,0.0,0.4500,0.0000,0.00,0.0000,0.0000,0.00,0.0000,0.00,
2.402,0,DRIVE,1.596,0.300,0.000,-0.000,0.000,0.000,0.000,0.000,0.0,0.0,0.4650,0.0000,0.00,0.0000,0.0000,0.00,0.0000,0.00,
2.454,0,DRIVE,1.647,0.300,0.000,-0.000,0.000,0.000,0.000,0.000,0.0,0.0,0.4805,0.0000,0.00,0.0000,0.0000,0.00,0.0000,0.00,
2.502,0,DRIVE,1.696,0.300,0.000,-0.000,0.000,0.000,0.000,0.000,0.0,0.0,0.4950,0.0000,0.00,0.0000,0.0000,0.00,0.0000,0.00,
2.555,0,DRIVE,1.748,0.300,0.000,-0.000,0.000,0.000,0.000,0.000,0.0,0.0,0.5100,0.0000,0.00,0.0000,0.0000,0.00,0.0000,0.00,
2.602,0,DRIVE,1.796,0.300,0.000,-0.000,0.000,0.000,0.000,0.000,0.0,0.0,0.5250,0.0000,0.00,0.0000,0.0000,0.00,0.0000,0.00,
2.652,0,DRIVE,1.846,0.300,0.000,-0.000,0.000,0.000,0.000,0.000,0.0,0.0,0.5400,0.0000,0.00,0.0000,0.0000,0.00,0.0000,0.00,
2.702,0,DRIVE,1.896,0.300,0.000,-0.000,0.000,0.000,0.000,0.000,0.0,0.0,0.5550,0.0000,0.00,0.0000,0.0000,0.00,0.0000,0.00,
2.753,0,DRIVE,1.947,0.300,0.000,-0.000,0.000,0.000,0.000,0.000,0.0,0.0,0.5703,0.0000,0.00,0.0000,0.0000,0.00,0.0000,0.00,
2.805,0,DRIVE,1.998,0.300,0.000,-0.000,0.000,0.000,0.000,0.000,0.0,0.0,0.5850,0.0000,0.00,0.0000,0.0000,0.00,0.0000,0.00,
2.852,0,DRIVE,2.046,0.300,0.000,-0.000,0.000,0.000,0.000,0.000,0.0,0.0,0.6000,0.0000,0.00,0.0000,0.0000,0.00,0.0000,0.00,
2.902,0,DRIVE,2.096,0.300,0.000,-0.000,0.000,0.000,0.000,0.000,0.0,0.0,0.6150,0.0000,0.00,0.0000,0.0000,0.00,0.0000,0.00,
2.952,0,DRIVE,2.146,0.300,0.000,-0.000,0.000,0.000,0.000,0.000,0.0,0.0,0.6300,0.0000,0.00,0.0000,0.0000,0.00,0.0000,0.00,
3.003,0,DRIVE,2.197,0.300,0.000,-0.000,0.000,0.000,0.000,0.000,0.0,0.0,0.6454,0.0000,0.00,0.0000,0.0000,0.00,0.0000,0.00,
3.055,0,DRIVE,2.248,0.300,0.000,-0.000,0.000,0.000,0.000,0.000,0.0,0.0,0.6600,0.0000,0.00,0.0000,0.0000,0.00,0.0000,0.00,
3.102,0,DRIVE,2.296,0.300,0.000,-0.000,0.000,0.000,0.000,0.000,0.0,0.0,0.6750,0.0000,0.00,0.0000,0.0000,0.00,0.0000,0.00,
3.152,0,DRIVE,2.346,0.300,0.000,-0.000,0.000,0.000,0.000,0.000,0.0,0.0,0.6900,0.0000,0.00,0.0000,0.0000,0.00,0.0000,0.00,
3.202,0,DRIVE,2.396,0.300,0.000,-0.000,0.000,0.000,0.000,0.000,0.0,0.0,0.7050,0.0000,0.00,0.0000,0.0000,0.00,0.0000,0.00,
3.252,0,DRIVE,2.446,0.300,0.000,-0.000,0.000,0.000,0.000,0.000,0.0,0.0,0.7200,0.0000,0.00,0.0000,0.0000,0.00,0.0000,0.00,
3.305,0,DRIVE,2.498,0.300,0.000,-0.000,0.000,0.000,0.000,0.000,0.0,0.0,0.7350,0.0000,0.00,0.0000,0.0000,0.00,0.0000,0.00,
3.353,0,DRIVE,2.547,0.300,0.000,-0.000,0.000,0.000,0.000,0.000,0.0,0.0,0.7504,0.0000,0.00,0.0000,0.0000,0.00,0.0000,0.00,
3.402,0,DRIVE,2.596,0.300,0.000,-0.000,0.000,0.000,0.000,0.000,0.0,0.0,0.7650,0.0000,0.00,0.0000,0.0000,0.00,0.0000,0.00,
3.452,0,DRIVE,2.646,0.300,0.000,-0.000,0.000,0.000,0.000,0.000,0.0,0.0,0.7800,0.0000,0.00,0.0000,0.0000,0.00,0.0000,0.00,
3.502,0,DRIVE,2.696,0.300,0.000,-0.000,0.000,0.000,0.000,0.000,0.0,0.0,0.7950,0.0000,0.00,0.0000,0.0000,0.00,0.0000,0.00,
3.555,0,DRIVE,2.748,0.300,0.000,-0.000,0.000,0.000,0.000,0.000,0.0,0.0,0.8100,0.0000,0.00,0.0000,0.0000,0.00,0.0000,0.00,
3.602,0,DRIVE,2.796,0.300,0.000,-0.000,0.000,0.000,0.000,0.000,0.0,0.0,0.8250,0.0000,0.00,0.0000,0.0000,0.00,0.0000,0.00,
3.652,0,DRIVE,2.846,0.300,0.000,-0.000,0.000,0.000,0.000,0.000,0.0,0.0,0.8400,0.0000,0.00,0.0000,0.0000,0.00,0.0000,0.00,
3.703,0,DRIVE,2.896,0.300,0.000,-0.000,0.000,0.000,0.000,0.000,0.0,0.0,0.8552,0.0000,0.00,0.0000,0.0000,0.00,0.0000,0.00,
3.752,0,DRIVE,2.946,0.300,0.000,-0.000,0.000,0.000,0.000,0.000,0.0,0.0,0.8700,0.0000,0.00,0.0000,0.0000,0.00,0.0000,0.00,
3.805,0,DRIVE,2.998,0.300,0.000,-0.000,0.000,0.000,0.000,0.000,0.0,0.0,0.8850,0.0000,0.00,0.0000,0.0000,0.00,0.0000,0.00,
3.852,0,DRIVE,3.046,0.300,0.000,-0.000,0.000,0.000,0.000,0.000,0.0,0.0,0.9000,0.0000,0.00,0.0000,0.0000,0.00,0.0000,0.00,
3.902,0,DRIVE,3.096,0.300,0.000,-0.000,0.000,0.000,0.000,0.000,0.0,0.0,0.9150,0.0000,0.00,0.0000,0.0000,0.00,0.0000,0.00,
3.954,0,DRIVE,3.147,0.300,0.000,-0.000,0.000,0.000,0.000,0.000,0.0,0.0,0.9305,0.0000,0.00,0.0000,0.0000,0.00,0.0000,0.00,
4.002,0,DRIVE,3.196,0.300,0.000,-0.000,0.000,0.000,0.000,0.000,0.0,0.0,0.9450,0.0000,0.00,0.0000,0.0000,0.00,0.0000,0.00,
4.055,0,DRIVE,3.248,0.300,0.000,-0.000,0.000,0.000,0.000,0.000,0.0,0.0,0.9600,0.0000,0.00,0.0000,0.0000,0.00,0.0000,0.00,
4.102,0,DRIVE,3.296,0.300,0.000,-0.000,0.000,0.000,0.000,0.000,0.0,0.0,0.9751,0.0000,0.00,0.0000,0.0000,0.00,0.0000,0.00,
4.152,0,DRIVE,3.346,0.300,0.000,-0.000,0.000,0.000,0.000,0.000,0.0,0.0,0.9900,0.0000,0.00,0.0000,0.0000,0.00,0.0000,0.00,
4.205,0,DRIVE,3.399,0.000,0.000,0.000,0.000,0.000,0.000,0.000,0.0,0.0,1.0052,0.0000,0.00,0.0000,0.0000,0.00,0.0000,0.00,FIN_DRIVE_leg0_KF_1.01m
4.206,0,STOP_BEFORE_SPIN,0.001,0.000,0.000,0.000,0.000,0.000,0.000,0.000,0.0,0.0,1.0052,0.0000,0.00,0.0000,0.0000,0.00,0.0000,0.00,
4.253,0,STOP_BEFORE_SPIN,0.048,0.000,0.000,0.000,0.000,0.000,0.000,0.000,0.0,0.0,1.0052,0.0000,0.00,0.0000,0.0000,0.00,0.0000,0.00,
4.302,0,STOP_BEFORE_SPIN,0.097,0.000,0.000,0.000,0.000,0.000,0.000,0.000,0.0,0.0,1.0052,0.0000,0.00,0.0000,0.0000,0.00,0.0000,0.00,
4.353,0,STOP_BEFORE_SPIN,0.147,0.000,0.000,0.000,0.000,0.000,0.000,0.000,0.0,0.0,1.0052,0.0000,0.00,0.0000,0.0000,0.00,0.0000,0.00,
4.402,0,STOP_BEFORE_SPIN,0.196,0.000,0.000,0.000,0.000,0.000,0.000,0.000,0.0,0.0,1.0052,0.0000,0.00,0.0000,0.0000,0.00,0.0000,0.00,
4.452,0,STOP_BEFORE_SPIN,0.247,0.000,0.000,0.000,0.000,0.000,0.000,0.000,0.0,0.0,1.0052,0.0000,0.00,0.0000,0.0000,0.00,0.0000,0.00,
4.502,0,STOP_BEFORE_SPIN,0.297,0.000,0.000,0.000,0.000,0.000,0.000,0.000,0.0,0.0,1.0052,0.0000,0.00,0.0000,0.0000,0.00,0.0000,0.00,
4.552,0,STOP_BEFORE_SPIN,0.347,0.000,0.000,0.000,0.000,0.000,0.000,0.000,0.0,0.0,1.0052,0.0000,0.00,0.0000,0.0000,0.00,0.0000,0.00,
4.602,0,STOP_BEFORE_SPIN,0.397,0.000,0.000,0.000,0.000,0.000,0.000,0.000,0.0,0.0,1.0052,0.0000,0.00,0.0000,0.0000,0.00,0.0000,0.00,
4.652,0,STOP_BEFORE_SPIN,0.447,0.000,0.000,0.000,0.000,0.000,0.000,0.000,0.0,0.0,1.0052,0.0000,0.00,0.0000,0.0000,0.00,0.0000,0.00,
4.702,0,STOP_BEFORE_SPIN,0.497,0.000,0.000,0.000,0.000,0.000,0.000,0.000,0.0,0.0,1.0052,0.0000,0.00,0.0000,0.0000,0.00,0.0000,0.00,
4.753,0,STOP_BEFORE_SPIN,0.547,0.000,0.000,0.000,0.000,0.000,0.000,0.000,0.0,0.0,1.0052,0.0000,0.00,0.0000,0.0000,0.00,0.0000,0.00,
4.802,0,STOP_BEFORE_SPIN,0.597,0.000,0.000,0.000,0.000,0.000,0.000,0.000,0.0,0.0,1.0052,0.0000,0.00,0.0000,0.0000,0.00,0.0000,0.00,
4.852,0,STOP_BEFORE_SPIN,0.647,0.000,0.000,0.000,0.000,0.000,0.000,0.000,0.0,0.0,1.0052,0.0000,0.00,0.0000,0.0000,0.00,0.0000,0.00,
4.902,0,STOP_BEFORE_SPIN,0.697,0.000,0.000,0.000,0.000,0.000,0.000,0.000,0.0,0.0,1.0052,0.0000,0.00,0.0000,0.0000,0.00,0.0000,0.00,
4.952,0,STOP_BEFORE_SPIN,0.747,0.000,0.000,0.000,0.000,0.000,0.000,0.000,0.0,0.0,1.0052,0.0000,0.00,0.0000,0.0000,0.00,0.0000,0.00,
5.002,0,STOP_BEFORE_SPIN,0.796,0.000,0.000,0.000,0.000,0.000,0.000,0.000,0.0,0.0,1.0052,0.0000,0.00,0.0000,0.0000,0.00,0.0000,0.00,
5.054,0,STOP_BEFORE_SPIN,0.849,0.000,0.000,0.000,0.000,0.000,0.000,0.000,0.0,0.0,1.0052,0.0000,0.00,0.0000,0.0000,0.00,0.0000,0.00,
5.102,0,STOP_BEFORE_SPIN,0.897,0.000,0.000,0.000,0.000,0.000,0.000,0.000,0.0,0.0,1.0052,0.0000,0.00,0.0000,0.0000,0.00,0.0000,0.00,
5.153,0,STOP_BEFORE_SPIN,0.948,0.000,0.000,0.000,0.000,0.000,0.000,0.000,0.0,0.0,1.0052,0.0000,0.00,0.0000,0.0000,0.00,0.0000,0.00,
5.203,0,STOP_BEFORE_SPIN,0.997,0.000,0.000,0.000,0.000,0.000,0.000,0.000,0.0,0.0,1.0052,0.0000,0.00,0.0000,0.0000,0.00,0.0000,0.00,
5.254,0,STOP_BEFORE_SPIN,1.049,0.000,0.000,0.000,0.000,0.000,0.000,0.000,0.0,0.0,1.0052,0.0000,0.00,0.0000,0.0000,0.00,0.0000,0.00,INICIO_DRIFT_leg0
5.256,0,DRIFT,0.001,0.000,0.000,0.000,0.000,0.000,0.000,0.000,0.0,0.0,1.0052,0.0000,0.00,0.0000,0.0000,0.00,0.0000,0.00,
5.302,0,DRIFT,0.047,0.000,-0.000,1.000,0.000,0.000,0.000,0.000,0.0,0.0,1.0052,0.0000,0.00,0.0000,0.0000,0.00,0.0000,0.00,
5.352,0,DRIFT,0.097,0.000,-0.000,1.000,0.000,0.000,0.000,0.000,0.0,0.0,1.0052,0.0000,2.86,0.0000,0.0000,0.00,0.0000,0.00,
5.402,0,DRIFT,0.147,0.000,-0.000,1.000,0.000,0.000,0.000,0.000,0.0,0.0,1.0052,0.0000,5.73,0.0000,0.0000,0.00,0.0000,0.00,
5.452,0,DRIFT,0.197,0.000,-0.000,1.000,0.000,0.000,0.000,0.000,0.0,0.0,1.0052,0.0000,8.60,0.0000,0.0000,0.00,0.0000,0.00,
5.502,0,DRIFT,0.247,0.000,-0.000,1.000,0.000,0.000,0.000,0.000,0.0,0.0,1.0052,0.0000,11.45,0.0000,0.0000,0.00,0.0000,0.00,
5.555,0,DRIFT,0.300,0.000,-0.000,1.000,0.000,0.000,0.000,0.000,0.0,0.0,1.0052,0.0000,14.32,0.0000,0.0000,0.00,0.0000,0.00,
5.604,0,DRIFT,0.349,0.000,-0.000,1.000,0.000,0.000,0.000,0.000,0.0,0.0,1.0052,0.0000,17.30,0.0000,0.0000,0.00,0.0000,0.00,
5.652,0,DRIFT,0.397,0.000,-0.000,1.000,0.000,0.000,0.000,0.000,0.0,0.0,1.0052,0.0000,20.05,0.0000,0.0000,0.00,0.0000,0.00,
5.702,0,DRIFT,0.447,0.000,-0.000,1.000,0.000,0.000,0.000,0.000,0.0,0.0,1.0052,0.0000,22.92,0.0000,0.0000,0.00,0.0000,0.00,
5.752,0,DRIFT,0.497,0.000,-0.000,1.000,0.000,0.000,0.000,0.000,0.0,0.0,1.0052,0.0000,25.78,0.0000,0.0000,0.00,0.0000,0.00,
5.806,0,DRIFT,0.551,0.000,-0.000,1.000,0.000,0.000,0.000,0.000,0.0,0.0,1.0052,0.0000,28.70,0.0000,0.0000,0.00,0.0000,0.00,
5.852,0,DRIFT,0.597,0.000,-0.000,1.000,0.000,0.000,0.000,0.000,0.0,0.0,1.0052,0.0000,31.51,0.0000,0.0000,0.00,0.0000,0.00,
5.902,0,DRIFT,0.647,0.000,-0.000,1.000,0.000,0.000,0.000,0.000,0.0,0.0,1.0052,0.0000,34.38,0.0000,0.0000,0.00,0.0000,0.00,
5.952,0,DRIFT,0.697,0.000,-0.000,1.000,0.000,0.000,0.000,0.000,0.0,0.0,1.0052,0.0000,37.24,0.0000,0.0000,0.00,0.0000,0.00,
6.002,0,DRIFT,0.747,0.000,-0.000,1.000,0.000,0.000,0.000,0.000,0.0,0.0,1.0052,0.0000,40.11,0.0000,0.0000,0.00,0.0000,0.00,
6.055,0,DRIFT,0.800,0.000,-0.000,1.000,0.000,0.000,0.000,0.000,0.0,0.0,1.0052,0.0000,42.97,0.0000,0.0000,0.00,0.0000,0.00,
6.103,0,DRIFT,0.849,0.000,-0.000,1.000,0.000,0.000,0.000,0.000,0.0,0.0,1.0052,0.0000,45.91,0.0000,0.0000,0.00,0.0000,0.00,
6.153,0,DRIFT,0.899,0.000,-0.000,1.000,0.000,0.000,0.000,0.000,0.0,0.0,1.0052,0.0000,48.77,0.0000,0.0000,0.00,0.0000,0.00,
6.203,0,DRIFT,0.949,0.000,-0.000,1.000,0.000,0.000,0.000,0.000,0.0,0.0,1.0052,0.0000,51.65,0.0000,0.0000,0.00,0.0000,0.00,
6.253,0,DRIFT,0.998,0.000,-0.000,1.000,0.000,0.000,0.000,0.000,0.0,0.0,1.0052,0.0000,54.50,0.0000,0.0000,0.00,0.0000,0.00,
6.306,0,DRIFT,1.051,0.000,-0.000,1.000,0.000,0.000,0.000,0.000,0.0,0.0,1.0052,0.0000,57.37,0.0000,0.0000,0.00,0.0000,0.00,
6.352,0,DRIFT,1.097,0.000,-0.000,1.000,0.000,0.000,0.000,0.000,0.0,0.0,1.0052,0.0000,60.16,0.0000,0.0000,0.00,0.0000,0.00,
6.402,0,DRIFT,1.147,0.000,-0.000,1.000,0.000,0.000,0.000,0.000,0.0,0.0,1.0052,0.0000,63.03,0.0000,0.0000,0.00,0.0000,0.00,
6.452,0,DRIFT,1.197,0.000,-0.000,1.000,0.000,0.000,0.000,0.000,0.0,0.0,1.0052,0.0000,65.89,0.0000,0.0000,0.00,0.0000,0.00,
6.502,0,DRIFT,1.247,0.000,-0.000,1.000,0.000,0.000,0.000,0.000,0.0,0.0,1.0052,0.0000,68.76,0.0000,0.0000,0.00,0.0000,0.00,
6.555,0,DRIFT,1.300,0.000,-0.000,1.000,0.000,0.000,0.000,0.000,0.0,0.0,1.0052,0.0000,71.62,0.0000,0.0000,0.00,0.0000,0.00,
6.603,0,DRIFT,1.348,0.000,-0.000,1.000,0.000,0.000,0.000,0.000,0.0,0.0,1.0052,0.0000,74.55,0.0000,0.0000,0.00,0.0000,0.00,
6.652,0,DRIFT,1.397,0.000,-0.000,1.000,0.000,0.000,0.000,0.000,0.0,0.0,1.0052,0.0000,77.35,0.0000,0.0000,0.00,0.0000,0.00,
6.702,0,DRIFT,1.447,0.000,-0.000,1.000,0.000,0.000,0.000,0.000,0.0,0.0,1.0052,0.0000,80.22,0.0000,0.0000,0.00,0.0000,0.00,
6.752,0,DRIFT,1.497,0.000,-0.000,1.000,0.000,0.000,0.000,0.000,0.0,0.0,1.0052,0.0000,83.08,0.0000,0.0000,0.00,0.0000,0.00,
6.805,0,DRIFT,1.550,0.000,-0.000,1.000,0.000,0.000,0.000,0.000,0.0,0.0,1.0052,0.0000,85.95,0.0000,0.0000,0.00,0.0000,0.00,
6.852,0,DRIFT,1.597,0.000,-0.000,1.000,0.000,0.000,0.000,0.000,0.0,0.0,1.0052,0.0000,88.81,0.0000,0.0000,0.00,0.0000,0.00,
6.904,0,DRIFT,1.649,0.000,-0.000,1.000,0.000,0.000,0.000,0.000,0.0,0.0,1.0052,0.0000,91.78,0.0000,0.0000,0.00,0.0000,0.00,
6.953,0,DRIFT,1.698,0.000,-0.000,1.000,0.000,0.000,0.000,0.000,0.0,0.0,1.0052,0.0000,94.61,0.0000,0.0000,0.00,0.0000,0.00,
7.002,0,DRIFT,1.747,0.000,-0.000,1.000,0.000,0.000,0.000,0.000,0.0,0.0,1.0052,0.0000,97.41,0.0000,0.0000,0.00,0.0000,0.00,
7.057,0,DRIFT,1.802,0.000,-0.000,1.000,0.000,0.000,0.000,0.000,0.0,0.0,1.0052,0.0000,100.38,0.0000,0.0000,0.00,0.0000,0.00,
7.102,0,DRIFT,1.847,0.000,-0.000,1.000,0.000,0.000,0.000,0.000,0.0,0.0,1.0052,0.0000,103.14,0.0000,0.0000,0.00,0.0000,0.00,
7.152,0,DRIFT,1.897,0.000,-0.000,1.000,0.000,0.000,0.000,0.000,0.0,0.0,1.0052,0.0000,106.00,0.0000,0.0000,0.00,0.0000,0.00,
7.204,0,DRIFT,1.949,0.000,-0.000,1.000,0.000,0.000,0.000,0.000,0.0,0.0,1.0052,0.0000,108.97,0.0000,0.0000,0.00,0.0000,0.00,
7.252,0,DRIFT,1.997,0.000,-0.000,1.000,0.000,0.000,0.000,0.000,0.0,0.0,1.0052,0.0000,111.73,0.0000,0.0000,0.00,0.0000,0.00,
7.305,0,DRIFT,2.050,0.000,-0.000,1.000,0.000,0.000,0.000,0.000,0.0,0.0,1.0052,0.0000,114.59,0.0000,0.0000,0.00,0.0000,0.00,
7.353,0,DRIFT,2.098,0.000,-0.000,1.000,0.000,0.000,0.000,0.000,0.0,0.0,1.0052,0.0000,117.49,0.0000,0.0000,0.00,0.0000,0.00,
7.403,0,DRIFT,2.148,0.000,-0.000,1.000,0.000,0.000,0.000,0.000,0.0,0.0,1.0052,0.0000,120.38,0.0000,0.0000,0.00,0.0000,0.00,
7.453,0,DRIFT,2.199,0.000,-0.000,1.000,0.000,0.000,0.000,0.000,0.0,0.0,1.0052,0.0000,123.26,0.0000,0.0000,0.00,0.0000,0.00,
7.502,0,DRIFT,2.247,0.000,-0.000,1.000,0.000,0.000,0.000,0.000,0.0,0.0,1.0052,0.0000,126.05,0.0000,0.0000,0.00,0.0000,0.00,
7.555,0,DRIFT,2.300,0.000,-0.000,1.000,0.000,0.000,0.000,0.000,0.0,0.0,1.0052,0.0000,128.91,0.0000,0.0000,0.00,0.0000,0.00,
7.602,0,DRIFT,2.347,0.000,-0.000,1.000,0.000,0.000,0.000,0.000,0.0,0.0,1.0052,0.0000,131.78,0.0000,0.0000,0.00,0.0000,0.00,
7.652,0,DRIFT,2.397,0.000,-0.000,1.000,0.000,0.000,0.000,0.000,0.0,0.0,1.0052,0.0000,134.64,0.0000,0.0000,0.00,0.0000,0.00,
7.702,0,DRIFT,2.447,0.000,-0.000,1.000,0.000,0.000,0.000,0.000,0.0,0.0,1.0052,0.0000,137.51,0.0000,0.0000,0.00,0.0000,0.00,
7.756,1,DRIFT,2.501,0.000,0.000,0.000,0.000,0.000,0.000,0.000,0.0,0.0,1.0052,0.0000,140.49,0.0000,0.0000,0.00,0.0000,0.00,FIN_DRIFT_leg0_TIMEOUT_2.5s_2.50s
7.760,1,STOP_BEFORE_DRIVE,0.001,0.000,0.000,0.000,0.000,0.000,0.000,0.000,0.0,0.0,1.0052,0.0000,140.49,0.0000,0.0000,0.00,0.0000,0.00,
7.802,1,STOP_BEFORE_DRIVE,0.043,0.000,0.000,0.000,0.000,0.000,0.000,0.000,0.0,0.0,1.0052,0.0000,140.49,0.0000,0.0000,0.00,0.0000,0.00,
7.854,1,STOP_BEFORE_DRIVE,0.095,0.000,0.000,0.000,0.000,0.000,0.000,0.000,0.0,0.0,1.0052,0.0000,140.49,0.0000,0.0000,0.00,0.0000,0.00,
7.902,1,STOP_BEFORE_DRIVE,0.143,0.000,0.000,0.000,0.000,0.000,0.000,0.000,0.0,0.0,1.0052,0.0000,140.49,0.0000,0.0000,0.00,0.0000,0.00,
7.952,1,STOP_BEFORE_DRIVE,0.193,0.000,0.000,0.000,0.000,0.000,0.000,0.000,0.0,0.0,1.0052,0.0000,140.49,0.0000,0.0000,0.00,0.0000,0.00,
8.003,1,STOP_BEFORE_DRIVE,0.244,0.000,0.000,0.000,0.000,0.000,0.000,0.000,0.0,0.0,1.0052,0.0000,140.49,0.0000,0.0000,0.00,0.0000,0.00,
8.052,1,STOP_BEFORE_DRIVE,0.293,0.000,0.000,0.000,0.000,0.000,0.000,0.000,0.0,0.0,1.0052,0.0000,140.49,0.0000,0.0000,0.00,0.0000,0.00,
8.102,1,STOP_BEFORE_DRIVE,0.343,0.000,0.000,0.000,0.000,0.000,0.000,0.000,0.0,0.0,1.0052,0.0000,140.49,0.0000,0.0000,0.00,0.0000,0.00,
8.152,1,STOP_BEFORE_DRIVE,0.393,0.000,0.000,0.000,0.000,0.000,0.000,0.000,0.0,0.0,1.0052,0.0000,140.49,0.0000,0.0000,0.00,0.0000,0.00,
8.202,1,STOP_BEFORE_DRIVE,0.443,0.000,0.000,0.000,0.000,0.000,0.000,0.000,0.0,0.0,1.0052,0.0000,140.49,0.0000,0.0000,0.00,0.0000,0.00,
8.254,1,STOP_BEFORE_DRIVE,0.495,0.000,0.000,0.000,0.000,0.000,0.000,0.000,0.0,0.0,1.0052,0.0000,140.49,0.0000,0.0000,0.00,0.0000,0.00,
8.302,1,STOP_BEFORE_DRIVE,0.543,0.000,0.000,0.000,0.000,0.000,0.000,0.000,0.0,0.0,1.0052,0.0000,140.49,0.0000,0.0000,0.00,0.0000,0.00,
8.352,1,STOP_BEFORE_DRIVE,0.593,0.000,0.000,0.000,0.000,0.000,0.000,0.000,0.0,0.0,1.0052,0.0000,140.49,0.0000,0.0000,0.00,0.0000,0.00,
8.402,1,STOP_BEFORE_DRIVE,0.643,0.000,0.000,0.000,0.000,0.000,0.000,0.000,0.0,0.0,1.0052,0.0000,140.49,0.0000,0.0000,0.00,0.0000,0.00,
8.454,1,STOP_BEFORE_DRIVE,0.695,0.000,0.000,0.000,0.000,0.000,0.000,0.000,0.0,0.0,1.0052,0.0000,140.49,0.0000,0.0000,0.00,0.0000,0.00,
8.502,1,STOP_BEFORE_DRIVE,0.743,0.000,0.000,0.000,0.000,0.000,0.000,0.000,0.0,0.0,1.0052,0.0000,140.49,0.0000,0.0000,0.00,0.0000,0.00,
8.552,1,STOP_BEFORE_DRIVE,0.793,0.000,0.000,0.000,0.000,0.000,0.000,0.000,0.0,0.0,1.0052,0.0000,140.49,0.0000,0.0000,0.00,0.0000,0.00,
8.602,1,STOP_BEFORE_DRIVE,0.843,0.000,0.000,0.000,0.000,0.000,0.000,0.000,0.0,0.0,1.0052,0.0000,140.49,0.0000,0.0000,0.00,0.0000,0.00,
8.652,1,STOP_BEFORE_DRIVE,0.893,0.000,0.000,0.000,0.000,0.000,0.000,0.000,0.0,0.0,1.0052,0.0000,140.49,0.0000,0.0000,0.00,0.0000,0.00,
8.702,1,STOP_BEFORE_DRIVE,0.943,0.000,0.000,0.000,0.000,0.000,0.000,0.000,0.0,0.0,1.0052,0.0000,140.49,0.0000,0.0000,0.00,0.0000,0.00,
8.752,1,STOP_BEFORE_DRIVE,0.993,0.000,0.000,0.000,0.000,0.000,0.000,0.000,0.0,0.0,1.0052,0.0000,140.49,0.0000,0.0000,0.00,0.0000,0.00,
8.803,1,DRIVE,0.001,0.000,0.000,0.000,0.000,0.000,0.000,0.000,0.0,0.0,1.0052,0.0000,140.49,0.0000,0.0000,0.00,-0.0000,0.00,
8.852,1,DRIVE,0.050,0.300,0.000,-0.000,0.000,0.000,0.000,0.000,0.0,0.0,1.0052,0.0000,140.49,0.0000,0.0000,0.00,-0.0000,0.00,
8.902,1,DRIVE,0.100,0.300,0.000,-0.000,0.000,0.000,0.000,0.000,0.0,0.0,0.9936,0.0096,140.49,0.0000,0.0000,0.00,-0.0000,0.00,
8.952,1,DRIVE,0.150,0.300,0.000,-0.000,0.000,0.000,0.000,0.000,0.0,0.0,0.9820,0.0191,140.49,0.0000,0.0000,0.00,0.0000,0.00,
9.002,1,DRIVE,0.200,0.300,0.000,-0.000,0.000,0.000,0.000,0.000,0.0,0.0,0.9704,0.0287,140.49,0.0000,0.0000,0.00,0.0000,0.00,
9.055,1,DRIVE,0.253,0.300,0.000,-0.000,0.000,0.000,0.000,0.000,0.0,0.0,0.9589,0.0382,140.49,0.0000,0.0000,0.00,0.0000,0.00,
9.102,1,DRIVE,0.300,0.300,0.000,-0.000,0.000,0.000,0.000,0.000,0.0,0.0,0.9473,0.0477,140.49,0.0000,0.0000,0.00,0.0000,0.00,
9.152,1,DRIVE,0.350,0.300,0.000,-0.000,0.000,0.000,0.000,0.000,0.0,0.0,0.9357,0.0573,140.49,0.0000,0.0000,0.00,0.0000,0.00,
9.202,1,DRIVE,0.400,0.300,0.000,-0.000,0.000,0.000,0.000,0.000,0.0,0.0,0.9241,0.0669,140.49,0.0000,0.0000,0.00,0.0000,0.00,
9.253,1,DRIVE,0.451,0.300,0.000,-0.000,0.000,0.000,0.000,0.000,0.0,0.0,0.9123,0.0766,140.49,0.0000,0.0000,0.00,0.0000,0.00,
9.305,1,DRIVE,0.503,0.300,0.000,-0.000,0.000,0.000,0.000,0.000,0.0,0.0,0.9010,0.0859,140.49,0.0000,0.0000,0.00,0.0000,0.00,
9.354,1,DRIVE,0.552,0.300,0.000,-0.000,0.000,0.000,0.000,0.000,0.0,0.0,0.8890,0.0958,140.49,0.0000,0.0000,0.00,0.0000,0.00,
9.402,1,DRIVE,0.600,0.300,0.000,-0.000,0.000,0.000,0.000,0.000,0.0,0.0,0.8778,0.1050,140.49,0.0000,0.0000,0.00,0.0000,0.00,
9.453,1,DRIVE,0.652,0.300,0.000,-0.000,0.000,0.000,0.000,0.000,0.0,0.0,0.8660,0.1148,140.49,0.0000,0.0000,0.00,0.0000,0.00,
9.502,1,DRIVE,0.700,0.300,0.000,-0.000,0.000,0.000,0.000,0.000,0.0,0.0,0.8547,0.1241,140.49,0.0000,0.0000,0.00,0.0000,0.00,
9.555,1,DRIVE,0.753,0.300,0.000,-0.000,0.000,0.000,0.000,0.000,0.0,0.0,0.8431,0.1337,140.49,0.0000,0.0000,0.00,-0.0000,0.00,
9.602,1,DRIVE,0.800,0.300,0.000,-0.000,0.000,0.000,0.000,0.000,0.0,0.0,0.8315,0.1432,140.49,0.0000,0.0000,0.00,-0.0000,0.00,
9.652,1,DRIVE,0.851,0.300,0.000,-0.000,0.000,0.000,0.000,0.000,0.0,0.0,0.8199,0.1528,140.49,0.0000,0.0000,0.00,-0.0000,0.00,
9.703,1,DRIVE,0.901,0.300,0.000,-0.000,0.000,0.000,0.000,0.000,0.0,0.0,0.8081,0.1625,140.49,0.0000,0.0000,0.00,-0.0000,0.00,
9.752,1,DRIVE,0.950,0.300,0.000,-0.000,0.000,0.000,0.000,0.000,0.0,0.0,0.7969,0.1718,140.49,0.0000,0.0000,0.00,-0.0000,0.00,
9.805,1,DRIVE,1.003,0.300,0.000,-0.000,0.000,0.000,0.000,0.000,0.0,0.0,0.7853,0.1814,140.49,0.0000,0.0000,0.00,-0.0000,0.00,
9.854,1,DRIVE,1.052,0.300,0.000,-0.000,0.000,0.000,0.000,0.000,0.0,0.0,0.7733,0.1913,140.49,0.0000,0.0000,0.00,-0.0000,0.00,
9.902,1,DRIVE,1.100,0.300,0.000,-0.000,0.000,0.000,0.000,0.000,0.0,0.0,0.7621,0.2004,140.49,0.0000,0.0000,0.00,0.0000,0.00,
9.952,1,DRIVE,1.150,0.300,0.000,-0.000,0.000,0.000,0.000,0.000,0.0,0.0,0.7506,0.2100,140.49,0.0000,0.0000,0.00,0.0000,0.00,
10.002,1,DRIVE,1.200,0.300,0.000,-0.000,0.000,0.000,0.000,0.000,0.0,0.0,0.7390,0.2195,140.49,0.0000,0.0000,0.00,-0.0000,0.00,
10.055,1,DRIVE,1.253,0.300,0.000,-0.000,0.000,0.000,0.000,0.000,0.0,0.0,0.7274,0.2291,140.49,0.0000,0.0000,0.00,0.0000,0.00,
10.102,1,DRIVE,1.300,0.300,0.000,-0.000,0.000,0.000,0.000,0.000,0.0,0.0,0.7158,0.2387,140.49,0.0000,0.0000,0.00,0.0000,0.00,
10.152,1,DRIVE,1.350,0.300,0.000,-0.000,0.000,0.000,0.000,0.000,0.0,0.0,0.7043,0.2481,140.49,0.0000,0.0000,0.00,-0.0000,0.00,
10.202,1,DRIVE,1.400,0.300,0.000,-0.000,0.000,0.000,0.000,0.000,0.0,0.0,0.6927,0.2577,140.49,0.0000,0.0000,0.00,-0.0000,0.00,
10.252,1,DRIVE,1.450,0.300,0.000,-0.000,0.000,0.000,0.000,0.000,0.0,0.0,0.6811,0.2672,140.49,0.0000,0.0000,0.00,-0.0000,0.00,
10.305,1,DRIVE,1.503,0.300,0.000,-0.000,0.000,0.000,0.000,0.000,0.0,0.0,0.6696,0.2768,140.49,0.0000,0.0000,0.00,-0.0000,0.00,
10.353,1,DRIVE,1.551,0.300,0.000,-0.000,0.000,0.000,0.000,0.000,0.0,0.0,0.6578,0.2865,140.49,0.0000,0.0000,0.00,0.0000,0.00,
10.402,1,DRIVE,1.600,0.300,0.000,-0.000,0.000,0.000,0.000,0.000,0.0,0.0,0.6464,0.2959,140.49,0.0000,0.0000,0.00,-0.0000,0.00,
10.452,1,DRIVE,1.650,0.300,0.000,-0.000,0.000,0.000,0.000,0.000,0.0,0.0,0.6348,0.3054,140.49,0.0000,0.0000,0.00,-0.0000,0.00,
10.502,1,DRIVE,1.700,0.300,0.000,-0.000,0.000,0.000,0.000,0.000,0.0,0.0,0.6233,0.3149,140.49,0.0000,0.0000,0.00,-0.0000,0.00,
10.553,1,DRIVE,1.751,0.300,0.000,-0.000,0.000,0.000,0.000,0.000,0.0,0.0,0.6118,0.3244,140.49,0.0000,0.0000,0.00,0.0000,0.00,
10.601,1,DRIVE,1.799,0.300,0.000,-0.000,0.000,0.000,0.000,0.000,0.0,0.0,0.6002,0.3340,140.49,0.0000,0.0000,0.00,-0.0000,0.00,
10.651,1,DRIVE,1.849,0.300,0.000,-0.000,0.000,0.000,0.000,0.000,0.0,0.0,0.5887,0.3435,140.49,0.0000,0.0000,0.00,-0.0000,0.00,
10.701,1,DRIVE,1.899,0.300,0.000,-0.000,0.000,0.000,0.000,0.000,0.0,0.0,0.5771,0.3530,140.49,0.0000,0.0000,0.00,-0.0000,0.00,
10.751,1,DRIVE,1.949,0.300,0.000,-0.000,0.000,0.000,0.000,0.000,0.0,0.0,0.5655,0.3626,140.49,0.0000,0.0000,0.00,0.0000,0.00,
10.803,1,DRIVE,2.001,0.300,0.000,-0.000,0.000,0.000,0.000,0.000,0.0,0.0,0.5539,0.3722,140.49,0.0000,0.0000,0.00,-0.0000,0.00,
10.852,1,DRIVE,2.050,0.300,0.000,-0.000,0.000,0.000,0.000,0.000,0.0,0.0,0.5423,0.3817,140.49,0.0000,0.0000,0.00,-0.0000,0.00,
10.901,1,DRIVE,2.100,0.300,0.000,-0.000,0.000,0.000,0.000,0.000,0.0,0.0,0.5308,0.3912,140.49,0.0000,0.0000,0.00,0.0000,0.00,
10.951,1,DRIVE,2.149,0.300,0.000,-0.000,0.000,0.000,0.000,0.000,0.0,0.0,0.5192,0.4008,140.49,0.0000,0.0000,0.00,0.0000,0.00,
11.001,1,DRIVE,2.199,0.300,0.000,-0.000,0.000,0.000,0.000,0.000,0.0,0.0,0.5076,0.4103,140.49,0.0000,0.0000,0.00,-0.0000,0.00,
11.053,1,DRIVE,2.251,0.300,0.000,-0.000,0.000,0.000,0.000,0.000,0.0,0.0,0.4961,0.4198,140.49,0.0000,0.0000,0.00,-0.0000,0.00,
11.102,1,DRIVE,2.300,0.300,0.000,-0.000,0.000,0.000,0.000,0.000,0.0,0.0,0.4844,0.4295,140.49,0.0000,0.0000,0.00,-0.0000,0.00,
11.151,1,DRIVE,2.349,0.300,0.000,-0.000,0.000,0.000,0.000,0.000,0.0,0.0,0.4729,0.4389,140.49,0.0000,0.0000,0.00,-0.0000,0.00,
11.201,1,DRIVE,2.399,0.300,0.000,-0.000,0.000,0.000,0.000,0.000,0.0,0.0,0.4614,0.4485,140.49,0.0000,0.0000,0.00,-0.0000,0.00,
11.251,1,DRIVE,2.449,0.300,0.000,-0.000,0.000,0.000,0.000,0.000,0.0,0.0,0.4498,0.4580,140.49,0.0000,0.0000,0.00,-0.0000,0.00,
11.303,1,DRIVE,2.501,0.300,0.000,-0.000,0.000,0.000,0.000,0.000,0.0,0.0,0.4382,0.4676,140.49,0.0000,0.0000,0.00,-0.0000,0.00,
11.352,1,DRIVE,2.550,0.300,0.000,-0.000,0.000,0.000,0.000,0.000,0.0,0.0,0.4265,0.4772,140.49,0.0000,0.0000,0.00,0.0000,0.00,
11.402,1,DRIVE,2.600,0.300,0.000,-0.000,0.000,0.000,0.000,0.000,0.0,0.0,0.4150,0.4867,140.49,0.0000,0.0000,0.00,0.0000,0.00,
11.451,1,DRIVE,2.649,0.300,0.000,-0.000,0.000,0.000,0.000,0.000,0.0,0.0,0.4035,0.4962,140.49,0.0000,0.0000,0.00,-0.0000,0.00,
11.502,1,DRIVE,2.700,0.300,0.000,-0.000,0.000,0.000,0.000,0.000,0.0,0.0,0.3919,0.5058,140.49,0.0000,0.0000,0.00,-0.0000,0.00,
11.555,1,DRIVE,2.753,0.300,0.000,-0.000,0.000,0.000,0.000,0.000,0.0,0.0,0.3802,0.5154,140.49,0.0000,0.0000,0.00,-0.0000,0.00,
11.602,1,DRIVE,2.800,0.300,0.000,-0.000,0.000,0.000,0.000,0.000,0.0,0.0,0.3687,0.5249,140.49,0.0000,0.0000,0.00,-0.0000,0.00,
11.652,1,DRIVE,2.850,0.300,0.000,-0.000,0.000,0.000,0.000,0.000,0.0,0.0,0.3571,0.5345,140.49,0.0000,0.0000,0.00,0.0000,0.00,
11.703,1,DRIVE,2.901,0.300,0.000,-0.000,0.000,0.000,0.000,0.000,0.0,0.0,0.3453,0.5442,140.49,0.0000,0.0000,0.00,0.0000,0.00,
11.752,1,DRIVE,2.950,0.300,0.000,-0.000,0.000,0.000,0.000,0.000,0.0,0.0,0.3340,0.5535,140.49,0.0000,0.0000,0.00,0.0000,0.00,
11.807,1,DRIVE,3.005,0.300,0.000,-0.000,0.000,0.000,0.000,0.000,0.0,0.0,0.3218,0.5636,140.49,0.0000,0.0000,0.00,-0.0000,0.00,
11.852,1,DRIVE,3.050,0.300,0.000,-0.000,0.000,0.000,0.000,0.000,0.0,0.0,0.3108,0.5726,140.49,0.0000,0.0000,0.00,-0.0000,0.00,
11.902,1,DRIVE,3.100,0.300,0.000,-0.000,0.000,0.000,0.000,0.000,0.0,0.0,0.2992,0.5822,140.49,0.0000,0.0000,0.00,-0.0000,0.00,
11.954,1,DRIVE,3.153,0.300,0.000,-0.000,0.000,0.000,0.000,0.000,0.0,0.0,0.2871,0.5922,140.49,0.0000,0.0000,0.00,-0.0000,0.00,
12.003,1,DRIVE,3.201,0.300,0.000,-0.000,0.000,0.000,0.000,0.000,0.0,0.0,0.2760,0.6014,140.49,0.0000,0.0000,0.00,-0.0000,0.00,
12.055,1,DRIVE,3.253,0.300,0.000,-0.000,0.000,0.000,0.000,0.000,0.0,0.0,0.2644,0.6109,140.49,0.0000,0.0000,0.00,-0.0000,0.00,
12.102,1,DRIVE,3.300,0.300,0.000,-0.000,0.000,0.000,0.000,0.000,0.0,0.0,0.2529,0.6204,140.49,0.0000,0.0000,0.00,-0.0000,0.00,
12.152,1,DRIVE,3.350,0.300,0.000,-0.000,0.000,0.000,0.000,0.000,0.0,0.0,0.2414,0.6299,140.49,0.0000,0.0000,0.00,-0.0000,0.00,
12.207,1,DRIVE,3.406,0.000,0.000,0.000,0.000,0.000,0.000,0.000,0.0,0.0,0.2292,0.6400,140.49,0.0000,0.0000,0.00,-0.0000,0.00,FIN_DRIVE_leg1_KF_1.01m
12.209,1,STOP_BEFORE_SPIN,0.001,0.000,0.000,0.000,0.000,0.000,0.000,0.000,0.0,0.0,0.2292,0.6400,140.49,0.0000,0.0000,0.00,-0.0000,0.00,
12.252,1,STOP_BEFORE_SPIN,0.044,0.000,0.000,0.000,0.000,0.000,0.000,0.000,0.0,0.0,0.2292,0.6400,140.49,0.0000,0.0000,0.00,-0.0000,0.00,
12.302,1,STOP_BEFORE_SPIN,0.095,0.000,0.000,0.000,0.000,0.000,0.000,0.000,0.0,0.0,0.2292,0.6400,140.49,0.0000,0.0000,0.00,-0.0000,0.00,
12.353,1,STOP_BEFORE_SPIN,0.145,0.000,0.000,0.000,0.000,0.000,0.000,0.000,0.0,0.0,0.2292,0.6400,140.49,0.0000,0.0000,0.00,-0.0000,0.00,
12.405,1,STOP_BEFORE_SPIN,0.197,0.000,0.000,0.000,0.000,0.000,0.000,0.000,0.0,0.0,0.2292,0.6400,140.49,0.0000,0.0000,0.00,-0.0000,0.00,
12.452,1,STOP_BEFORE_SPIN,0.244,0.000,0.000,0.000,0.000,0.000,0.000,0.000,0.0,0.0,0.2292,0.6400,140.49,0.0000,0.0000,0.00,-0.0000,0.00,
12.502,1,STOP_BEFORE_SPIN,0.295,0.000,0.000,0.000,0.000,0.000,0.000,0.000,0.0,0.0,0.2292,0.6400,140.49,0.0000,0.0000,0.00,-0.0000,0.00,
12.552,1,STOP_BEFORE_SPIN,0.344,0.000,0.000,0.000,0.000,0.000,0.000,0.000,0.0,0.0,0.2292,0.6400,140.49,0.0000,0.0000,0.00,-0.0000,0.00,
12.602,1,STOP_BEFORE_SPIN,0.394,0.000,0.000,0.000,0.000,0.000,0.000,0.000,0.0,0.0,0.2292,0.6400,140.49,0.0000,0.0000,0.00,-0.0000,0.00,
12.652,1,STOP_BEFORE_SPIN,0.444,0.000,0.000,0.000,0.000,0.000,0.000,0.000,0.0,0.0,0.2292,0.6400,140.49,0.0000,0.0000,0.00,-0.0000,0.00,
12.704,1,STOP_BEFORE_SPIN,0.496,0.000,0.000,0.000,0.000,0.000,0.000,0.000,0.0,0.0,0.2292,0.6400,140.49,0.0000,0.0000,0.00,-0.0000,0.00,
12.753,1,STOP_BEFORE_SPIN,0.545,0.000,0.000,0.000,0.000,0.000,0.000,0.000,0.0,0.0,0.2292,0.6400,140.49,0.0000,0.0000,0.00,-0.0000,0.00,
12.802,1,STOP_BEFORE_SPIN,0.595,0.000,0.000,0.000,0.000,0.000,0.000,0.000,0.0,0.0,0.2292,0.6400,140.49,0.0000,0.0000,0.00,-0.0000,0.00,
12.852,1,STOP_BEFORE_SPIN,0.644,0.000,0.000,0.000,0.000,0.000,0.000,0.000,0.0,0.0,0.2292,0.6400,140.49,0.0000,0.0000,0.00,-0.0000,0.00,
12.902,1,STOP_BEFORE_SPIN,0.694,0.000,0.000,0.000,0.000,0.000,0.000,0.000,0.0,0.0,0.2292,0.6400,140.49,0.0000,0.0000,0.00,-0.0000,0.00,
12.953,1,STOP_BEFORE_SPIN,0.745,0.000,0.000,0.000,0.000,0.000,0.000,0.000,0.0,0.0,0.2292,0.6400,140.49,0.0000,0.0000,0.00,-0.0000,0.00,
13.002,1,STOP_BEFORE_SPIN,0.794,0.000,0.000,0.000,0.000,0.000,0.000,0.000,0.0,0.0,0.2292,0.6400,140.49,0.0000,0.0000,0.00,-0.0000,0.00,
13.052,1,STOP_BEFORE_SPIN,0.844,0.000,0.000,0.000,0.000,0.000,0.000,0.000,0.0,0.0,0.2292,0.6400,140.49,0.0000,0.0000,0.00,-0.0000,0.00,
13.104,1,STOP_BEFORE_SPIN,0.896,0.000,0.000,0.000,0.000,0.000,0.000,0.000,0.0,0.0,0.2292,0.6400,140.49,0.0000,0.0000,0.00,-0.0000,0.00,
13.152,1,STOP_BEFORE_SPIN,0.944,0.000,0.000,0.000,0.000,0.000,0.000,0.000,0.0,0.0,0.2292,0.6400,140.49,0.0000,0.0000,0.00,-0.0000,0.00,
13.202,1,STOP_BEFORE_SPIN,0.994,0.000,0.000,0.000,0.000,0.000,0.000,0.000,0.0,0.0,0.2292,0.6400,140.49,0.0000,0.0000,0.00,-0.0000,0.00,
13.254,1,STOP_BEFORE_SPIN,1.046,0.000,0.000,0.000,0.000,0.000,0.000,0.000,0.0,0.0,0.2292,0.6400,140.49,0.0000,0.0000,0.00,-0.0000,0.00,INICIO_DRIFT_leg1
13.256,1,DRIFT,0.001,0.000,0.000,0.000,0.000,0.000,0.000,0.000,0.0,0.0,0.2292,0.6400,140.49,0.0000,0.0000,0.00,-0.0000,0.00,
13.302,1,DRIFT,0.047,0.000,-0.000,1.000,0.000,0.000,0.000,0.000,0.0,0.0,0.2292,0.6400,140.49,0.0000,0.0000,0.00,-0.0000,0.00,
13.352,1,DRIFT,0.097,0.000,-0.000,1.000,0.000,0.000,0.000,0.000,0.0,0.0,0.2292,0.6400,143.34,0.0000,0.0000,0.00,-0.0000,0.00,
13.402,1,DRIFT,0.147,0.000,-0.000,1.000,0.000,0.000,0.000,0.000,0.0,0.0,0.2292,0.6400,146.19,0.0000,0.0000,0.00,-0.0000,0.00,
13.452,1,DRIFT,0.197,0.000,-0.000,1.000,0.000,0.000,0.000,0.000,0.0,0.0,0.2292,0.6400,149.07,0.0000,0.0000,0.00,-0.0000,0.00,
13.502,1,DRIFT,0.247,0.000,-0.000,1.000,0.000,0.000,0.000,0.000,0.0,0.0,0.2292,0.6400,151.93,0.0000,0.0000,0.00,-0.0000,0.00,
13.556,1,DRIFT,0.301,0.000,-0.000,1.000,0.000,0.000,0.000,0.000,0.0,0.0,0.2292,0.6400,154.89,0.0000,0.0000,0.00,-0.0000,0.00,
13.603,1,DRIFT,0.348,0.000,-0.000,1.000,0.000,0.000,0.000,0.000,0.0,0.0,0.2292,0.6400,157.73,0.0000,0.0000,0.00,-0.0000,0.00,
13.653,1,DRIFT,0.398,0.000,-0.000,1.000,0.000,0.000,0.000,0.000,0.0,0.0,0.2292,0.6400,160.58,0.0000,0.0000,0.00,-0.0000,0.00,
13.702,1,DRIFT,0.447,0.000,-0.000,1.000,0.000,0.000,0.000,0.000,0.0,0.0,0.2292,0.6400,163.39,0.0000,0.0000,0.00,-0.0000,0.00,
13.752,1,DRIFT,0.497,0.000,-0.000,1.000,0.000,0.000,0.000,0.000,0.0,0.0,0.2292,0.6400,166.26,0.0000,0.0000,0.00,-0.0000,0.00,
13.805,1,DRIFT,0.550,0.000,-0.000,1.000,0.000,0.000,0.000,0.000,0.0,0.0,0.2292,0.6400,169.13,0.0000,0.0000,0.00,-0.0000,0.00,
13.852,1,DRIFT,0.597,0.000,-0.000,1.000,0.000,0.000,0.000,0.000,0.0,0.0,0.2292,0.6400,172.00,0.0000,0.0000,0.00,-0.0000,0.00,
13.902,1,DRIFT,0.647,0.000,-0.000,1.000,0.000,0.000,0.000,0.000,0.0,0.0,0.2292,0.6400,174.86,0.0000,0.0000,0.00,-0.0000,0.00,
13.952,1,DRIFT,0.697,0.000,-0.000,1.000,0.000,0.000,0.000,0.000,0.0,0.0,0.2292,0.6400,177.72,0.0000,0.0000,0.00,-0.0000,0.00,
14.002,1,DRIFT,0.747,0.000,-0.000,1.000,0.000,0.000,0.000,0.000,0.0,0.0,0.2292,0.6400,-179.41,0.0000,0.0000,0.00,-0.0000,0.00,
14.055,1,DRIFT,0.800,0.000,-0.000,1.000,0.000,0.000,0.000,0.000,0.0,0.0,0.2292,0.6400,-176.55,0.0000,0.0000,0.00,-0.0000,0.00,
14.102,1,DRIFT,0.847,0.000,-0.000,1.000,0.000,0.000,0.000,0.000,0.0,0.0,0.2292,0.6400,-173.68,0.0000,0.0000,0.00,-0.0000,0.00,
14.152,1,DRIFT,0.897,0.000,-0.000,1.000,0.000,0.000,0.000,0.000,0.0,0.0,0.2292,0.6400,-170.82,0.0000,0.0000,0.00,-0.0000,0.00,
14.202,1,DRIFT,0.947,0.000,-0.000,1.000,0.000,0.000,0.000,0.000,0.0,0.0,0.2292,0.6400,-167.95,0.0000,0.0000,0.00,-0.0000,0.00,
14.254,1,DRIFT,0.999,0.000,-0.000,1.000,0.000,0.000,0.000,0.000,0.0,0.0,0.2292,0.6400,-165.00,0.0000,0.0000,0.00,-0.0000,0.00,
14.305,1,DRIFT,1.050,0.000,-0.000,1.000,0.000,0.000,0.000,0.000,0.0,0.0,0.2292,0.6400,-162.22,0.0000,0.0000,0.00,-0.0000,0.00,
14.352,1,DRIFT,1.097,0.000,-0.000,1.000,0.000,0.000,0.000,0.000,0.0,0.0,0.2292,0.6400,-159.37,0.0000,0.0000,0.00,-0.0000,0.00,
14.402,1,DRIFT,1.147,0.000,-0.000,1.000,0.000,0.000,0.000,0.000,0.0,0.0,0.2292,0.6400,-156.50,0.0000,0.0000,0.00,-0.0000,0.00,
14.452,1,DRIFT,1.197,0.000,-0.000,1.000,0.000,0.000,0.000,0.000,0.0,0.0,0.2292,0.6400,-153.64,0.0000,0.0000,0.00,-0.0000,0.00,
14.502,1,DRIFT,1.247,0.000,-0.000,1.000,0.000,0.000,0.000,0.000,0.0,0.0,0.2292,0.6400,-150.77,0.0000,0.0000,0.00,-0.0000,0.00,
14.555,1,DRIFT,1.300,0.000,-0.000,1.000,0.000,0.000,0.000,0.000,0.0,0.0,0.2292,0.6400,-147.90,0.0000,0.0000,0.00,-0.0000,0.00,
14.602,1,DRIFT,1.347,0.000,-0.000,1.000,0.000,0.000,0.000,0.000,0.0,0.0,0.2292,0.6400,-145.04,0.0000,0.0000,0.00,-0.0000,0.00,
14.652,1,DRIFT,1.397,0.000,-0.000,1.000,0.000,0.000,0.000,0.000,0.0,0.0,0.2292,0.6400,-142.18,0.0000,0.0000,0.00,-0.0000,0.00,
14.702,1,DRIFT,1.447,0.000,-0.000,1.000,0.000,0.000,0.000,0.000,0.0,0.0,0.2292,0.6400,-139.31,0.0000,0.0000,0.00,-0.0000,0.00,
14.752,1,DRIFT,1.497,0.000,-0.000,1.000,0.000,0.000,0.000,0.000,0.0,0.0,0.2292,0.6400,-136.45,0.0000,0.0000,0.00,-0.0000,0.00,
14.805,1,DRIFT,1.550,0.000,-0.000,1.000,0.000,0.000,0.000,0.000,0.0,0.0,0.2292,0.6400,-133.58,0.0000,0.0000,0.00,-0.0000,0.00,
14.852,1,DRIFT,1.597,0.000,-0.000,1.000,0.000,0.000,0.000,0.000,0.0,0.0,0.2292,0.6400,-130.72,0.0000,0.0000,0.00,-0.0000,0.00,
14.902,1,DRIFT,1.647,0.000,-0.000,1.000,0.000,0.000,0.000,0.000,0.0,0.0,0.2292,0.6400,-127.84,0.0000,0.0000,0.00,-0.0000,0.00,
14.952,1,DRIFT,1.698,0.000,-0.000,1.000,0.000,0.000,0.000,0.000,0.0,0.0,0.2292,0.6400,-124.97,0.0000,0.0000,0.00,-0.0000,0.00,
15.002,1,DRIFT,1.747,0.000,-0.000,1.000,0.000,0.000,0.000,0.000,0.0,0.0,0.2292,0.6400,-122.12,0.0000,0.0000,0.00,-0.0000,0.00,
15.055,1,DRIFT,1.800,0.000,-0.000,1.000,0.000,0.000,0.000,0.000,0.0,0.0,0.2292,0.6400,-119.22,0.0000,0.0000,0.00,-0.0000,0.00,
15.102,1,DRIFT,1.848,0.000,-0.000,1.000,0.000,0.000,0.000,0.000,0.0,0.0,0.2292,0.6400,-116.37,0.0000,0.0000,0.00,-0.0000,0.00,
15.152,1,DRIFT,1.897,0.000,-0.000,1.000,0.000,0.000,0.000,0.000,0.0,0.0,0.2292,0.6400,-113.51,0.0000,0.0000,0.00,-0.0000,0.00,
15.202,1,DRIFT,1.947,0.000,-0.000,1.000,0.000,0.000,0.000,0.000,0.0,0.0,0.2292,0.6400,-110.66,0.0000,0.0000,0.00,-0.0000,0.00,
15.252,1,DRIFT,1.997,0.000,-0.000,1.000,0.000,0.000,0.000,0.000,0.0,0.0,0.2292,0.6400,-107.80,0.0000,0.0000,0.00,-0.0000,0.00,
15.305,1,DRIFT,2.051,0.000,-0.000,1.000,0.000,0.000,0.000,0.000,0.0,0.0,0.2292,0.6400,-104.89,0.0000,0.0000,0.00,-0.0000,0.00,
15.352,1,DRIFT,2.097,0.000,-0.000,1.000,0.000,0.000,0.000,0.000,0.0,0.0,0.2292,0.6400,-102.07,0.0000,0.0000,0.00,-0.0000,0.00,
15.402,1,DRIFT,2.147,0.000,-0.000,1.000,0.000,0.000,0.000,0.000,0.0,0.0,0.2292,0.6400,-99.20,0.0000,0.0000,0.00,-0.0000,0.00,
15.452,1,DRIFT,2.197,0.000,-0.000,1.000,0.000,0.000,0.000,0.000,0.0,0.0,0.2292,0.6400,-96.33,0.0000,0.0000,0.00,-0.0000,0.00,
15.502,1,DRIFT,2.247,0.000,-0.000,1.000,0.000,0.000,0.000,0.000,0.0,0.0,0.2292,0.6400,-93.49,0.0000,0.0000,0.00,-0.0000,0.00,
15.555,1,DRIFT,2.300,0.000,-0.000,1.000,0.000,0.000,0.000,0.000,0.0,0.0,0.2292,0.6400,-90.61,0.0000,0.0000,0.00,-0.0000,0.00,
15.602,1,DRIFT,2.347,0.000,-0.000,1.000,0.000,0.000,0.000,0.000,0.0,0.0,0.2292,0.6400,-87.75,0.0000,0.0000,0.00,-0.0000,0.00,
15.652,1,DRIFT,2.397,0.000,-0.000,1.000,0.000,0.000,0.000,0.000,0.0,0.0,0.2292,0.6400,-84.88,0.0000,0.0000,0.00,-0.0000,0.00,
15.702,1,DRIFT,2.447,0.000,-0.000,1.000,0.000,0.000,0.000,0.000,0.0,0.0,0.2292,0.6400,-82.03,0.0000,0.0000,0.00,-0.0000,0.00,
15.754,2,DRIFT,2.500,0.000,0.000,0.000,0.000,0.000,0.000,0.000,0.0,0.0,0.2292,0.6400,-79.15,0.0000,0.0000,0.00,-0.0000,0.00,FIN_DRIFT_leg1_TIMEOUT_2.5s_2.50s
15.758,2,STOP_BEFORE_DRIVE,0.001,0.000,0.000,0.000,0.000,0.000,0.000,0.000,0.0,0.0,0.2292,0.6400,-79.15,0.0000,0.0000,0.00,-0.0000,0.00,
15.802,2,STOP_BEFORE_DRIVE,0.045,0.000,0.000,0.000,0.000,0.000,0.000,0.000,0.0,0.0,0.2292,0.6400,-79.15,0.0000,0.0000,0.00,-0.0000,0.00,
15.852,2,STOP_BEFORE_DRIVE,0.095,0.000,0.000,0.000,0.000,0.000,0.000,0.000,0.0,0.0,0.2292,0.6400,-79.15,0.0000,0.0000,0.00,-0.0000,0.00,
15.902,2,STOP_BEFORE_DRIVE,0.145,0.000,0.000,0.000,0.000,0.000,0.000,0.000,0.0,0.0,0.2292,0.6400,-79.15,0.0000,0.0000,0.00,-0.0000,0.00,
15.952,2,STOP_BEFORE_DRIVE,0.195,0.000,0.000,0.000,0.000,0.000,0.000,0.000,0.0,0.0,0.2292,0.6400,-79.15,0.0000,0.0000,0.00,-0.0000,0.00,
16.003,2,STOP_BEFORE_DRIVE,0.245,0.000,0.000,0.000,0.000,0.000,0.000,0.000,0.0,0.0,0.2292,0.6400,-79.15,0.0000,0.0000,0.00,-0.0000,0.00,
16.053,2,STOP_BEFORE_DRIVE,0.296,0.000,0.000,0.000,0.000,0.000,0.000,0.000,0.0,0.0,0.2292,0.6400,-79.15,0.0000,0.0000,0.00,-0.0000,0.00,
16.102,2,STOP_BEFORE_DRIVE,0.345,0.000,0.000,0.000,0.000,0.000,0.000,0.000,0.0,0.0,0.2292,0.6400,-79.15,0.0000,0.0000,0.00,-0.0000,0.00,
16.152,2,STOP_BEFORE_DRIVE,0.395,0.000,0.000,0.000,0.000,0.000,0.000,0.000,0.0,0.0,0.2292,0.6400,-79.15,0.0000,0.0000,0.00,-0.0000,0.00,
16.202,2,STOP_BEFORE_DRIVE,0.445,0.000,0.000,0.000,0.000,0.000,0.000,0.000,0.0,0.0,0.2292,0.6400,-79.15,0.0000,0.0000,0.00,-0.0000,0.00,
16.252,2,STOP_BEFORE_DRIVE,0.495,0.000,0.000,0.000,0.000,0.000,0.000,0.000,0.0,0.0,0.2292,0.6400,-79.15,0.0000,0.0000,0.00,-0.0000,0.00,
16.302,2,STOP_BEFORE_DRIVE,0.545,0.000,0.000,0.000,0.000,0.000,0.000,0.000,0.0,0.0,0.2292,0.6400,-79.15,0.0000,0.0000,0.00,-0.0000,0.00,
16.352,2,STOP_BEFORE_DRIVE,0.595,0.000,0.000,0.000,0.000,0.000,0.000,0.000,0.0,0.0,0.2292,0.6400,-79.15,0.0000,0.0000,0.00,-0.0000,0.00,
16.402,2,STOP_BEFORE_DRIVE,0.645,0.000,0.000,0.000,0.000,0.000,0.000,0.000,0.0,0.0,0.2292,0.6400,-79.15,0.0000,0.0000,0.00,-0.0000,0.00,
16.452,2,STOP_BEFORE_DRIVE,0.695,0.000,0.000,0.000,0.000,0.000,0.000,0.000,0.0,0.0,0.2292,0.6400,-79.15,0.0000,0.0000,0.00,-0.0000,0.00,
16.502,2,STOP_BEFORE_DRIVE,0.745,0.000,0.000,0.000,0.000,0.000,0.000,0.000,0.0,0.0,0.2292,0.6400,-79.15,0.0000,0.0000,0.00,-0.0000,0.00,
16.552,2,STOP_BEFORE_DRIVE,0.795,0.000,0.000,0.000,0.000,0.000,0.000,0.000,0.0,0.0,0.2292,0.6400,-79.15,0.0000,0.0000,0.00,-0.0000,0.00,
16.602,2,STOP_BEFORE_DRIVE,0.845,0.000,0.000,0.000,0.000,0.000,0.000,0.000,0.0,0.0,0.2292,0.6400,-79.15,0.0000,0.0000,0.00,-0.0000,0.00,
16.652,2,STOP_BEFORE_DRIVE,0.895,0.000,0.000,0.000,0.000,0.000,0.000,0.000,0.0,0.0,0.2292,0.6400,-79.15,0.0000,0.0000,0.00,-0.0000,0.00,
16.702,2,STOP_BEFORE_DRIVE,0.945,0.000,0.000,0.000,0.000,0.000,0.000,0.000,0.0,0.0,0.2292,0.6400,-79.15,0.0000,0.0000,0.00,-0.0000,0.00,
16.752,2,STOP_BEFORE_DRIVE,0.995,0.000,0.000,0.000,0.000,0.000,0.000,0.000,0.0,0.0,0.2292,0.6400,-79.15,0.0000,0.0000,0.00,-0.0000,0.00,
16.803,2,DRIVE,0.001,0.000,0.000,0.000,0.000,0.000,0.000,0.000,0.0,0.0,0.2292,0.6400,-79.15,0.0000,0.0000,0.00,0.0000,0.00,
16.852,2,DRIVE,0.049,0.300,0.000,-0.000,0.000,0.000,0.000,0.000,0.0,0.0,0.2292,0.6400,-79.15,0.0000,0.0000,0.00,0.0000,0.00,
16.902,2,DRIVE,0.099,0.300,0.000,-0.000,0.000,0.000,0.000,0.000,0.0,0.0,0.2320,0.6252,-79.15,0.0000,0.0000,0.00,-0.0000,0.00,
16.952,2,DRIVE,0.149,0.300,0.000,-0.000,0.000,0.000,0.000,0.000,0.0,0.0,0.2348,0.6105,-79.15,0.0000,0.0000,0.00,-0.0000,0.00,
17.002,2,DRIVE,0.199,0.300,0.000,-0.000,0.000,0.000,0.000,0.000,0.0,0.0,0.2377,0.5958,-79.15,0.0000,0.0000,0.00,-0.0000,0.00,
17.055,2,DRIVE,0.252,0.300,0.000,-0.000,0.000,0.000,0.000,0.000,0.0,0.0,0.2405,0.5810,-79.15,0.0000,0.0000,0.00,-0.0000,0.00,
17.102,2,DRIVE,0.299,0.300,0.000,-0.000,0.000,0.000,0.000,0.000,0.0,0.0,0.2433,0.5663,-79.15,0.0000,0.0000,0.00,0.0000,0.00,
17.152,2,DRIVE,0.349,0.300,0.000,-0.000,0.000,0.000,0.000,0.000,0.0,0.0,0.2461,0.5516,-79.15,0.0000,0.0000,0.00,0.0000,0.00,
17.202,2,DRIVE,0.399,0.300,0.000,-0.000,0.000,0.000,0.000,0.000,0.0,0.0,0.2489,0.5369,-79.15,0.0000,0.0000,0.00,0.0000,0.00,
17.252,2,DRIVE,0.449,0.300,0.000,-0.000,0.000,0.000,0.000,0.000,0.0,0.0,0.2518,0.5222,-79.15,0.0000,0.0000,0.00,-0.0000,0.00,
17.305,2,DRIVE,0.502,0.300,0.000,-0.000,0.000,0.000,0.000,0.000,0.0,0.0,0.2546,0.5074,-79.15,0.0000,0.0000,0.00,-0.0000,0.00,
17.352,2,DRIVE,0.549,0.300,0.000,-0.000,0.000,0.000,0.000,0.000,0.0,0.0,0.2574,0.4927,-79.15,0.0000,0.0000,0.00,-0.0000,0.00,
17.402,2,DRIVE,0.600,0.300,0.000,-0.000,0.000,0.000,0.000,0.000,0.0,0.0,0.2603,0.4779,-79.15,0.0000,0.0000,0.00,-0.0000,0.00,
17.454,2,DRIVE,0.651,0.300,0.000,-0.000,0.000,0.000,0.000,0.000,0.0,0.0,0.2632,0.4627,-79.15,0.0000,0.0000,0.00,-0.0000,0.00,
17.502,2,DRIVE,0.700,0.300,0.000,-0.000,0.000,0.000,0.000,0.000,0.0,0.0,0.2659,0.4484,-79.15,0.0000,0.0000,0.00,-0.0000,0.00,
17.556,2,DRIVE,0.753,0.300,0.000,-0.000,0.000,0.000,0.000,0.000,0.0,0.0,0.2688,0.4333,-79.15,0.0000,0.0000,0.00,-0.0000,0.00,
17.602,2,DRIVE,0.799,0.300,0.000,-0.000,0.000,0.000,0.000,0.000,0.0,0.0,0.2715,0.4190,-79.15,0.0000,0.0000,0.00,-0.0000,0.00,
17.652,2,DRIVE,0.849,0.300,0.000,-0.000,0.000,0.000,0.000,0.000,0.0,0.0,0.2744,0.4043,-79.15,0.0000,0.0000,0.00,-0.0000,0.00,
17.702,2,DRIVE,0.899,0.300,0.000,-0.000,0.000,0.000,0.000,0.000,0.0,0.0,0.2772,0.3895,-79.15,0.0000,0.0000,0.00,-0.0000,0.00,
17.752,2,DRIVE,0.949,0.300,0.000,-0.000,0.000,0.000,0.000,0.000,0.0,0.0,0.2800,0.3748,-79.15,0.0000,0.0000,0.00,-0.0000,0.00,
17.805,2,DRIVE,1.003,0.300,0.000,-0.000,0.000,0.000,0.000,0.000,0.0,0.0,0.2828,0.3600,-79.15,0.0000,0.0000,0.00,-0.0000,0.00,
17.852,2,DRIVE,1.050,0.300,0.000,-0.000,0.000,0.000,0.000,0.000,0.0,0.0,0.2857,0.3453,-79.15,0.0000,0.0000,0.00,-0.0000,0.00,
17.903,2,DRIVE,1.100,0.300,0.000,-0.000,0.000,0.000,0.000,0.000,0.0,0.0,0.2885,0.3304,-79.15,0.0000,0.0000,0.00,-0.0000,0.00,
17.954,2,DRIVE,1.151,0.300,0.000,-0.000,0.000,0.000,0.000,0.000,0.0,0.0,0.2914,0.3154,-79.15,0.0000,0.0000,0.00,-0.0000,0.00,
18.003,2,DRIVE,1.200,0.300,0.000,-0.000,0.000,0.000,0.000,0.000,0.0,0.0,0.2942,0.3009,-79.15,0.0000,0.0000,0.00,-0.0000,0.00,
18.055,2,DRIVE,1.252,0.300,0.000,-0.000,0.000,0.000,0.000,0.000,0.0,0.0,0.2970,0.2864,-79.15,0.0000,0.0000,0.00,-0.0000,0.00,
18.104,2,DRIVE,1.301,0.300,0.000,-0.000,0.000,0.000,0.000,0.000,0.0,0.0,0.2999,0.2712,-79.15,0.0000,0.0000,0.00,-0.0000,0.00,
18.153,2,DRIVE,1.351,0.300,0.000,-0.000,0.000,0.000,0.000,0.000,0.0,0.0,0.3027,0.2565,-79.15,0.0000,0.0000,0.00,-0.0000,0.00,
18.203,2,DRIVE,1.400,0.300,0.000,-0.000,0.000,0.000,0.000,0.000,0.0,0.0,0.3055,0.2419,-79.15,0.0000,0.0000,0.00,0.0000,0.00,
18.255,2,DRIVE,1.452,0.300,0.000,-0.000,0.000,0.000,0.000,0.000,0.0,0.0,0.3084,0.2267,-79.15,0.0000,0.0000,0.00,0.0000,0.00,
18.306,2,DRIVE,1.503,0.300,0.000,-0.000,0.000,0.000,0.000,0.000,0.0,0.0,0.3111,0.2124,-79.15,0.0000,0.0000,0.00,0.0000,0.00,
18.352,2,DRIVE,1.549,0.300,0.000,-0.000,0.000,0.000,0.000,0.000,0.0,0.0,0.3139,0.1980,-79.15,0.0000,0.0000,0.00,0.0000,0.00,
18.402,2,DRIVE,1.599,0.300,0.000,-0.000,0.000,0.000,0.000,0.000,0.0,0.0,0.3167,0.1833,-79.15,0.0000,0.0000,0.00,0.0000,0.00,
18.452,2,DRIVE,1.649,0.300,0.000,-0.000,0.000,0.000,0.000,0.000,0.0,0.0,0.3195,0.1686,-79.15,0.0000,0.0000,0.00,0.0000,0.00,
18.502,2,DRIVE,1.700,0.300,0.000,-0.000,0.000,0.000,0.000,0.000,0.0,0.0,0.3224,0.1537,-79.15,0.0000,0.0000,0.00,0.0000,0.00,
18.555,2,DRIVE,1.752,0.300,0.000,-0.000,0.000,0.000,0.000,0.000,0.0,0.0,0.3252,0.1391,-79.15,0.0000,0.0000,0.00,0.0000,0.00,
18.602,2,DRIVE,1.799,0.300,0.000,-0.000,0.000,0.000,0.000,0.000,0.0,0.0,0.3280,0.1243,-79.15,0.0000,0.0000,0.00,0.0000,0.00,
18.652,2,DRIVE,1.849,0.300,0.000,-0.000,0.000,0.000,0.000,0.000,0.0,0.0,0.3308,0.1096,-79.15,0.0000,0.0000,0.00,0.0000,0.00,
18.702,2,DRIVE,1.900,0.300,0.000,-0.000,0.000,0.000,0.000,0.000,0.0,0.0,0.3337,0.0948,-79.15,0.0000,0.0000,0.00,0.0000,0.00,
18.752,2,DRIVE,1.950,0.300,0.000,-0.000,0.000,0.000,0.000,0.000,0.0,0.0,0.3365,0.0801,-79.15,0.0000,0.0000,0.00,0.0000,0.00,
18.805,2,DRIVE,2.002,0.300,0.000,-0.000,0.000,0.000,0.000,0.000,0.0,0.0,0.3393,0.0653,-79.15,0.0000,0.0000,0.00,0.0000,0.00,
18.853,2,DRIVE,2.050,0.300,0.000,-0.000,0.000,0.000,0.000,0.000,0.0,0.0,0.3422,0.0505,-79.15,0.0000,0.0000,0.00,0.0000,0.00,
18.905,2,DRIVE,2.102,0.300,0.000,-0.000,0.000,0.000,0.000,0.000,0.0,0.0,0.3451,0.0352,-79.15,0.0000,0.0000,0.00,0.0000,0.00,
18.952,2,DRIVE,2.149,0.300,0.000,-0.000,0.000,0.000,0.000,0.000,0.0,0.0,0.3478,0.0212,-79.15,0.0000,0.0000,0.00,0.0000,0.00,
19.003,2,DRIVE,2.200,0.300,0.000,-0.000,0.000,0.000,0.000,0.000,0.0,0.0,0.3506,0.0063,-79.15,0.0000,0.0000,0.00,0.0000,0.00,
19.055,2,DRIVE,2.252,0.300,0.000,-0.000,0.000,0.000,0.000,0.000,0.0,0.0,0.3534,-0.0082,-79.15,0.0000,0.0000,0.00,0.0000,0.00,
19.102,2,DRIVE,2.300,0.300,0.000,-0.000,0.000,0.000,0.000,0.000,0.0,0.0,0.3563,-0.0230,-79.15,0.0000,0.0000,0.00,0.0000,0.00,
19.152,2,DRIVE,2.349,0.300,0.000,-0.000,0.000,0.000,0.000,0.000,0.0,0.0,0.3591,-0.0377,-79.15,0.0000,0.0000,0.00,0.0000,0.00,
19.202,2,DRIVE,2.399,0.300,0.000,-0.000,0.000,0.000,0.000,0.000,0.0,0.0,0.3619,-0.0524,-79.15,0.0000,0.0000,0.00,0.0000,0.00,
19.252,2,DRIVE,2.449,0.300,0.000,-0.000,0.000,0.000,0.000,0.000,0.0,0.0,0.3647,-0.0671,-79.15,0.0000,0.0000,0.00,0.0000,0.00,
19.305,2,DRIVE,2.502,0.300,0.000,-0.000,0.000,0.000,0.000,0.000,0.0,0.0,0.3676,-0.0820,-79.15,0.0000,0.0000,0.00,0.0000,0.00,
19.352,2,DRIVE,2.549,0.300,0.000,-0.000,0.000,0.000,0.000,0.000,0.0,0.0,0.3704,-0.0966,-79.15,0.0000,0.0000,0.00,0.0000,0.00,
19.403,2,DRIVE,2.600,0.300,0.000,-0.000,0.000,0.000,0.000,0.000,0.0,0.0,0.3732,-0.1116,-79.15,0.0000,0.0000,0.00,0.0000,0.00,
19.452,2,DRIVE,2.649,0.300,0.000,-0.000,0.000,0.000,0.000,0.000,0.0,0.0,0.3760,-0.1261,-79.15,0.0000,0.0000,0.00,0.0000,0.00,
19.502,2,DRIVE,2.699,0.300,0.000,-0.000,0.000,0.000,0.000,0.000,0.0,0.0,0.3788,-0.1408,-79.15,0.0000,0.0000,0.00,0.0000,0.00,
19.555,2,DRIVE,2.752,0.300,0.000,-0.000,0.000,0.000,0.000,0.000,0.0,0.0,0.3817,-0.1557,-79.15,0.0000,0.0000,0.00,0.0000,0.00,
19.602,2,DRIVE,2.800,0.300,0.000,-0.000,0.000,0.000,0.000,0.000,0.0,0.0,0.3845,-0.1703,-79.15,0.0000,0.0000,0.00,0.0000,0.00,
19.652,2,DRIVE,2.849,0.300,0.000,-0.000,0.000,0.000,0.000,0.000,0.0,0.0,0.3873,-0.1850,-79.15,0.0000,0.0000,0.00,0.0000,0.00,
19.702,2,DRIVE,2.900,0.300,0.000,-0.000,0.000,0.000,0.000,0.000,0.0,0.0,0.3902,-0.1999,-79.15,0.0000,0.0000,0.00,0.0000,0.00,
19.754,2,DRIVE,2.951,0.300,0.000,-0.000,0.000,0.000,0.000,0.000,0.0,0.0,0.3931,-0.2150,-79.15,0.0000,0.0000,0.00,-0.0000,0.00,
19.805,2,DRIVE,3.002,0.300,0.000,-0.000,0.000,0.000,0.000,0.000,0.0,0.0,0.3958,-0.2293,-79.15,0.0000,0.0000,0.00,-0.0000,0.00,
19.853,2,DRIVE,3.050,0.300,0.000,-0.000,0.000,0.000,0.000,0.000,0.0,0.0,0.3986,-0.2441,-79.15,0.0000,0.0000,0.00,-0.0000,0.00,
19.903,2,DRIVE,3.100,0.300,0.000,-0.000,0.000,0.000,0.000,0.000,0.0,0.0,0.4015,-0.2589,-79.15,0.0000,0.0000,0.00,-0.0000,0.00,
19.954,2,DRIVE,3.151,0.300,0.000,-0.000,0.000,0.000,0.000,0.000,0.0,0.0,0.4044,-0.2739,-79.15,0.0000,0.0000,0.00,-0.0000,0.00,
20.004,2,DRIVE,3.201,0.300,0.000,-0.000,0.000,0.000,0.000,0.000,0.0,0.0,0.4072,-0.2887,-79.15,0.0000,0.0000,0.00,-0.0000,0.00,
20.055,2,DRIVE,3.252,0.300,0.000,-0.000,0.000,0.000,0.000,0.000,0.0,0.0,0.4099,-0.3029,-79.15,0.0000,0.0000,0.00,-0.0000,0.00,
20.102,2,DRIVE,3.299,0.300,0.000,-0.000,0.000,0.000,0.000,0.000,0.0,0.0,0.4127,-0.3176,-79.15,0.0000,0.0000,0.00,0.0000,0.00,
20.152,2,DRIVE,3.349,0.300,0.000,-0.000,0.000,0.000,0.000,0.000,0.0,0.0,0.4156,-0.3323,-79.15,0.0000,0.0000,0.00,0.0000,0.00,
20.205,2,DRIVE,3.402,0.000,0.000,0.000,0.000,0.000,0.000,0.000,0.0,0.0,0.4184,-0.3473,-79.15,0.0000,0.0000,0.00,0.0000,0.00,FIN_DRIVE_leg2_KF_1.01m
20.206,2,STOP_BEFORE_SPIN,0.001,0.000,0.000,0.000,0.000,0.000,0.000,0.000,0.0,0.0,0.4184,-0.3473,-79.15,0.0000,0.0000,0.00,0.0000,0.00,
20.252,2,STOP_BEFORE_SPIN,0.046,0.000,0.000,0.000,0.000,0.000,0.000,0.000,0.0,0.0,0.4184,-0.3473,-79.15,0.0000,0.0000,0.00,0.0000,0.00,
20.302,2,STOP_BEFORE_SPIN,0.096,0.000,0.000,0.000,0.000,0.000,0.000,0.000,0.0,0.0,0.4184,-0.3473,-79.15,0.0000,0.0000,0.00,0.0000,0.00,
20.353,2,STOP_BEFORE_SPIN,0.147,0.000,0.000,0.000,0.000,0.000,0.000,0.000,0.0,0.0,0.4184,-0.3473,-79.15,0.0000,0.0000,0.00,0.0000,0.00,
20.402,2,STOP_BEFORE_SPIN,0.196,0.000,0.000,0.000,0.000,0.000,0.000,0.000,0.0,0.0,0.4184,-0.3473,-79.15,0.0000,0.0000,0.00,0.0000,0.00,
20.452,2,STOP_BEFORE_SPIN,0.246,0.000,0.000,0.000,0.000,0.000,0.000,0.000,0.0,0.0,0.4184,-0.3473,-79.15,0.0000,0.0000,0.00,0.0000,0.00,
20.502,2,STOP_BEFORE_SPIN,0.296,0.000,0.000,0.000,0.000,0.000,0.000,0.000,0.0,0.0,0.4184,-0.3473,-79.15,0.0000,0.0000,0.00,0.0000,0.00,
20.551,2,STOP_BEFORE_SPIN,0.346,0.000,0.000,0.000,0.000,0.000,0.000,0.000,0.0,0.0,0.4184,-0.3473,-79.15,0.0000,0.0000,0.00,0.0000,0.00,
20.602,2,STOP_BEFORE_SPIN,0.396,0.000,0.000,0.000,0.000,0.000,0.000,0.000,0.0,0.0,0.4184,-0.3473,-79.15,0.0000,0.0000,0.00,0.0000,0.00,
20.652,2,STOP_BEFORE_SPIN,0.446,0.000,0.000,0.000,0.000,0.000,0.000,0.000,0.0,0.0,0.4184,-0.3473,-79.15,0.0000,0.0000,0.00,0.0000,0.00,
20.702,2,STOP_BEFORE_SPIN,0.496,0.000,0.000,0.000,0.000,0.000,0.000,0.000,0.0,0.0,0.4184,-0.3473,-79.15,0.0000,0.0000,0.00,0.0000,0.00,
20.753,2,STOP_BEFORE_SPIN,0.547,0.000,0.000,0.000,0.000,0.000,0.000,0.000,0.0,0.0,0.4184,-0.3473,-79.15,0.0000,0.0000,0.00,0.0000,0.00,
20.805,2,STOP_BEFORE_SPIN,0.599,0.000,0.000,0.000,0.000,0.000,0.000,0.000,0.0,0.0,0.4184,-0.3473,-79.15,0.0000,0.0000,0.00,0.0000,0.00,
20.852,2,STOP_BEFORE_SPIN,0.647,0.000,0.000,0.000,0.000,0.000,0.000,0.000,0.0,0.0,0.4184,-0.3473,-79.15,0.0000,0.0000,0.00,0.0000,0.00,
20.902,2,STOP_BEFORE_SPIN,0.696,0.000,0.000,0.000,0.000,0.000,0.000,0.000,0.0,0.0,0.4184,-0.3473,-79.15,0.0000,0.0000,0.00,0.0000,0.00,
20.952,2,STOP_BEFORE_SPIN,0.747,0.000,0.000,0.000,0.000,0.000,0.000,0.000,0.0,0.0,0.4184,-0.3473,-79.15,0.0000,0.0000,0.00,0.0000,0.00,
21.002,2,STOP_BEFORE_SPIN,0.796,0.000,0.000,0.000,0.000,0.000,0.000,0.000,0.0,0.0,0.4184,-0.3473,-79.15,0.0000,0.0000,0.00,0.0000,0.00,
21.054,2,STOP_BEFORE_SPIN,0.848,0.000,0.000,0.000,0.000,0.000,0.000,0.000,0.0,0.0,0.4184,-0.3473,-79.15,0.0000,0.0000,0.00,0.0000,0.00,
21.102,2,STOP_BEFORE_SPIN,0.896,0.000,0.000,0.000,0.000,0.000,0.000,0.000,0.0,0.0,0.4184,-0.3473,-79.15,0.0000,0.0000,0.00,0.0000,0.00,
21.152,2,STOP_BEFORE_SPIN,0.946,0.000,0.000,0.000,0.000,0.000,0.000,0.000,0.0,0.0,0.4184,-0.3473,-79.15,0.0000,0.0000,0.00,0.0000,0.00,
21.202,2,STOP_BEFORE_SPIN,0.996,0.000,0.000,0.000,0.000,0.000,0.000,0.000,0.0,0.0,0.4184,-0.3473,-79.15,0.0000,0.0000,0.00,0.0000,0.00,
21.254,2,STOP_BEFORE_SPIN,1.049,0.000,0.000,0.000,0.000,0.000,0.000,0.000,0.0,0.0,0.4184,-0.3473,-79.15,0.0000,0.0000,0.00,0.0000,0.00,INICIO_DRIFT_leg2
21.256,2,DRIFT,0.001,0.000,0.000,0.000,0.000,0.000,0.000,0.000,0.0,0.0,0.4184,-0.3473,-79.15,0.0000,0.0000,0.00,0.0000,0.00,
21.304,2,DRIFT,0.049,0.000,-0.000,1.000,0.000,0.000,0.000,0.000,0.0,0.0,0.4184,-0.3473,-79.15,0.0000,0.0000,0.00,0.0000,0.00,
21.352,2,DRIFT,0.097,0.000,-0.000,1.000,0.000,0.000,0.000,0.000,0.0,0.0,0.4184,-0.3473,-76.41,0.0000,0.0000,0.00,0.0000,0.00,
21.404,2,DRIFT,0.149,0.000,-0.000,1.000,0.000,0.000,0.000,0.000,0.0,0.0,0.4184,-0.3473,-73.43,0.0000,0.0000,0.00,0.0000,0.00,
21.452,2,DRIFT,0.197,0.000,-0.000,1.000,0.000,0.000,0.000,0.000,0.0,0.0,0.4184,-0.3473,-70.68,0.0000,0.0000,0.00,0.0000,0.00,
21.502,2,DRIFT,0.247,0.000,-0.000,1.000,0.000,0.000,0.000,0.000,0.0,0.0,0.4184,-0.3473,-67.81,0.0000,0.0000,0.00,0.0000,0.00,
21.555,2,DRIFT,0.301,0.000,-0.000,1.000,0.000,0.000,0.000,0.000,0.0,0.0,0.4184,-0.3473,-64.89,0.0000,0.0000,0.00,0.0000,0.00,
21.604,2,DRIFT,0.349,0.000,-0.000,1.000,0.000,0.000,0.000,0.000,0.0,0.0,0.4184,-0.3473,-61.99,0.0000,0.0000,0.00,0.0000,0.00,
21.654,2,DRIFT,0.399,0.000,-0.000,1.000,0.000,0.000,0.000,0.000,0.0,0.0,0.4184,-0.3473,-59.12,0.0000,0.0000,0.00,0.0000,0.00,
21.702,2,DRIFT,0.447,0.000,-0.000,1.000,0.000,0.000,0.000,0.000,0.0,0.0,0.4184,-0.3473,-56.35,0.0000,0.0000,0.00,0.0000,0.00,
21.752,2,DRIFT,0.497,0.000,-0.000,1.000,0.000,0.000,0.000,0.000,0.0,0.0,0.4184,-0.3473,-53.49,0.0000,0.0000,0.00,0.0000,0.00,
21.805,2,DRIFT,0.550,0.000,-0.000,1.000,0.000,0.000,0.000,0.000,0.0,0.0,0.4184,-0.3473,-50.62,0.0000,0.0000,0.00,0.0000,0.00,
21.852,2,DRIFT,0.597,0.000,-0.000,1.000,0.000,0.000,0.000,0.000,0.0,0.0,0.4184,-0.3473,-47.75,0.0000,0.0000,0.00,0.0000,0.00,
21.902,2,DRIFT,0.647,0.000,-0.000,1.000,0.000,0.000,0.000,0.000,0.0,0.0,0.4184,-0.3473,-44.88,0.0000,0.0000,0.00,0.0000,0.00,
21.953,2,DRIFT,0.698,0.000,-0.000,1.000,0.000,0.000,0.000,0.000,0.0,0.0,0.4184,-0.3473,-41.96,0.0000,0.0000,0.00,0.0000,0.00,
22.002,2,DRIFT,0.747,0.000,-0.000,1.000,0.000,0.000,0.000,0.000,0.0,0.0,0.4184,-0.3473,-39.16,0.0000,0.0000,0.00,0.0000,0.00,
22.055,2,DRIFT,0.800,0.000,-0.000,1.000,0.000,0.000,0.000,0.000,0.0,0.0,0.4184,-0.3473,-36.30,0.0000,0.0000,0.00,0.0000,0.00,
22.102,2,DRIFT,0.847,0.000,-0.000,1.000,0.000,0.000,0.000,0.000,0.0,0.0,0.4184,-0.3473,-33.43,0.0000,0.0000,0.00,0.0000,0.00,
22.152,2,DRIFT,0.897,0.000,-0.000,1.000,0.000,0.000,0.000,0.000,0.0,0.0,0.4184,-0.3473,-30.57,0.0000,0.0000,0.00,0.0000,0.00,
22.204,2,DRIFT,0.950,0.000,-0.000,1.000,0.000,0.000,0.000,0.000,0.0,0.0,0.4184,-0.3473,-27.57,0.0000,0.0000,0.00,0.0000,0.00,
22.252,2,DRIFT,0.997,0.000,-0.000,1.000,0.000,0.000,0.000,0.000,0.0,0.0,0.4184,-0.3473,-24.84,0.0000,0.0000,0.00,0.0000,0.00,
22.305,2,DRIFT,1.050,0.000,-0.000,1.000,0.000,0.000,0.000,0.000,0.0,0.0,0.4184,-0.3473,-21.91,0.0000,0.0000,0.00,0.0000,0.00,
22.352,2,DRIFT,1.097,0.000,-0.000,1.000,0.000,0.000,0.000,0.000,0.0,0.0,0.4184,-0.3473,-19.12,0.0000,0.0000,0.00,0.0000,0.00,
22.402,2,DRIFT,1.147,0.000,-0.000,1.000,0.000,0.000,0.000,0.000,0.0,0.0,0.4184,-0.3473,-16.24,0.0000,0.0000,0.00,0.0000,0.00,
22.452,2,DRIFT,1.197,0.000,-0.000,1.000,0.000,0.000,0.000,0.000,0.0,0.0,0.4184,-0.3473,-13.38,0.0000,0.0000,0.00,0.0000,0.00,
22.503,2,DRIFT,1.248,0.000,-0.000,1.000,0.000,0.000,0.000,0.000,0.0,0.0,0.4184,-0.3473,-10.48,0.0000,0.0000,0.00,0.0000,0.00,
22.554,2,DRIFT,1.300,0.000,-0.000,1.000,0.000,0.000,0.000,0.000,0.0,0.0,0.4184,-0.3473,-7.67,0.0000,0.0000,0.00,0.0000,0.00,
22.605,2,DRIFT,1.350,0.000,-0.000,1.000,0.000,0.000,0.000,0.000,0.0,0.0,0.4184,-0.3473,-4.64,0.0000,0.0000,0.00,0.0000,0.00,
22.654,2,DRIFT,1.399,0.000,-0.000,1.000,0.000,0.000,0.000,0.000,0.0,0.0,0.4184,-0.3473,-1.80,0.0000,0.0000,0.00,0.0000,0.00,
22.702,2,DRIFT,1.447,0.000,-0.000,1.000,0.000,0.000,0.000,0.000,0.0,0.0,0.4184,-0.3473,0.95,0.0000,0.0000,0.00,0.0000,0.00,
22.753,2,DRIFT,1.498,0.000,-0.000,1.000,0.000,0.000,0.000,0.000,0.0,0.0,0.4184,-0.3473,3.85,0.0000,0.0000,0.00,0.0000,0.00,
22.805,2,DRIFT,1.550,0.000,-0.000,1.000,0.000,0.000,0.000,0.000,0.0,0.0,0.4184,-0.3473,6.68,0.0000,0.0000,0.00,0.0000,0.00,
22.852,2,DRIFT,1.597,0.000,-0.000,1.000,0.000,0.000,0.000,0.000,0.0,0.0,0.4184,-0.3473,9.54,0.0000,0.0000,0.00,0.0000,0.00,
22.903,2,DRIFT,1.648,0.000,-0.000,1.000,0.000,0.000,0.000,0.000,0.0,0.0,0.4184,-0.3473,12.47,0.0000,0.0000,0.00,0.0000,0.00,
22.953,2,DRIFT,1.698,0.000,-0.000,1.000,0.000,0.000,0.000,0.000,0.0,0.0,0.4184,-0.3473,15.31,0.0000,0.0000,0.00,0.0000,0.00,
23.003,2,DRIFT,1.748,0.000,-0.000,1.000,0.000,0.000,0.000,0.000,0.0,0.0,0.4184,-0.3473,18.16,0.0000,0.0000,0.00,0.0000,0.00,
23.055,2,DRIFT,1.800,0.000,-0.000,1.000,0.000,0.000,0.000,0.000,0.0,0.0,0.4184,-0.3473,20.99,0.0000,0.0000,0.00,0.0000,0.00,
23.102,2,DRIFT,1.847,0.000,-0.000,1.000,0.000,0.000,0.000,0.000,0.0,0.0,0.4184,-0.3473,23.86,0.0000,0.0000,0.00,0.0000,0.00,
23.152,2,DRIFT,1.897,0.000,-0.000,1.000,0.000,0.000,0.000,0.000,0.0,0.0,0.4184,-0.3473,26.72,0.0000,0.0000,0.00,0.0000,0.00,
23.203,2,DRIFT,1.949,0.000,-0.000,1.000,0.000,0.000,0.000,0.000,0.0,0.0,0.4184,-0.3473,29.67,0.0000,0.0000,0.00,0.0000,0.00,
23.252,2,DRIFT,1.997,0.000,-0.000,1.000,0.000,0.000,0.000,0.000,0.0,0.0,0.4184,-0.3473,32.45,0.0000,0.0000,0.00,0.0000,0.00,
23.305,2,DRIFT,2.050,0.000,-0.000,1.000,0.000,0.000,0.000,0.000,0.0,0.0,0.4184,-0.3473,35.32,0.0000,0.0000,0.00,0.0000,0.00,
23.353,2,DRIFT,2.098,0.000,-0.000,1.000,0.000,0.000,0.000,0.000,0.0,0.0,0.4184,-0.3473,38.25,0.0000,0.0000,0.00,0.0000,0.00,
23.402,2,DRIFT,2.147,0.000,-0.000,1.000,0.000,0.000,0.000,0.000,0.0,0.0,0.4184,-0.3473,41.05,0.0000,0.0000,0.00,0.0000,0.00,
23.453,2,DRIFT,2.198,0.000,-0.000,1.000,0.000,0.000,0.000,0.000,0.0,0.0,0.4184,-0.3473,43.98,0.0000,0.0000,0.00,0.0000,0.00,
23.502,2,DRIFT,2.247,0.000,-0.000,1.000,0.000,0.000,0.000,0.000,0.0,0.0,0.4184,-0.3473,46.78,0.0000,0.0000,0.00,0.0000,0.00,
23.555,2,DRIFT,2.300,0.000,-0.000,1.000,0.000,0.000,0.000,0.000,0.0,0.0,0.4184,-0.3473,49.65,0.0000,0.0000,0.00,0.0000,0.00,
23.604,2,DRIFT,2.349,0.000,-0.000,1.000,0.000,0.000,0.000,0.000,0.0,0.0,0.4184,-0.3473,52.64,0.0000,0.0000,0.00,0.0000,0.00,
23.652,2,DRIFT,2.398,0.000,-0.000,1.000,0.000,0.000,0.000,0.000,0.0,0.0,0.4184,-0.3473,55.38,0.0000,0.0000,0.00,0.0000,0.00,
23.704,2,DRIFT,2.449,0.000,-0.000,1.000,0.000,0.000,0.000,0.000,0.0,0.0,0.4184,-0.3473,58.35,0.0000,0.0000,0.00,0.0000,0.00,
23.754,3,DRIFT,2.500,0.000,0.000,0.000,0.000,0.000,0.000,0.000,0.0,0.0,0.4184,-0.3473,61.11,0.0000,0.0000,0.00,0.0000,0.00,FIN_DRIFT_leg2_TIMEOUT_2.5s_2.50s
23.758,3,STOP_BEFORE_DRIVE,0.001,0.000,0.000,0.000,0.000,0.000,0.000,0.000,0.0,0.0,0.4184,-0.3473,61.11,0.0000,0.0000,0.00,0.0000,0.00,
23.802,3,STOP_BEFORE_DRIVE,0.045,0.000,0.000,0.000,0.000,0.000,0.000,0.000,0.0,0.0,0.4184,-0.3473,61.11,0.0000,0.0000,0.00,0.0000,0.00,
23.852,3,STOP_BEFORE_DRIVE,0.095,0.000,0.000,0.000,0.000,0.000,0.000,0.000,0.0,0.0,0.4184,-0.3473,61.11,0.0000,0.0000,0.00,0.0000,0.00,
23.902,3,STOP_BEFORE_DRIVE,0.145,0.000,0.000,0.000,0.000,0.000,0.000,0.000,0.0,0.0,0.4184,-0.3473,61.11,0.0000,0.0000,0.00,0.0000,0.00,
23.952,3,STOP_BEFORE_DRIVE,0.195,0.000,0.000,0.000,0.000,0.000,0.000,0.000,0.0,0.0,0.4184,-0.3473,61.11,0.0000,0.0000,0.00,0.0000,0.00,
24.002,3,STOP_BEFORE_DRIVE,0.245,0.000,0.000,0.000,0.000,0.000,0.000,0.000,0.0,0.0,0.4184,-0.3473,61.11,0.0000,0.0000,0.00,0.0000,0.00,
24.052,3,STOP_BEFORE_DRIVE,0.295,0.000,0.000,0.000,0.000,0.000,0.000,0.000,0.0,0.0,0.4184,-0.3473,61.11,0.0000,0.0000,0.00,0.0000,0.00,
24.102,3,STOP_BEFORE_DRIVE,0.345,0.000,0.000,0.000,0.000,0.000,0.000,0.000,0.0,0.0,0.4184,-0.3473,61.11,0.0000,0.0000,0.00,0.0000,0.00,
24.152,3,STOP_BEFORE_DRIVE,0.395,0.000,0.000,0.000,0.000,0.000,0.000,0.000,0.0,0.0,0.4184,-0.3473,61.11,0.0000,0.0000,0.00,0.0000,0.00,
24.202,3,STOP_BEFORE_DRIVE,0.445,0.000,0.000,0.000,0.000,0.000,0.000,0.000,0.0,0.0,0.4184,-0.3473,61.11,0.0000,0.0000,0.00,0.0000,0.00,
24.252,3,STOP_BEFORE_DRIVE,0.495,0.000,0.000,0.000,0.000,0.000,0.000,0.000,0.0,0.0,0.4184,-0.3473,61.11,0.0000,0.0000,0.00,0.0000,0.00,
24.303,3,STOP_BEFORE_DRIVE,0.546,0.000,0.000,0.000,0.000,0.000,0.000,0.000,0.0,0.0,0.4184,-0.3473,61.11,0.0000,0.0000,0.00,0.0000,0.00,
24.352,3,STOP_BEFORE_DRIVE,0.595,0.000,0.000,0.000,0.000,0.000,0.000,0.000,0.0,0.0,0.4184,-0.3473,61.11,0.0000,0.0000,0.00,0.0000,0.00,
24.402,3,STOP_BEFORE_DRIVE,0.645,0.000,0.000,0.000,0.000,0.000,0.000,0.000,0.0,0.0,0.4184,-0.3473,61.11,0.0000,0.0000,0.00,0.0000,0.00,
24.452,3,STOP_BEFORE_DRIVE,0.695,0.000,0.000,0.000,0.000,0.000,0.000,0.000,0.0,0.0,0.4184,-0.3473,61.11,0.0000,0.0000,0.00,0.0000,0.00,
24.502,3,STOP_BEFORE_DRIVE,0.745,0.000,0.000,0.000,0.000,0.000,0.000,0.000,0.0,0.0,0.4184,-0.3473,61.11,0.0000,0.0000,0.00,0.0000,0.00,
24.553,3,STOP_BEFORE_DRIVE,0.796,0.000,0.000,0.000,0.000,0.000,0.000,0.000,0.0,0.0,0.4184,-0.3473,61.11,0.0000,0.0000,0.00,0.0000,0.00,
24.602,3,STOP_BEFORE_DRIVE,0.845,0.000,0.000,0.000,0.000,0.000,0.000,0.000,0.0,0.0,0.4184,-0.3473,61.11,0.0000,0.0000,0.00,0.0000,0.00,
24.652,3,STOP_BEFORE_DRIVE,0.895,0.000,0.000,0.000,0.000,0.000,0.000,0.000,0.0,0.0,0.4184,-0.3473,61.11,0.0000,0.0000,0.00,0.0000,0.00,
24.703,3,STOP_BEFORE_DRIVE,0.946,0.000,0.000,0.000,0.000,0.000,0.000,0.000,0.0,0.0,0.4184,-0.3473,61.11,0.0000,0.0000,0.00,0.0000,0.00,
24.752,3,STOP_BEFORE_DRIVE,0.995,0.000,0.000,0.000,0.000,0.000,0.000,0.000,0.0,0.0,0.4184,-0.3473,61.11,0.0000,0.0000,0.00,0.0000,0.00,
24.803,3,DRIVE,0.001,0.000,0.000,0.000,0.000,0.000,0.000,0.000,0.0,0.0,0.4184,-0.3473,61.11,0.0000,0.0000,0.00,0.0000,0.00,
24.852,3,DRIVE,0.050,0.300,0.000,-0.000,0.000,0.000,0.000,0.000,0.0,0.0,0.4184,-0.3473,61.11,0.0000,0.0000,0.00,0.0000,0.00,
24.902,3,DRIVE,0.100,0.300,0.000,-0.000,0.000,0.000,0.000,0.000,0.0,0.0,0.4257,-0.3342,61.11,0.0000,0.0000,0.00,0.0000,0.00,
24.952,3,DRIVE,0.150,0.300,0.000,-0.000,0.000,0.000,0.000,0.000,0.0,0.0,0.4329,-0.3210,61.11,0.0000,0.0000,0.00,0.0000,0.00,
25.003,3,DRIVE,0.201,0.300,0.000,-0.000,0.000,0.000,0.000,0.000,0.0,0.0,0.4403,-0.3076,61.11,0.0000,0.0000,0.00,0.0000,0.00,
25.055,3,DRIVE,0.252,0.300,0.000,-0.000,0.000,0.000,0.000,0.000,0.0,0.0,0.4474,-0.2948,61.11,0.0000,0.0000,0.00,0.0000,0.00,
25.102,3,DRIVE,0.300,0.300,0.000,-0.000,0.000,0.000,0.000,0.000,0.0,0.0,0.4547,-0.2816,61.11,0.0000,0.0000,0.00,0.0000,0.00,
25.152,3,DRIVE,0.350,0.300,0.000,-0.000,0.000,0.000,0.000,0.000,0.0,0.0,0.4619,-0.2685,61.11,0.0000,0.0000,0.00,0.0000,0.00,
25.203,3,DRIVE,0.401,0.300,0.000,-0.000,0.000,0.000,0.000,0.000,0.0,0.0,0.4693,-0.2550,61.11,0.0000,0.0000,0.00,0.0000,0.00,
25.252,3,DRIVE,0.450,0.300,0.000,-0.000,0.000,0.000,0.000,0.000,0.0,0.0,0.4764,-0.2422,61.11,0.0000,0.0000,0.00,0.0000,0.00,
25.306,3,DRIVE,0.504,0.300,0.000,-0.000,0.000,0.000,0.000,0.000,0.0,0.0,0.4839,-0.2286,61.11,0.0000,0.0000,0.00,0.0000,0.00,
25.352,3,DRIVE,0.550,0.300,0.000,-0.000,0.000,0.000,0.000,0.000,0.0,0.0,0.4909,-0.2159,61.11,0.0000,0.0000,0.00,0.0000,0.00,
25.402,3,DRIVE,0.600,0.300,0.000,-0.000,0.000,0.000,0.000,0.000,0.0,0.0,0.4981,-0.2028,61.11,0.0000,0.0000,0.00,0.0000,0.00,
25.452,3,DRIVE,0.650,0.300,0.000,-0.000,0.000,0.000,0.000,0.000,0.0,0.0,0.5054,-0.1897,61.11,0.0000,0.0000,0.00,0.0000,0.00,
25.502,3,DRIVE,0.700,0.300,0.000,-0.000,0.000,0.000,0.000,0.000,0.0,0.0,0.5126,-0.1766,61.11,0.0000,0.0000,0.00,0.0000,0.00,
25.555,3,DRIVE,0.753,0.300,0.000,-0.000,0.000,0.000,0.000,0.000,0.0,0.0,0.5199,-0.1634,61.11,0.0000,0.0000,0.00,0.0000,0.00,
25.603,3,DRIVE,0.801,0.300,0.000,-0.000,0.000,0.000,0.000,0.000,0.0,0.0,0.5273,-0.1500,61.11,0.0000,0.0000,0.00,0.0000,0.00,
25.652,3,DRIVE,0.850,0.300,0.000,-0.000,0.000,0.000,0.000,0.000,0.0,0.0,0.5344,-0.1372,61.11,0.0000,0.0000,0.00,-0.0000,0.00,
25.702,3,DRIVE,0.900,0.300,0.000,-0.000,0.000,0.000,0.000,0.000,0.0,0.0,0.5416,-0.1240,61.11,0.0000,0.0000,0.00,0.0000,0.00,
25.752,3,DRIVE,0.950,0.300,0.000,-0.000,0.000,0.000,0.000,0.000,0.0,0.0,0.5489,-0.1109,61.11,0.0000,0.0000,0.00,0.0000,0.00,
25.805,3,DRIVE,1.003,0.300,0.000,-0.000,0.000,0.000,0.000,0.000,0.0,0.0,0.5561,-0.0977,61.11,0.0000,0.0000,0.00,-0.0000,0.00,
25.852,3,DRIVE,1.050,0.300,0.000,-0.000,0.000,0.000,0.000,0.000,0.0,0.0,0.5633,-0.0847,61.11,0.0000,0.0000,0.00,-0.0000,0.00,
25.903,3,DRIVE,1.101,0.300,0.000,-0.000,0.000,0.000,0.000,0.000,0.0,0.0,0.5708,-0.0712,61.11,0.0000,0.0000,0.00,-0.0000,0.00,
25.952,3,DRIVE,1.150,0.300,0.000,-0.000,0.000,0.000,0.000,0.000,0.0,0.0,0.5778,-0.0584,61.11,0.0000,0.0000,0.00,-0.0000,0.00,
26.004,3,DRIVE,1.202,0.300,0.000,-0.000,0.000,0.000,0.000,0.000,0.0,0.0,0.5854,-0.0446,61.11,0.0000,0.0000,0.00,-0.0000,0.00,
26.055,3,DRIVE,1.252,0.300,0.000,-0.000,0.000,0.000,0.000,0.000,0.0,0.0,0.5923,-0.0321,61.11,0.0000,0.0000,0.00,-0.0000,0.00,
26.103,3,DRIVE,1.301,0.300,0.000,-0.000,0.000,0.000,0.000,0.000,0.0,0.0,0.5997,-0.0187,61.11,0.0000,0.0000,0.00,-0.0000,0.00,
26.152,3,DRIVE,1.350,0.300,0.000,-0.000,0.000,0.000,0.000,0.000,0.0,0.0,0.6069,-0.0058,61.11,0.0000,0.0000,0.00,-0.0000,0.00,
26.202,3,DRIVE,1.400,0.300,0.000,-0.000,0.000,0.000,0.000,0.000,0.0,0.0,0.6141,0.0073,61.11,0.0000,0.0000,0.00,-0.0000,0.00,
26.252,3,DRIVE,1.450,0.300,0.000,-0.000,0.000,0.000,0.000,0.000,0.0,0.0,0.6213,0.0204,61.11,0.0000,0.0000,0.00,-0.0000,0.00,
26.305,3,DRIVE,1.503,0.300,0.000,-0.000,0.000,0.000,0.000,0.000,0.0,0.0,0.6286,0.0336,61.11,0.0000,0.0000,0.00,-0.0000,0.00,
26.352,3,DRIVE,1.550,0.300,0.000,-0.000,0.000,0.000,0.000,0.000,0.0,0.0,0.6358,0.0467,61.11,0.0000,0.0000,0.00,-0.0000,0.00,
26.402,3,DRIVE,1.600,0.300,0.000,-0.000,0.000,0.000,0.000,0.000,0.0,0.0,0.6431,0.0599,61.11,0.0000,0.0000,0.00,-0.0000,0.00,
26.452,3,DRIVE,1.650,0.300,0.000,-0.000,0.000,0.000,0.000,0.000,0.0,0.0,0.6503,0.0730,61.11,0.0000,0.0000,0.00,-0.0000,0.00,
26.502,3,DRIVE,1.700,0.300,0.000,-0.000,0.000,0.000,0.000,0.000,0.0,0.0,0.6576,0.0861,61.11,0.0000,0.0000,0.00,-0.0000,0.00,
26.555,3,DRIVE,1.753,0.300,0.000,-0.000,0.000,0.000,0.000,0.000,0.0,0.0,0.6648,0.0992,61.11,0.0000,0.0000,0.00,-0.0000,0.00,
26.602,3,DRIVE,1.800,0.300,0.000,-0.000,0.000,0.000,0.000,0.000,0.0,0.0,0.6721,0.1124,61.11,0.0000,0.0000,0.00,-0.0000,0.00,
26.652,3,DRIVE,1.850,0.300,0.000,-0.000,0.000,0.000,0.000,0.000,0.0,0.0,0.6793,0.1255,61.11,0.0000,0.0000,0.00,-0.0000,0.00,
26.702,3,DRIVE,1.900,0.300,0.000,-0.000,0.000,0.000,0.000,0.000,0.0,0.0,0.6866,0.1386,61.11,0.0000,0.0000,0.00,-0.0000,0.00,
26.752,3,DRIVE,1.950,0.300,0.000,-0.000,0.000,0.000,0.000,0.000,0.0,0.0,0.6938,0.1518,61.11,0.0000,0.0000,0.00,-0.0000,0.00,
26.805,3,DRIVE,2.003,0.300,0.000,-0.000,0.000,0.000,0.000,0.000,0.0,0.0,0.7011,0.1649,61.11,0.0000,0.0000,0.00,-0.0000,0.00,
26.852,3,DRIVE,2.050,0.300,0.000,-0.000,0.000,0.000,0.000,0.000,0.0,0.0,0.7083,0.1780,61.11,0.0000,0.0000,0.00,-0.0000,0.00,
26.902,3,DRIVE,2.100,0.300,0.000,-0.000,0.000,0.000,0.000,0.000,0.0,0.0,0.7155,0.1912,61.11,0.0000,0.0000,0.00,-0.0000,0.00,
26.952,3,DRIVE,2.150,0.300,0.000,-0.000,0.000,0.000,0.000,0.000,0.0,0.0,0.7228,0.2043,61.11,0.0000,0.0000,0.00,-0.0000,0.00,
27.003,3,DRIVE,2.200,0.300,0.000,-0.000,0.000,0.000,0.000,0.000,0.0,0.0,0.7301,0.2176,61.11,0.0000,0.0000,0.00,0.0000,0.00,
27.057,3,DRIVE,2.255,0.300,0.000,-0.000,0.000,0.000,0.000,0.000,0.0,0.0,0.7376,0.2312,61.11,0.0000,0.0000,0.00,-0.0000,0.00,
27.103,3,DRIVE,2.300,0.300,0.000,-0.000,0.000,0.000,0.000,0.000,0.0,0.0,0.7446,0.2439,61.11,0.0000,0.0000,0.00,-0.0000,0.00,
27.152,3,DRIVE,2.350,0.300,0.000,-0.000,0.000,0.000,0.000,0.000,0.0,0.0,0.7518,0.2568,61.11,0.0000,0.0000,0.00,-0.0000,0.00,
27.204,3,DRIVE,2.401,0.300,0.000,-0.000,0.000,0.000,0.000,0.000,0.0,0.0,0.7592,0.2704,61.11,0.0000,0.0000,0.00,-0.0000,0.00,
27.252,3,DRIVE,2.450,0.300,0.000,-0.000,0.000,0.000,0.000,0.000,0.0,0.0,0.7663,0.2831,61.11,0.0000,0.0000,0.00,0.0000,0.00,
27.305,3,DRIVE,2.503,0.300,0.000,-0.000,0.000,0.000,0.000,0.000,0.0,0.0,0.7735,0.2963,61.11,0.0000,0.0000,0.00,0.0000,0.00,
27.354,3,DRIVE,2.552,0.300,0.000,-0.000,0.000,0.000,0.000,0.000,0.0,0.0,0.7811,0.3100,61.11,0.0000,0.0000,0.00,0.0000,0.00,
27.402,3,DRIVE,2.600,0.300,0.000,-0.000,0.000,0.000,0.000,0.000,0.0,0.0,0.7880,0.3225,61.11,0.0000,0.0000,0.00,0.0000,0.00,
27.452,3,DRIVE,2.649,0.300,0.000,-0.000,0.000,0.000,0.000,0.000,0.0,0.0,0.7952,0.3356,61.11,0.0000,0.0000,0.00,0.0000,0.00,
27.502,3,DRIVE,2.700,0.300,0.000,-0.000,0.000,0.000,0.000,0.000,0.0,0.0,0.8025,0.3488,61.11,0.0000,0.0000,0.00,0.0000,0.00,
27.555,3,DRIVE,2.753,0.300,0.000,-0.000,0.000,0.000,0.000,0.000,0.0,0.0,0.8097,0.3619,61.11,0.0000,0.0000,0.00,0.0000,0.00,
27.602,3,DRIVE,2.800,0.300,0.000,-0.000,0.000,0.000,0.000,0.000,0.0,0.0,0.8170,0.3751,61.11,0.0000,0.0000,0.00,0.0000,0.00,
27.652,3,DRIVE,2.850,0.300,0.000,-0.000,0.000,0.000,0.000,0.000,0.0,0.0,0.8242,0.3882,61.11,0.0000,0.0000,0.00,0.0000,0.00,
27.703,3,DRIVE,2.901,0.300,0.000,-0.000,0.000,0.000,0.000,0.000,0.0,0.0,0.8317,0.4017,61.11,0.0000,0.0000,0.00,0.0000,0.00,
27.752,3,DRIVE,2.950,0.300,0.000,-0.000,0.000,0.000,0.000,0.000,0.0,0.0,0.8387,0.4145,61.11,0.0000,0.0000,0.00,0.0000,0.00,
27.805,3,DRIVE,3.003,0.300,0.000,-0.000,0.000,0.000,0.000,0.000,0.0,0.0,0.8460,0.4276,61.11,0.0000,0.0000,0.00,0.0000,0.00,
27.852,3,DRIVE,3.050,0.300,0.000,-0.000,0.000,0.000,0.000,0.000,0.0,0.0,0.8532,0.4407,61.11,0.0000,0.0000,0.00,0.0000,0.00,
27.902,3,DRIVE,3.100,0.300,0.000,-0.000,0.000,0.000,0.000,0.000,0.0,0.0,0.8605,0.4538,61.11,0.0000,0.0000,0.00,0.0000,0.00,
27.952,3,DRIVE,3.150,0.300,0.000,-0.000,0.000,0.000,0.000,0.000,0.0,0.0,0.8677,0.4670,61.11,0.0000,0.0000,0.00,0.0000,0.00,
28.002,3,DRIVE,3.200,0.300,0.000,-0.000,0.000,0.000,0.000,0.000,0.0,0.0,0.8750,0.4801,61.11,0.0000,0.0000,0.00,0.0000,0.00,
28.055,3,DRIVE,3.252,0.300,0.000,-0.000,0.000,0.000,0.000,0.000,0.0,0.0,0.8822,0.4932,61.11,0.0000,0.0000,0.00,0.0000,0.00,
28.102,3,DRIVE,3.300,0.300,0.000,-0.000,0.000,0.000,0.000,0.000,0.0,0.0,0.8894,0.5064,61.11,0.0000,0.0000,0.00,0.0000,0.00,
28.152,3,DRIVE,3.350,0.300,0.000,-0.000,0.000,0.000,0.000,0.000,0.0,0.0,0.8967,0.5195,61.11,0.0000,0.0000,0.00,0.0000,0.00,
28.204,3,DRIVE,3.402,0.000,0.000,0.000,0.000,0.000,0.000,0.000,0.0,0.0,0.9040,0.5327,61.11,0.0000,0.0000,0.00,0.0000,0.00,FIN_DRIVE_leg3_KF_1.01m
28.206,3,STOP_BEFORE_SPIN,0.001,0.000,0.000,0.000,0.000,0.000,0.000,0.000,0.0,0.0,0.9040,0.5327,61.11,0.0000,0.0000,0.00,0.0000,0.00,
28.253,3,STOP_BEFORE_SPIN,0.048,0.000,0.000,0.000,0.000,0.000,0.000,0.000,0.0,0.0,0.9040,0.5327,61.11,0.0000,0.0000,0.00,0.0000,0.00,
28.302,3,STOP_BEFORE_SPIN,0.097,0.000,0.000,0.000,0.000,0.000,0.000,0.000,0.0,0.0,0.9040,0.5327,61.11,0.0000,0.0000,0.00,0.0000,0.00,
28.352,3,STOP_BEFORE_SPIN,0.147,0.000,0.000,0.000,0.000,0.000,0.000,0.000,0.0,0.0,0.9040,0.5327,61.11,0.0000,0.0000,0.00,0.0000,0.00,
28.402,3,STOP_BEFORE_SPIN,0.197,0.000,0.000,0.000,0.000,0.000,0.000,0.000,0.0,0.0,0.9040,0.5327,61.11,0.0000,0.0000,0.00,0.0000,0.00,
28.452,3,STOP_BEFORE_SPIN,0.247,0.000,0.000,0.000,0.000,0.000,0.000,0.000,0.0,0.0,0.9040,0.5327,61.11,0.0000,0.0000,0.00,0.0000,0.00,
28.502,3,STOP_BEFORE_SPIN,0.297,0.000,0.000,0.000,0.000,0.000,0.000,0.000,0.0,0.0,0.9040,0.5327,61.11,0.0000,0.0000,0.00,0.0000,0.00,
28.552,3,STOP_BEFORE_SPIN,0.347,0.000,0.000,0.000,0.000,0.000,0.000,0.000,0.0,0.0,0.9040,0.5327,61.11,0.0000,0.0000,0.00,0.0000,0.00,
28.603,3,STOP_BEFORE_SPIN,0.398,0.000,0.000,0.000,0.000,0.000,0.000,0.000,0.0,0.0,0.9040,0.5327,61.11,0.0000,0.0000,0.00,0.0000,0.00,
28.652,3,STOP_BEFORE_SPIN,0.447,0.000,0.000,0.000,0.000,0.000,0.000,0.000,0.0,0.0,0.9040,0.5327,61.11,0.0000,0.0000,0.00,0.0000,0.00,
28.702,3,STOP_BEFORE_SPIN,0.497,0.000,0.000,0.000,0.000,0.000,0.000,0.000,0.0,0.0,0.9040,0.5327,61.11,0.0000,0.0000,0.00,0.0000,0.00,
28.752,3,STOP_BEFORE_SPIN,0.547,0.000,0.000,0.000,0.000,0.000,0.000,0.000,0.0,0.0,0.9040,0.5327,61.11,0.0000,0.0000,0.00,0.0000,0.00,
28.803,3,STOP_BEFORE_SPIN,0.598,0.000,0.000,0.000,0.000,0.000,0.000,0.000,0.0,0.0,0.9040,0.5327,61.11,0.0000,0.0000,0.00,0.0000,0.00,
28.853,3,STOP_BEFORE_SPIN,0.648,0.000,0.000,0.000,0.000,0.000,0.000,0.000,0.0,0.0,0.9040,0.5327,61.11,0.0000,0.0000,0.00,0.0000,0.00,
28.902,3,STOP_BEFORE_SPIN,0.697,0.000,0.000,0.000,0.000,0.000,0.000,0.000,0.0,0.0,0.9040,0.5327,61.11,0.0000,0.0000,0.00,0.0000,0.00,
28.954,3,STOP_BEFORE_SPIN,0.749,0.000,0.000,0.000,0.000,0.000,0.000,0.000,0.0,0.0,0.9040,0.5327,61.11,0.0000,0.0000,0.00,0.0000,0.00,
29.002,3,STOP_BEFORE_SPIN,0.797,0.000,0.000,0.000,0.000,0.000,0.000,0.000,0.0,0.0,0.9040,0.5327,61.11,0.0000,0.0000,0.00,0.0000,0.00,
29.052,3,STOP_BEFORE_SPIN,0.847,0.000,0.000,0.000,0.000,0.000,0.000,0.000,0.0,0.0,0.9040,0.5327,61.11,0.0000,0.0000,0.00,0.0000,0.00,
29.103,3,STOP_BEFORE_SPIN,0.898,0.000,0.000,0.000,0.000,0.000,0.000,0.000,0.0,0.0,0.9040,0.5327,61.11,0.0000,0.0000,0.00,0.0000,0.00,
29.152,3,STOP_BEFORE_SPIN,0.947,0.000,0.000,0.000,0.000,0.000,0.000,0.000,0.0,0.0,0.9040,0.5327,61.11,0.0000,0.0000,0.00,0.0000,0.00,
29.202,3,STOP_BEFORE_SPIN,0.997,0.000,0.000,0.000,0.000,0.000,0.000,0.000,0.0,0.0,0.9040,0.5327,61.11,0.0000,0.0000,0.00,0.0000,0.00,
29.254,3,STOP_BEFORE_SPIN,1.049,0.000,0.000,0.000,0.000,0.000,0.000,0.000,0.0,0.0,0.9040,0.5327,61.11,0.0000,0.0000,0.00,0.0000,0.00,INICIO_DRIFT_leg3
29.255,3,DRIFT,0.001,0.000,0.000,0.000,0.000,0.000,0.000,0.000,0.0,0.0,0.9040,0.5327,61.11,0.0000,0.0000,0.00,0.0000,0.00,
29.302,3,DRIFT,0.047,0.000,-0.000,1.000,0.000,0.000,0.000,0.000,0.0,0.0,0.9040,0.5327,61.11,0.0000,0.0000,0.00,0.0000,0.00,
29.352,3,DRIFT,0.097,0.000,-0.000,1.000,0.000,0.000,0.000,0.000,0.0,0.0,0.9040,0.5327,63.96,0.0000,0.0000,0.00,0.0000,0.00,
29.402,3,DRIFT,0.147,0.000,-0.000,1.000,0.000,0.000,0.000,0.000,0.0,0.0,0.9040,0.5327,66.82,0.0000,0.0000,0.00,0.0000,0.00,
29.453,3,DRIFT,0.199,0.000,-0.000,1.000,0.000,0.000,0.000,0.000,0.0,0.0,0.9040,0.5327,69.77,0.0000,0.0000,0.00,0.0000,0.00,
29.502,3,DRIFT,0.247,0.000,-0.000,1.000,0.000,0.000,0.000,0.000,0.0,0.0,0.9040,0.5327,72.57,0.0000,0.0000,0.00,0.0000,0.00,
29.554,3,DRIFT,0.300,0.000,-0.000,1.000,0.000,0.000,0.000,0.000,0.0,0.0,0.9040,0.5327,75.42,0.0000,0.0000,0.00,0.0000,0.00,
29.603,3,DRIFT,0.348,0.000,-0.000,1.000,0.000,0.000,0.000,0.000,0.0,0.0,0.9040,0.5327,78.34,0.0000,0.0000,0.00,0.0000,0.00,
29.652,3,DRIFT,0.397,0.000,-0.000,1.000,0.000,0.000,0.000,0.000,0.0,0.0,0.9040,0.5327,81.15,0.0000,0.0000,0.00,0.0000,0.00,
29.702,3,DRIFT,0.448,0.000,-0.000,1.000,0.000,0.000,0.000,0.000,0.0,0.0,0.9040,0.5327,84.03,0.0000,0.0000,0.00,0.0000,0.00,
29.754,3,DRIFT,0.499,0.000,-0.000,1.000,0.000,0.000,0.000,0.000,0.0,0.0,0.9040,0.5327,86.97,0.0000,0.0000,0.00,0.0000,0.00,
29.804,3,DRIFT,0.550,0.000,-0.000,1.000,0.000,0.000,0.000,0.000,0.0,0.0,0.9040,0.5327,89.75,0.0000,0.0000,0.00,0.0000,0.00,
29.852,3,DRIFT,0.597,0.000,-0.000,1.000,0.000,0.000,0.000,0.000,0.0,0.0,0.9040,0.5327,92.61,0.0000,0.0000,0.00,0.0000,0.00,
29.903,3,DRIFT,0.649,0.000,-0.000,1.000,0.000,0.000,0.000,0.000,0.0,0.0,0.9040,0.5327,95.55,0.0000,0.0000,0.00,0.0000,0.00,
29.953,3,DRIFT,0.699,0.000,-0.000,1.000,0.000,0.000,0.000,0.000,0.0,0.0,0.9040,0.5327,98.41,0.0000,0.0000,0.00,0.0000,0.00,
30.002,3,DRIFT,0.748,0.000,-0.000,1.000,0.000,0.000,0.000,0.000,0.0,0.0,0.9040,0.5327,101.22,0.0000,0.0000,0.00,0.0000,0.00,
30.055,3,DRIFT,0.800,0.000,-0.000,1.000,0.000,0.000,0.000,0.000,0.0,0.0,0.9040,0.5327,104.07,0.0000,0.0000,0.00,0.0000,0.00,
30.102,3,DRIFT,0.847,0.000,-0.000,1.000,0.000,0.000,0.000,0.000,0.0,0.0,0.9040,0.5327,106.94,0.0000,0.0000,0.00,0.0000,0.00,
30.152,3,DRIFT,0.897,0.000,-0.000,1.000,0.000,0.000,0.000,0.000,0.0,0.0,0.9040,0.5327,109.80,0.0000,0.0000,0.00,0.0000,0.00,
30.202,3,DRIFT,0.947,0.000,-0.000,1.000,0.000,0.000,0.000,0.000,0.0,0.0,0.9040,0.5327,112.67,0.0000,0.0000,0.00,0.0000,0.00,
30.253,3,DRIFT,0.998,0.000,-0.000,1.000,0.000,0.000,0.000,0.000,0.0,0.0,0.9040,0.5327,115.58,0.0000,0.0000,0.00,0.0000,0.00,
30.305,3,DRIFT,1.050,0.000,-0.000,1.000,0.000,0.000,0.000,0.000,0.0,0.0,0.9040,0.5327,118.41,0.0000,0.0000,0.00,0.0000,0.00,
30.354,3,DRIFT,1.099,0.000,-0.000,1.000,0.000,0.000,0.000,0.000,0.0,0.0,0.9040,0.5327,121.35,0.0000,0.0000,0.00,0.0000,0.00,
30.402,3,DRIFT,1.147,0.000,-0.000,1.000,0.000,0.000,0.000,0.000,0.0,0.0,0.9040,0.5327,124.13,0.0000,0.0000,0.00,0.0000,0.00,
30.452,3,DRIFT,1.197,0.000,-0.000,1.000,0.000,0.000,0.000,0.000,0.0,0.0,0.9040,0.5327,126.98,0.0000,0.0000,0.00,0.0000,0.00,
30.502,3,DRIFT,1.247,0.000,-0.000,1.000,0.000,0.000,0.000,0.000,0.0,0.0,0.9040,0.5327,129.85,0.0000,0.0000,0.00,0.0000,0.00,
30.555,3,DRIFT,1.300,0.000,-0.000,1.000,0.000,0.000,0.000,0.000,0.0,0.0,0.9040,0.5327,132.73,0.0000,0.0000,0.00,0.0000,0.00,
30.603,3,DRIFT,1.349,0.000,-0.000,1.000,0.000,0.000,0.000,0.000,0.0,0.0,0.9040,0.5327,135.65,0.0000,0.0000,0.00,0.0000,0.00,
30.653,3,DRIFT,1.398,0.000,-0.000,1.000,0.000,0.000,0.000,0.000,0.0,0.0,0.9040,0.5327,138.50,0.0000,0.0000,0.00,0.0000,0.00,
30.702,3,DRIFT,1.447,0.000,-0.000,1.000,0.000,0.000,0.000,0.000,0.0,0.0,0.9040,0.5327,141.31,0.0000,0.0000,0.00,0.0000,0.00,
30.752,3,DRIFT,1.498,0.000,-0.000,1.000,0.000,0.000,0.000,0.000,0.0,0.0,0.9040,0.5327,144.19,0.0000,0.0000,0.00,0.0000,0.00,
30.806,3,DRIFT,1.551,0.000,-0.000,1.000,0.000,0.000,0.000,0.000,0.0,0.0,0.9040,0.5327,147.11,0.0000,0.0000,0.00,0.0000,0.00,
30.853,3,DRIFT,1.598,0.000,-0.000,1.000,0.000,0.000,0.000,0.000,0.0,0.0,0.9040,0.5327,149.94,0.0000,0.0000,0.00,0.0000,0.00,
30.902,3,DRIFT,1.648,0.000,-0.000,1.000,0.000,0.000,0.000,0.000,0.0,0.0,0.9040,0.5327,152.78,0.0000,0.0000,0.00,0.0000,0.00,
30.953,3,DRIFT,1.698,0.000,-0.000,1.000,0.000,0.000,0.000,0.000,0.0,0.0,0.9040,0.5327,155.68,0.0000,0.0000,0.00,0.0000,0.00,
31.002,3,DRIFT,1.748,0.000,-0.000,1.000,0.000,0.000,0.000,0.000,0.0,0.0,0.9040,0.5327,158.52,0.0000,0.0000,0.00,0.0000,0.00,
31.055,3,DRIFT,1.800,0.000,-0.000,1.000,0.000,0.000,0.000,0.000,0.0,0.0,0.9040,0.5327,161.38,0.0000,0.0000,0.00,0.0000,0.00,
31.102,3,DRIFT,1.848,0.000,-0.000,1.000,0.000,0.000,0.000,0.000,0.0,0.0,0.9040,0.5327,164.24,0.0000,0.0000,0.00,0.0000,0.00,
31.152,3,DRIFT,1.898,0.000,-0.000,1.000,0.000,0.000,0.000,0.000,0.0,0.0,0.9040,0.5327,167.10,0.0000,0.0000,0.00,0.0000,0.00,
31.204,3,DRIFT,1.949,0.000,-0.000,1.000,0.000,0.000,0.000,0.000,0.0,0.0,0.9040,0.5327,170.07,0.0000,0.0000,0.00,0.0000,0.00,
31.253,3,DRIFT,1.999,0.000,-0.000,1.000,0.000,0.000,0.000,0.000,0.0,0.0,0.9040,0.5327,172.91,0.0000,0.0000,0.00,0.0000,0.00,
31.305,3,DRIFT,2.050,0.000,-0.000,1.000,0.000,0.000,0.000,0.000,0.0,0.0,0.9040,0.5327,175.71,0.0000,0.0000,0.00,0.0000,0.00,
31.352,3,DRIFT,2.097,0.000,-0.000,1.000,0.000,0.000,0.000,0.000,0.0,0.0,0.9040,0.5327,178.56,0.0000,0.0000,0.00,0.0000,0.00,
31.402,3,DRIFT,2.148,0.000,-0.000,1.000,0.000,0.000,0.000,0.000,0.0,0.0,0.9040,0.5327,-178.57,0.0000,0.0000,0.00,0.0000,0.00,
31.452,3,DRIFT,2.197,0.000,-0.000,1.000,0.000,0.000,0.000,0.000,0.0,0.0,0.9040,0.5327,-175.72,0.0000,0.0000,0.00,0.0000,0.00,
31.502,3,DRIFT,2.248,0.000,-0.000,1.000,0.000,0.000,0.000,0.000,0.0,0.0,0.9040,0.5327,-172.84,0.0000,0.0000,0.00,0.0000,0.00,
31.555,3,DRIFT,2.300,0.000,-0.000,1.000,0.000,0.000,0.000,0.000,0.0,0.0,0.9040,0.5327,-169.98,0.0000,0.0000,0.00,0.0000,0.00,
31.602,3,DRIFT,2.347,0.000,-0.000,1.000,0.000,0.000,0.000,0.000,0.0,0.0,0.9040,0.5327,-167.12,0.0000,0.0000,0.00,0.0000,0.00,
31.652,3,DRIFT,2.397,0.000,-0.000,1.000,0.000,0.000,0.000,0.000,0.0,0.0,0.9040,0.5327,-164.26,0.0000,0.0000,0.00,0.0000,0.00,
31.702,3,DRIFT,2.448,0.000,-0.000,1.000,0.000,0.000,0.000,0.000,0.0,0.0,0.9040,0.5327,-161.38,0.0000,0.0000,0.00,0.0000,0.00,
31.754,4,DRIFT,2.500,0.000,0.000,0.000,0.000,0.000,0.000,0.000,0.0,0.0,0.9040,0.5327,-158.54,0.0000,0.0000,0.00,0.0000,0.00,FIN_DRIFT_leg3_TIMEOUT_2.5s_2.50s
31.758,0,STOP_BEFORE_DRIVE,0.001,0.000,0.000,0.000,0.000,0.000,0.000,0.000,0.0,0.0,0.9040,0.5327,-158.54,0.0000,0.0000,0.00,0.0000,0.00,
31.803,0,STOP_BEFORE_DRIVE,0.046,0.000,0.000,0.000,0.000,0.000,0.000,0.000,0.0,0.0,0.9040,0.5327,-158.54,0.0000,0.0000,0.00,0.0000,0.00,
31.853,0,STOP_BEFORE_DRIVE,0.097,0.000,0.000,0.000,0.000,0.000,0.000,0.000,0.0,0.0,0.9040,0.5327,-158.54,0.0000,0.0000,0.00,0.0000,0.00,
31.902,0,STOP_BEFORE_DRIVE,0.145,0.000,0.000,0.000,0.000,0.000,0.000,0.000,0.0,0.0,0.9040,0.5327,-158.54,0.0000,0.0000,0.00,0.0000,0.00,
31.954,0,STOP_BEFORE_DRIVE,0.197,0.000,0.000,0.000,0.000,0.000,0.000,0.000,0.0,0.0,0.9040,0.5327,-158.54,0.0000,0.0000,0.00,0.0000,0.00,
32.002,0,STOP_BEFORE_DRIVE,0.246,0.000,0.000,0.000,0.000,0.000,0.000,0.000,0.0,0.0,0.9040,0.5327,-158.54,0.0000,0.0000,0.00,0.0000,0.00,
32.053,0,STOP_BEFORE_DRIVE,0.296,0.000,0.000,0.000,0.000,0.000,0.000,0.000,0.0,0.0,0.9040,0.5327,-158.54,0.0000,0.0000,0.00,0.0000,0.00,
32.102,0,STOP_BEFORE_DRIVE,0.345,0.000,0.000,0.000,0.000,0.000,0.000,0.000,0.0,0.0,0.9040,0.5327,-158.54,0.0000,0.0000,0.00,0.0000,0.00,
32.152,0,STOP_BEFORE_DRIVE,0.395,0.000,0.000,0.000,0.000,0.000,0.000,0.000,0.0,0.0,0.9040,0.5327,-158.54,0.0000,0.0000,0.00,0.0000,0.00,
32.202,0,STOP_BEFORE_DRIVE,0.445,0.000,0.000,0.000,0.000,0.000,0.000,0.000,0.0,0.0,0.9040,0.5327,-158.54,0.0000,0.0000,0.00,0.0000,0.00,
32.253,0,STOP_BEFORE_DRIVE,0.496,0.000,0.000,0.000,0.000,0.000,0.000,0.000,0.0,0.0,0.9040,0.5327,-158.54,0.0000,0.0000,0.00,0.0000,0.00,
32.303,0,STOP_BEFORE_DRIVE,0.546,0.000,0.000,0.000,0.000,0.000,0.000,0.000,0.0,0.0,0.9040,0.5327,-158.54,0.0000,0.0000,0.00,0.0000,0.00,
32.352,0,STOP_BEFORE_DRIVE,0.595,0.000,0.000,0.000,0.000,0.000,0.000,0.000,0.0,0.0,0.9040,0.5327,-158.54,0.0000,0.0000,0.00,0.0000,0.00,
32.402,0,STOP_BEFORE_DRIVE,0.645,0.000,0.000,0.000,0.000,0.000,0.000,0.000,0.0,0.0,0.9040,0.5327,-158.54,0.0000,0.0000,0.00,0.0000,0.00,
32.452,0,STOP_BEFORE_DRIVE,0.695,0.000,0.000,0.000,0.000,0.000,0.000,0.000,0.0,0.0,0.9040,0.5327,-158.54,0.0000,0.0000,0.00,0.0000,0.00,
32.502,0,STOP_BEFORE_DRIVE,0.745,0.000,0.000,0.000,0.000,0.000,0.000,0.000,0.0,0.0,0.9040,0.5327,-158.54,0.0000,0.0000,0.00,0.0000,0.00,
32.552,0,STOP_BEFORE_DRIVE,0.795,0.000,0.000,0.000,0.000,0.000,0.000,0.000,0.0,0.0,0.9040,0.5327,-158.54,0.0000,0.0000,0.00,0.0000,0.00,
32.602,0,STOP_BEFORE_DRIVE,0.845,0.000,0.000,0.000,0.000,0.000,0.000,0.000,0.0,0.0,0.9040,0.5327,-158.54,0.0000,0.0000,0.00,0.0000,0.00,
32.652,0,STOP_BEFORE_DRIVE,0.895,0.000,0.000,0.000,0.000,0.000,0.000,0.000,0.0,0.0,0.9040,0.5327,-158.54,0.0000,0.0000,0.00,0.0000,0.00,
32.702,0,STOP_BEFORE_DRIVE,0.945,0.000,0.000,0.000,0.000,0.000,0.000,0.000,0.0,0.0,0.9040,0.5327,-158.54,0.0000,0.0000,0.00,0.0000,0.00,
32.753,0,STOP_BEFORE_DRIVE,0.996,0.000,0.000,0.000,0.000,0.000,0.000,0.000,0.0,0.0,0.9040,0.5327,-158.54,0.0000,0.0000,0.00,0.0000,0.00,
32.803,0,DRIVE,0.001,0.000,0.000,0.000,0.000,0.000,0.000,0.000,0.0,0.0,0.9040,0.5327,-158.54,0.0000,0.0000,0.00,0.0000,0.00,
32.852,0,DRIVE,0.050,0.300,0.000,-0.000,0.000,0.000,0.000,0.000,0.0,0.0,0.9040,0.5327,-158.54,0.0000,0.0000,0.00,0.0000,0.00,
32.902,0,DRIVE,0.100,0.300,0.000,-0.000,0.000,0.000,0.000,0.000,0.0,0.0,0.8900,0.5272,-158.54,0.0000,0.0000,0.00,0.0000,0.00,
32.952,0,DRIVE,0.150,0.300,0.000,-0.000,0.000,0.000,0.000,0.000,0.0,0.0,0.8760,0.5217,-158.54,0.0000,0.0000,0.00,0.0000,0.00,
33.004,0,DRIVE,0.202,0.300,0.000,-0.000,0.000,0.000,0.000,0.000,0.0,0.0,0.8617,0.5161,-158.54,0.0000,0.0000,0.00,0.0000,0.00,
33.058,0,DRIVE,0.256,0.300,0.000,-0.000,0.000,0.000,0.000,0.000,0.0,0.0,0.8474,0.5104,-158.54,0.0000,0.0000,0.00,0.0000,0.00,
33.102,0,DRIVE,0.300,0.300,0.000,-0.000,0.000,0.000,0.000,0.000,0.0,0.0,0.8342,0.5052,-158.54,0.0000,0.0000,0.00,0.0000,0.00,
33.152,0,DRIVE,0.350,0.300,0.000,-0.000,0.000,0.000,0.000,0.000,0.0,0.0,0.8202,0.4998,-158.54,0.0000,0.0000,0.00,0.0000,0.00,
33.202,0,DRIVE,0.400,0.300,0.000,-0.000,0.000,0.000,0.000,0.000,0.0,0.0,0.8063,0.4943,-158.54,0.0000,0.0000,0.00,0.0000,0.00,
33.252,0,DRIVE,0.450,0.300,0.000,-0.000,0.000,0.000,0.000,0.000,0.0,0.0,0.7923,0.4888,-158.54,0.0000,0.0000,0.00,0.0000,0.00,
33.305,0,DRIVE,0.503,0.300,0.000,-0.000,0.000,0.000,0.000,0.000,0.0,0.0,0.7784,0.4833,-158.54,0.0000,0.0000,0.00,0.0000,0.00,
33.354,0,DRIVE,0.552,0.300,0.000,-0.000,0.000,0.000,0.000,0.000,0.0,0.0,0.7638,0.4776,-158.54,0.0000,0.0000,0.00,0.0000,0.00,
33.404,0,DRIVE,0.602,0.300,0.000,-0.000,0.000,0.000,0.000,0.000,0.0,0.0,0.7500,0.4721,-158.54,0.0000,0.0000,0.00,0.0000,0.00,
33.452,0,DRIVE,0.650,0.300,0.000,-0.000,0.000,0.000,0.000,0.000,0.0,0.0,0.7364,0.4668,-158.54,0.0000,0.0000,0.00,0.0000,0.00,
33.502,0,DRIVE,0.700,0.300,0.000,-0.000,0.000,0.000,0.000,0.000,0.0,0.0,0.7224,0.4613,-158.54,0.0000,0.0000,0.00,0.0000,0.00,
33.555,0,DRIVE,0.753,0.300,0.000,-0.000,0.000,0.000,0.000,0.000,0.0,0.0,0.7085,0.4558,-158.54,0.0000,0.0000,0.00,0.0000,0.00,
33.603,0,DRIVE,0.801,0.300,0.000,-0.000,0.000,0.000,0.000,0.000,0.0,0.0,0.6943,0.4502,-158.54,0.0000,0.0000,0.00,0.0000,0.00,
33.653,0,DRIVE,0.851,0.300,0.000,-0.000,0.000,0.000,0.000,0.000,0.0,0.0,0.6802,0.4447,-158.54,0.0000,0.0000,0.00,0.0000,0.00,
33.705,0,DRIVE,0.903,0.300,0.000,-0.000,0.000,0.000,0.000,0.000,0.0,0.0,0.6660,0.4391,-158.54,0.0000,0.0000,0.00,0.0000,0.00,
33.752,0,DRIVE,0.950,0.300,0.000,-0.000,0.000,0.000,0.000,0.000,0.0,0.0,0.6527,0.4339,-158.54,0.0000,0.0000,0.00,0.0000,0.00,
33.805,0,DRIVE,1.003,0.300,0.000,-0.000,0.000,0.000,0.000,0.000,0.0,0.0,0.6388,0.4284,-158.54,0.0000,0.0000,0.00,0.0000,0.00,
33.852,0,DRIVE,1.050,0.300,0.000,-0.000,0.000,0.000,0.000,0.000,0.0,0.0,0.6248,0.4229,-158.54,0.0000,0.0000,0.00,0.0000,0.00,
33.902,0,DRIVE,1.100,0.300,0.000,-0.000,0.000,0.000,0.000,0.000,0.0,0.0,0.6107,0.4174,-158.54,0.0000,0.0000,0.00,0.0000,0.00,
33.952,0,DRIVE,1.150,0.300,0.000,-0.000,0.000,0.000,0.000,0.000,0.0,0.0,0.5969,0.4119,-158.54,0.0000,0.0000,0.00,0.0000,0.00,
34.002,0,DRIVE,1.200,0.300,0.000,-0.000,0.000,0.000,0.000,0.000,0.0,0.0,0.5829,0.4064,-158.54,0.0000,0.0000,0.00,0.0000,0.00,
34.055,0,DRIVE,1.253,0.300,0.000,-0.000,0.000,0.000,0.000,0.000,0.0,0.0,0.5689,0.4009,-158.54,0.0000,0.0000,0.00,0.0000,0.00,
34.103,0,DRIVE,1.301,0.300,0.000,-0.000,0.000,0.000,0.000,0.000,0.0,0.0,0.5547,0.3954,-158.54,0.0000,0.0000,0.00,0.0000,0.00,
34.152,0,DRIVE,1.350,0.300,0.000,-0.000,0.000,0.000,0.000,0.000,0.0,0.0,0.5410,0.3900,-158.54,0.0000,0.0000,0.00,0.0000,0.00,
34.202,0,DRIVE,1.400,0.300,0.000,-0.000,0.000,0.000,0.000,0.000,0.0,0.0,0.5270,0.3845,-158.54,0.0000,0.0000,0.00,0.0000,0.00,
34.252,0,DRIVE,1.450,0.300,0.000,-0.000,0.000,0.000,0.000,0.000,0.0,0.0,0.5131,0.3790,-158.54,0.0000,0.0000,0.00,0.0000,0.00,
34.305,0,DRIVE,1.503,0.300,0.000,-0.000,0.000,0.000,0.000,0.000,0.0,0.0,0.4992,0.3735,-158.54,0.0000,0.0000,0.00,0.0000,0.00,
34.352,0,DRIVE,1.550,0.300,0.000,-0.000,0.000,0.000,0.000,0.000,0.0,0.0,0.4852,0.3680,-158.54,0.0000,0.0000,0.00,0.0000,0.00,
34.404,0,DRIVE,1.602,0.300,0.000,-0.000,0.000,0.000,0.000,0.000,0.0,0.0,0.4708,0.3624,-158.54,0.0000,0.0000,0.00,0.0000,0.00,
34.453,0,DRIVE,1.651,0.300,0.000,-0.000,0.000,0.000,0.000,0.000,0.0,0.0,0.4571,0.3570,-158.54,0.0000,0.0000,0.00,0.0000,0.00,
34.502,0,DRIVE,1.700,0.300,0.000,-0.000,0.000,0.000,0.000,0.000,0.0,0.0,0.4433,0.3516,-158.54,0.0000,0.0000,0.00,0.0000,0.00,
34.555,0,DRIVE,1.753,0.300,0.000,-0.000,0.000,0.000,0.000,0.000,0.0,0.0,0.4292,0.3460,-158.54,0.0000,0.0000,0.00,0.0000,0.00,
34.603,0,DRIVE,1.801,0.300,0.000,-0.000,0.000,0.000,0.000,0.000,0.0,0.0,0.4151,0.3405,-158.54,0.0000,0.0000,0.00,0.0000,0.00,
34.652,0,DRIVE,1.850,0.300,0.000,-0.000,0.000,0.000,0.000,0.000,0.0,0.0,0.4015,0.3351,-158.54,0.0000,0.0000,0.00,0.0000,0.00,
34.703,0,DRIVE,1.901,0.300,0.000,-0.000,0.000,0.000,0.000,0.000,0.0,0.0,0.3873,0.3295,-158.54,0.0000,0.0000,0.00,0.0000,0.00,
34.752,0,DRIVE,1.950,0.300,0.000,-0.000,0.000,0.000,0.000,0.000,0.0,0.0,0.3735,0.3241,-158.54,0.0000,0.0000,0.00,0.0000,0.00,
34.806,0,DRIVE,2.004,0.300,0.000,-0.000,0.000,0.000,0.000,0.000,0.0,0.0,0.3593,0.3185,-158.54,0.0000,0.0000,0.00,0.0000,0.00,
34.852,0,DRIVE,2.050,0.300,0.000,-0.000,0.000,0.000,0.000,0.000,0.0,0.0,0.3455,0.3131,-158.54,0.0000,0.0000,0.00,0.0000,0.00,
34.902,0,DRIVE,2.100,0.300,0.000,-0.000,0.000,0.000,0.000,0.000,0.0,0.0,0.3316,0.3077,-158.54,0.0000,0.0000,0.00,0.0000,0.00,
34.952,0,DRIVE,2.150,0.300,0.000,-0.000,0.000,0.000,0.000,0.000,0.0,0.0,0.3177,0.3022,-158.54,0.0000,0.0000,0.00,0.0000,0.00,
35.003,0,DRIVE,2.201,0.300,0.000,-0.000,0.000,0.000,0.000,0.000,0.0,0.0,0.3036,0.2966,-158.54,0.0000,0.0000,0.00,0.0000,0.00,
35.055,0,DRIVE,2.253,0.300,0.000,-0.000,0.000,0.000,0.000,0.000,0.0,0.0,0.2897,0.2912,-158.54,0.0000,0.0000,0.00,0.0000,0.00,
35.102,0,DRIVE,2.300,0.300,0.000,-0.000,0.000,0.000,0.000,0.000,0.0,0.0,0.2757,0.2857,-158.54,0.0000,0.0000,0.00,0.0000,0.00,
35.152,0,DRIVE,2.350,0.300,0.000,-0.000,0.000,0.000,0.000,0.000,0.0,0.0,0.2618,0.2802,-158.54,0.0000,0.0000,0.00,0.0000,0.00,
35.203,0,DRIVE,2.401,0.300,0.000,-0.000,0.000,0.000,0.000,0.000,0.0,0.0,0.2477,0.2746,-158.54,0.0000,0.0000,0.00,0.0000,0.00,
35.254,0,DRIVE,2.452,0.300,0.000,-0.000,0.000,0.000,0.000,0.000,0.0,0.0,0.2334,0.2690,-158.54,0.0000,0.0000,0.00,0.0000,0.00,
35.305,0,DRIVE,2.503,0.300,0.000,-0.000,0.000,0.000,0.000,0.000,0.0,0.0,0.2200,0.2637,-158.54,0.0000,0.0000,0.00,0.0000,0.00,
35.354,0,DRIVE,2.552,0.300,0.000,-0.000,0.000,0.000,0.000,0.000,0.0,0.0,0.2054,0.2580,-158.54,0.0000,0.0000,0.00,0.0000,0.00,
35.403,0,DRIVE,2.601,0.300,0.000,-0.000,0.000,0.000,0.000,0.000,0.0,0.0,0.1917,0.2526,-158.54,0.0000,0.0000,0.00,0.0000,0.00,
35.452,0,DRIVE,2.650,0.300,0.000,-0.000,0.000,0.000,0.000,0.000,0.0,0.0,0.1781,0.2473,-158.54,0.0000,0.0000,0.00,0.0000,0.00,
35.502,0,DRIVE,2.700,0.300,0.000,-0.000,0.000,0.000,0.000,0.000,0.0,0.0,0.1642,0.2418,-158.54,0.0000,0.0000,0.00,0.0000,0.00,
35.555,0,DRIVE,2.753,0.300,0.000,-0.000,0.000,0.000,0.000,0.000,0.0,0.0,0.1502,0.2363,-158.54,0.0000,0.0000,0.00,0.0000,0.00,
35.602,0,DRIVE,2.800,0.300,0.000,-0.000,0.000,0.000,0.000,0.000,0.0,0.0,0.1361,0.2308,-158.54,0.0000,0.0000,0.00,0.0000,0.00,
35.652,0,DRIVE,2.850,0.300,0.000,-0.000,0.000,0.000,0.000,0.000,0.0,0.0,0.1222,0.2253,-158.54,0.0000,0.0000,0.00,0.0000,0.00,
35.702,0,DRIVE,2.900,0.300,0.000,-0.000,0.000,0.000,0.000,0.000,0.0,0.0,0.1083,0.2198,-158.54,0.0000,0.0000,0.00,0.0000,0.00,
35.754,0,DRIVE,2.952,0.300,0.000,-0.000,0.000,0.000,0.000,0.000,0.0,0.0,0.0936,0.2141,-158.54,0.0000,0.0000,0.00,0.0000,0.00,
35.805,0,DRIVE,3.003,0.300,0.000,-0.000,0.000,0.000,0.000,0.000,0.0,0.0,0.0804,0.2089,-158.54,0.0000,0.0000,0.00,0.0000,0.00,
35.852,0,DRIVE,3.050,0.300,0.000,-0.000,0.000,0.000,0.000,0.000,0.0,0.0,0.0664,0.2034,-158.54,0.0000,0.0000,0.00,0.0000,0.00,
35.902,0,DRIVE,3.100,0.300,0.000,-0.000,0.000,0.000,0.000,0.000,0.0,0.0,0.0524,0.1979,-158.54,0.0000,0.0000,0.00,0.0000,0.00,
35.952,0,DRIVE,3.150,0.300,0.000,-0.000,0.000,0.000,0.000,0.000,0.0,0.0,0.0385,0.1924,-158.54,0.0000,0.0000,0.00,0.0000,0.00,
36.002,0,DRIVE,3.200,0.300,0.000,-0.000,0.000,0.000,0.000,0.000,0.0,0.0,0.0245,0.1869,-158.54,0.0000,0.0000,0.00,0.0000,0.00,
36.056,0,DRIVE,3.254,0.300,0.000,-0.000,0.000,0.000,0.000,0.000,0.0,0.0,0.0101,0.1812,-158.54,0.0000,0.0000,0.00,0.0000,0.00,
36.102,0,DRIVE,3.300,0.300,0.000,-0.000,0.000,0.000,0.000,0.000,0.0,0.0,-0.0034,0.1759,-158.54,0.0000,0.0000,0.00,0.0000,0.00,
36.154,0,DRIVE,3.352,0.300,0.000,-0.000,0.000,0.000,0.000,0.000,0.0,0.0,-0.0179,0.1702,-158.54,0.0000,0.0000,0.00,0.0000,0.00,
36.204,0,DRIVE,3.402,0.000,0.000,0.000,0.000,0.000,0.000,0.000,0.0,0.0,-0.0313,0.1649,-158.54,0.0000,0.0000,0.00,0.0000,0.00,FIN_DRIVE_leg0_KF_1.00m
36.206,0,STOP_BEFORE_SPIN,0.001,0.000,0.000,0.000,0.000,0.000,0.000,0.000,0.0,0.0,-0.0313,0.1649,-158.54,0.0000,0.0000,0.00,0.0000,0.00,
36.252,0,STOP_BEFORE_SPIN,0.047,0.000,0.000,0.000,0.000,0.000,0.000,0.000,0.0,0.0,-0.0313,0.1649,-158.54,0.0000,0.0000,0.00,0.0000,0.00,
36.302,0,STOP_BEFORE_SPIN,0.097,0.000,0.000,0.000,0.000,0.000,0.000,0.000,0.0,0.0,-0.0313,0.1649,-158.54,0.0000,0.0000,0.00,0.0000,0.00,
36.352,0,STOP_BEFORE_SPIN,0.147,0.000,0.000,0.000,0.000,0.000,0.000,0.000,0.0,0.0,-0.0313,0.1649,-158.54,0.0000,0.0000,0.00,0.0000,0.00,
36.402,0,STOP_BEFORE_SPIN,0.198,0.000,0.000,0.000,0.000,0.000,0.000,0.000,0.0,0.0,-0.0313,0.1649,-158.54,0.0000,0.0000,0.00,0.0000,0.00,
36.452,0,STOP_BEFORE_SPIN,0.247,0.000,0.000,0.000,0.000,0.000,0.000,0.000,0.0,0.0,-0.0313,0.1649,-158.54,0.0000,0.0000,0.00,0.0000,0.00,
36.502,0,STOP_BEFORE_SPIN,0.297,0.000,0.000,0.000,0.000,0.000,0.000,0.000,0.0,0.0,-0.0313,0.1649,-158.54,0.0000,0.0000,0.00,0.0000,0.00,
36.552,0,STOP_BEFORE_SPIN,0.348,0.000,0.000,0.000,0.000,0.000,0.000,0.000,0.0,0.0,-0.0313,0.1649,-158.54,0.0000,0.0000,0.00,0.0000,0.00,
36.603,0,STOP_BEFORE_SPIN,0.398,0.000,0.000,0.000,0.000,0.000,0.000,0.000,0.0,0.0,-0.0313,0.1649,-158.54,0.0000,0.0000,0.00,0.0000,0.00,
36.653,0,STOP_BEFORE_SPIN,0.448,0.000,0.000,0.000,0.000,0.000,0.000,0.000,0.0,0.0,-0.0313,0.1649,-158.54,0.0000,0.0000,0.00,0.0000,0.00,
36.704,0,STOP_BEFORE_SPIN,0.499,0.000,0.000,0.000,0.000,0.000,0.000,0.000,0.0,0.0,-0.0313,0.1649,-158.54,0.0000,0.0000,0.00,0.0000,0.00,
36.752,0,STOP_BEFORE_SPIN,0.547,0.000,0.000,0.000,0.000,0.000,0.000,0.000,0.0,0.0,-0.0313,0.1649,-158.54,0.0000,0.0000,0.00,0.0000,0.00,
36.802,0,STOP_BEFORE_SPIN,0.597,0.000,0.000,0.000,0.000,0.000,0.000,0.000,0.0,0.0,-0.0313,0.1649,-158.54,0.0000,0.0000,0.00,0.0000,0.00,
36.852,0,STOP_BEFORE_SPIN,0.647,0.000,0.000,0.000,0.000,0.000,0.000,0.000,0.0,0.0,-0.0313,0.1649,-158.54,0.0000,0.0000,0.00,0.0000,0.00,
36.902,0,STOP_BEFORE_SPIN,0.697,0.000,0.000,0.000,0.000,0.000,0.000,0.000,0.0,0.0,-0.0313,0.1649,-158.54,0.0000,0.0000,0.00,0.0000,0.00,
36.952,0,STOP_BEFORE_SPIN,0.747,0.000,0.000,0.000,0.000,0.000,0.000,0.000,0.0,0.0,-0.0313,0.1649,-158.54,0.0000,0.0000,0.00,0.0000,0.00,
37.002,0,STOP_BEFORE_SPIN,0.797,0.000,0.000,0.000,0.000,0.000,0.000,0.000,0.0,0.0,-0.0313,0.1649,-158.54,0.0000,0.0000,0.00,0.0000,0.00,
37.052,0,STOP_BEFORE_SPIN,0.847,0.000,0.000,0.000,0.000,0.000,0.000,0.000,0.0,0.0,-0.0313,0.1649,-158.54,0.0000,0.0000,0.00,0.0000,0.00,
37.102,0,STOP_BEFORE_SPIN,0.897,0.000,0.000,0.000,0.000,0.000,0.000,0.000,0.0,0.0,-0.0313,0.1649,-158.54,0.0000,0.0000,0.00,0.0000,0.00,
37.152,0,STOP_BEFORE_SPIN,0.947,0.000,0.000,0.000,0.000,0.000,0.000,0.000,0.0,0.0,-0.0313,0.1649,-158.54,0.0000,0.0000,0.00,0.0000,0.00,
37.202,0,STOP_BEFORE_SPIN,0.997,0.000,0.000,0.000,0.000,0.000,0.000,0.000,0.0,0.0,-0.0313,0.1649,-158.54,0.0000,0.0000,0.00,0.0000,0.00,
37.254,0,STOP_BEFORE_SPIN,1.050,0.000,0.000,0.000,0.000,0.000,0.000,0.000,0.0,0.0,-0.0313,0.1649,-158.54,0.0000,0.0000,0.00,0.0000,0.00,INICIO_DRIFT_leg0
37.256,0,DRIFT,0.001,0.000,0.000,0.000,0.000,0.000,0.000,0.000,0.0,0.0,-0.0313,0.1649,-158.54,0.0000,0.0000,0.00,0.0000,0.00,
37.302,0,DRIFT,0.047,0.000,-0.000,1.000,0.000,0.000,0.000,0.000,0.0,0.0,-0.0313,0.1649,-158.54,0.0000,0.0000,0.00,0.0000,0.00,
37.352,0,DRIFT,0.097,0.000,-0.000,1.000,0.000,0.000,0.000,0.000,0.0,0.0,-0.0313,0.1649,-155.67,0.0000,0.0000,0.00,0.0000,0.00,
37.402,0,DRIFT,0.147,0.000,-0.000,1.000,0.000,0.000,0.000,0.000,0.0,0.0,-0.0313,0.1649,-152.81,0.0000,0.0000,0.00,0.0000,0.00,
37.452,0,DRIFT,0.197,0.000,-0.000,1.000,0.000,0.000,0.000,0.000,0.0,0.0,-0.0313,0.1649,-149.95,0.0000,0.0000,0.00,0.0000,0.00,
37.502,0,DRIFT,0.247,0.000,-0.000,1.000,0.000,0.000,0.000,0.000,0.0,0.0,-0.0313,0.1649,-147.08,0.0000,0.0000,0.00,0.0000,0.00,
37.555,0,DRIFT,0.300,0.000,-0.000,1.000,0.000,0.000,0.000,0.000,0.0,0.0,-0.0313,0.1649,-144.22,0.0000,0.0000,0.00,0.0000,0.00,
37.602,0,DRIFT,0.348,0.000,-0.000,1.000,0.000,0.000,0.000,0.000,0.0,0.0,-0.0313,0.1649,-141.33,0.0000,0.0000,0.00,0.0000,0.00,
37.652,0,DRIFT,0.397,0.000,-0.000,1.000,0.000,0.000,0.000,0.000,0.0,0.0,-0.0313,0.1649,-138.50,0.0000,0.0000,0.00,0.0000,0.00,
37.702,0,DRIFT,0.447,0.000,-0.000,1.000,0.000,0.000,0.000,0.000,0.0,0.0,-0.0313,0.1649,-135.62,0.0000,0.0000,0.00,0.0000,0.00,
37.752,0,DRIFT,0.497,0.000,-0.000,1.000,0.000,0.000,0.000,0.000,0.0,0.0,-0.0313,0.1649,-132.75,0.0000,0.0000,0.00,0.0000,0.00,
37.805,0,DRIFT,0.550,0.000,-0.000,1.000,0.000,0.000,0.000,0.000,0.0,0.0,-0.0313,0.1649,-129.89,0.0000,0.0000,0.00,0.0000,0.00,
37.852,0,DRIFT,0.597,0.000,-0.000,1.000,0.000,0.000,0.000,0.000,0.0,0.0,-0.0313,0.1649,-127.04,0.0000,0.0000,0.00,0.0000,0.00,
37.902,0,DRIFT,0.647,0.000,-0.000,1.000,0.000,0.000,0.000,0.000,0.0,0.0,-0.0313,0.1649,-124.16,0.0000,0.0000,0.00,0.0000,0.00,
37.954,0,DRIFT,0.700,0.000,-0.000,1.000,0.000,0.000,0.000,0.000,0.0,0.0,-0.0313,0.1649,-121.16,0.0000,0.0000,0.00,0.0000,0.00,
38.002,0,DRIFT,0.747,0.000,-0.000,1.000,0.000,0.000,0.000,0.000,0.0,0.0,-0.0313,0.1649,-118.43,0.0000,0.0000,0.00,0.0000,0.00,
38.055,0,DRIFT,0.800,0.000,-0.000,1.000,0.000,0.000,0.000,0.000,0.0,0.0,-0.0313,0.1649,-115.57,0.0000,0.0000,0.00,0.0000,0.00,
38.102,0,DRIFT,0.847,0.000,-0.000,1.000,0.000,0.000,0.000,0.000,0.0,0.0,-0.0313,0.1649,-112.70,0.0000,0.0000,0.00,0.0000,0.00,
38.152,0,DRIFT,0.897,0.000,-0.000,1.000,0.000,0.000,0.000,0.000,0.0,0.0,-0.0313,0.1649,-109.84,0.0000,0.0000,0.00,0.0000,0.00,
38.202,0,DRIFT,0.947,0.000,-0.000,1.000,0.000,0.000,0.000,0.000,0.0,0.0,-0.0313,0.1649,-106.97,0.0000,0.0000,0.00,0.0000,0.00,
38.252,0,DRIFT,0.997,0.000,-0.000,1.000,0.000,0.000,0.000,0.000,0.0,0.0,-0.0313,0.1649,-104.11,0.0000,0.0000,0.00,0.0000,0.00,
38.305,0,DRIFT,1.050,0.000,-0.000,1.000,0.000,0.000,0.000,0.000,0.0,0.0,-0.0313,0.1649,-101.25,0.0000,0.0000,0.00,0.0000,0.00,
38.352,0,DRIFT,1.097,0.000,-0.000,1.000,0.000,0.000,0.000,0.000,0.0,0.0,-0.0313,0.1649,-98.38,0.0000,0.0000,0.00,0.0000,0.00,
38.402,0,DRIFT,1.147,0.000,-0.000,1.000,0.000,0.000,0.000,0.000,0.0,0.0,-0.0313,0.1649,-95.52,0.0000,0.0000,0.00,0.0000,0.00,
38.452,0,DRIFT,1.197,0.000,-0.000,1.000,0.000,0.000,0.000,0.000,0.0,0.0,-0.0313,0.1649,-92.64,0.0000,0.0000,0.00,0.0000,0.00,
38.502,0,DRIFT,1.248,0.000,-0.000,1.000,0.000,0.000,0.000,0.000,0.0,0.0,-0.0313,0.1649,-89.76,0.0000,0.0000,0.00,0.0000,0.00,
38.555,0,DRIFT,1.300,0.000,-0.000,1.000,0.000,0.000,0.000,0.000,0.0,0.0,-0.0313,0.1649,-86.92,0.0000,0.0000,0.00,0.0000,0.00,
38.602,0,DRIFT,1.347,0.000,-0.000,1.000,0.000,0.000,0.000,0.000,0.0,0.0,-0.0313,0.1649,-84.04,0.0000,0.0000,0.00,0.0000,0.00,
38.652,0,DRIFT,1.397,0.000,-0.000,1.000,0.000,0.000,0.000,0.000,0.0,0.0,-0.0313,0.1649,-81.19,0.0000,0.0000,0.00,0.0000,0.00,
38.703,0,DRIFT,1.448,0.000,-0.000,1.000,0.000,0.000,0.000,0.000,0.0,0.0,-0.0313,0.1649,-78.29,0.0000,0.0000,0.00,0.0000,0.00,
38.752,0,DRIFT,1.497,0.000,-0.000,1.000,0.000,0.000,0.000,0.000,0.0,0.0,-0.0313,0.1649,-75.46,0.0000,0.0000,0.00,0.0000,0.00,
38.805,0,DRIFT,1.550,0.000,-0.000,1.000,0.000,0.000,0.000,0.000,0.0,0.0,-0.0313,0.1649,-72.60,0.0000,0.0000,0.00,0.0000,0.00,
38.852,0,DRIFT,1.597,0.000,-0.000,1.000,0.000,0.000,0.000,0.000,0.0,0.0,-0.0313,0.1649,-69.74,0.0000,0.0000,0.00,0.0000,0.00,
38.903,0,DRIFT,1.649,0.000,-0.000,1.000,0.000,0.000,0.000,0.000,0.0,0.0,-0.0313,0.1649,-66.79,0.0000,0.0000,0.00,0.0000,0.00,
38.952,0,DRIFT,1.697,0.000,-0.000,1.000,0.000,0.000,0.000,0.000,0.0,0.0,-0.0313,0.1649,-64.01,0.0000,0.0000,0.00,0.0000,0.00,
39.002,0,DRIFT,1.747,0.000,-0.000,1.000,0.000,0.000,0.000,0.000,0.0,0.0,-0.0313,0.1649,-61.14,0.0000,0.0000,0.00,0.0000,0.00,
39.055,0,DRIFT,1.800,0.000,-0.000,1.000,0.000,0.000,0.000,0.000,0.0,0.0,-0.0313,0.1649,-58.28,0.0000,0.0000,0.00,0.0000,0.00,
39.102,0,DRIFT,1.847,0.000,-0.000,1.000,0.000,0.000,0.000,0.000,0.0,0.0,-0.0313,0.1649,-55.41,0.0000,0.0000,0.00,0.0000,0.00,
39.152,0,DRIFT,1.897,0.000,-0.000,1.000,0.000,0.000,0.000,0.000,0.0,0.0,-0.0313,0.1649,-52.54,0.0000,0.0000,0.00,0.0000,0.00,
39.202,0,DRIFT,1.947,0.000,-0.000,1.000,0.000,0.000,0.000,0.000,0.0,0.0,-0.0313,0.1649,-49.68,0.0000,0.0000,0.00,0.0000,0.00,
39.252,0,DRIFT,1.997,0.000,-0.000,1.000,0.000,0.000,0.000,0.000,0.0,0.0,-0.0313,0.1649,-46.81,0.0000,0.0000,0.00,0.0000,0.00,
39.305,0,DRIFT,2.050,0.000,-0.000,1.000,0.000,0.000,0.000,0.000,0.0,0.0,-0.0313,0.1649,-43.95,0.0000,0.0000,0.00,0.0000,0.00,
39.354,0,DRIFT,2.099,0.000,-0.000,1.000,0.000,0.000,0.000,0.000,0.0,0.0,-0.0313,0.1649,-40.96,0.0000,0.0000,0.00,0.0000,0.00,
39.402,0,DRIFT,2.147,0.000,-0.000,1.000,0.000,0.000,0.000,0.000,0.0,0.0,-0.0313,0.1649,-38.23,0.0000,0.0000,0.00,0.0000,0.00,
39.453,0,DRIFT,2.198,0.000,-0.000,1.000,0.000,0.000,0.000,0.000,0.0,0.0,-0.0313,0.1649,-35.30,0.0000,0.0000,0.00,0.0000,0.00,
39.502,0,DRIFT,2.247,0.000,-0.000,1.000,0.000,0.000,0.000,0.000,0.0,0.0,-0.0313,0.1649,-32.49,0.0000,0.0000,0.00,0.0000,0.00,
39.554,0,DRIFT,2.300,0.000,-0.000,1.000,0.000,0.000,0.000,0.000,0.0,0.0,-0.0313,0.1649,-29.63,0.0000,0.0000,0.00,0.0000,0.00,
39.602,0,DRIFT,2.347,0.000,-0.000,1.000,0.000,0.000,0.000,0.000,0.0,0.0,-0.0313,0.1649,-26.76,0.0000,0.0000,0.00,0.0000,0.00,
39.653,0,DRIFT,2.399,0.000,-0.000,1.000,0.000,0.000,0.000,0.000,0.0,0.0,-0.0313,0.1649,-23.82,0.0000,0.0000,0.00,0.0000,0.00,
39.702,0,DRIFT,2.447,0.000,-0.000,1.000,0.000,0.000,0.000,0.000,0.0,0.0,-0.0313,0.1649,-21.02,0.0000,0.0000,0.00,0.0000,0.00,
39.754,1,DRIFT,2.499,0.000,0.000,0.000,0.000,0.000,0.000,0.000,0.0,0.0,-0.0313,0.1649,-18.18,0.0000,0.0000,0.00,0.0000,0.00,FIN_DRIFT_leg0_TIMEOUT_2.5s_2.50s
39.757,1,STOP_BEFORE_DRIVE,0.001,0.000,0.000,0.000,0.000,0.000,0.000,0.000,0.0,0.0,-0.0313,0.1649,-18.18,0.0000,0.0000,0.00,0.0000,0.00,
39.804,1,STOP_BEFORE_DRIVE,0.047,0.000,0.000,0.000,0.000,0.000,0.000,0.000,0.0,0.0,-0.0313,0.1649,-18.18,0.0000,0.0000,0.00,0.0000,0.00,
39.852,1,STOP_BEFORE_DRIVE,0.096,0.000,0.000,0.000,0.000,0.000,0.000,0.000,0.0,0.0,-0.0313,0.1649,-18.18,0.0000,0.0000,0.00,0.0000,0.00,
39.902,1,STOP_BEFORE_DRIVE,0.146,0.000,0.000,0.000,0.000,0.000,0.000,0.000,0.0,0.0,-0.0313,0.1649,-18.18,0.0000,0.0000,0.00,0.0000,0.00,
39.952,1,STOP_BEFORE_DRIVE,0.195,0.000,0.000,0.000,0.000,0.000,0.000,0.000,0.0,0.0,-0.0313,0.1649,-18.18,0.0000,0.0000,0.00,0.0000,0.00,
40.002,1,STOP_BEFORE_DRIVE,0.246,0.000,0.000,0.000,0.000,0.000,0.000,0.000,0.0,0.0,-0.0313,0.1649,-18.18,0.0000,0.0000,0.00,0.0000,0.00,
40.052,1,STOP_BEFORE_DRIVE,0.295,0.000,0.000,0.000,0.000,0.000,0.000,0.000,0.0,0.0,-0.0313,0.1649,-18.18,0.0000,0.0000,0.00,0.0000,0.00,
40.102,1,STOP_BEFORE_DRIVE,0.345,0.000,0.000,0.000,0.000,0.000,0.000,0.000,0.0,0.0,-0.0313,0.1649,-18.18,0.0000,0.0000,0.00,0.0000,0.00,
40.152,1,STOP_BEFORE_DRIVE,0.395,0.000,0.000,0.000,0.000,0.000,0.000,0.000,0.0,0.0,-0.0313,0.1649,-18.18,0.0000,0.0000,0.00,0.0000,0.00,
40.202,1,STOP_BEFORE_DRIVE,0.445,0.000,0.000,0.000,0.000,0.000,0.000,0.000,0.0,0.0,-0.0313,0.1649,-18.18,0.0000,0.0000,0.00,0.0000,0.00,
40.252,1,STOP_BEFORE_DRIVE,0.495,0.000,0.000,0.000,0.000,0.000,0.000,0.000,0.0,0.0,-0.0313,0.1649,-18.18,0.0000,0.0000,0.00,0.0000,0.00,
40.302,1,STOP_BEFORE_DRIVE,0.545,0.000,0.000,0.000,0.000,0.000,0.000,0.000,0.0,0.0,-0.0313,0.1649,-18.18,0.0000,0.0000,0.00,0.0000,0.00,
40.352,1,STOP_BEFORE_DRIVE,0.596,0.000,0.000,0.000,0.000,0.000,0.000,0.000,0.0,0.0,-0.0313,0.1649,-18.18,0.0000,0.0000,0.00,0.0000,0.00,
40.402,1,STOP_BEFORE_DRIVE,0.646,0.000,0.000,0.000,0.000,0.000,0.000,0.000,0.0,0.0,-0.0313,0.1649,-18.18,0.0000,0.0000,0.00,0.0000,0.00,
40.453,1,STOP_BEFORE_DRIVE,0.696,0.000,0.000,0.000,0.000,0.000,0.000,0.000,0.0,0.0,-0.0313,0.1649,-18.18,0.0000,0.0000,0.00,0.0000,0.00,
40.502,1,STOP_BEFORE_DRIVE,0.745,0.000,0.000,0.000,0.000,0.000,0.000,0.000,0.0,0.0,-0.0313,0.1649,-18.18,0.0000,0.0000,0.00,0.0000,0.00,
40.553,1,STOP_BEFORE_DRIVE,0.797,0.000,0.000,0.000,0.000,0.000,0.000,0.000,0.0,0.0,-0.0313,0.1649,-18.18,0.0000,0.0000,0.00,0.0000,0.00,
40.603,1,STOP_BEFORE_DRIVE,0.847,0.000,0.000,0.000,0.000,0.000,0.000,0.000,0.0,0.0,-0.0313,0.1649,-18.18,0.0000,0.0000,0.00,0.0000,0.00,
40.652,1,STOP_BEFORE_DRIVE,0.895,0.000,0.000,0.000,0.000,0.000,0.000,0.000,0.0,0.0,-0.0313,0.1649,-18.18,0.0000,0.0000,0.00,0.0000,0.00,
40.702,1,STOP_BEFORE_DRIVE,0.945,0.000,0.000,0.000,0.000,0.000,0.000,0.000,0.0,0.0,-0.0313,0.1649,-18.18,0.0000,0.0000,0.00,0.0000,0.00,
40.752,1,STOP_BEFORE_DRIVE,0.995,0.000,0.000,0.000,0.000,0.000,0.000,0.000,0.0,0.0,-0.0313,0.1649,-18.18,0.0000,0.0000,0.00,0.0000,0.00,
40.802,1,DRIVE,0.001,0.000,0.000,0.000,0.000,0.000,0.000,0.000,0.0,0.0,-0.0313,0.1649,-18.18,0.0000,0.0000,0.00,0.0000,0.00,
40.853,1,DRIVE,0.052,0.300,0.000,-0.000,0.000,0.000,0.000,0.000,0.0,0.0,-0.0313,0.1649,-18.18,0.0000,0.0000,0.00,0.0000,0.00,
40.902,1,DRIVE,0.101,0.300,0.000,-0.000,0.000,0.000,0.000,0.000,0.0,0.0,-0.0175,0.1604,-18.18,0.0000,0.0000,0.00,0.0000,0.00,
40.952,1,DRIVE,0.151,0.300,0.000,-0.000,0.000,0.000,0.000,0.000,0.0,0.0,-0.0033,0.1557,-18.18,0.0000,0.0000,0.00,0.0000,0.00,
41.002,1,DRIVE,0.201,0.300,0.000,-0.000,0.000,0.000,0.000,0.000,0.0,0.0,0.0110,0.1511,-18.18,0.0000,0.0000,0.00,-0.0000,0.00,
41.055,1,DRIVE,0.254,0.300,0.000,-0.000,0.000,0.000,0.000,0.000,0.0,0.0,0.0252,0.1464,-18.18,0.0000,0.0000,0.00,-0.0000,0.00,
41.103,1,DRIVE,0.301,0.300,0.000,-0.000,0.000,0.000,0.000,0.000,0.0,0.0,0.0396,0.1417,-18.18,0.0000,0.0000,0.00,-0.0000,0.00,
41.155,1,DRIVE,0.354,0.300,0.000,-0.000,0.000,0.000,0.000,0.000,0.0,0.0,0.0546,0.1368,-18.18,0.0000,0.0000,0.00,0.0000,0.00,
41.203,1,DRIVE,0.401,0.300,0.000,-0.000,0.000,0.000,0.000,0.000,0.0,0.0,0.0682,0.1323,-18.18,0.0000,0.0000,0.00,0.0000,0.00,
41.254,1,DRIVE,0.453,0.300,0.000,-0.000,0.000,0.000,0.000,0.000,0.0,0.0,0.0829,0.1274,-18.18,0.0000,0.0000,0.00,0.0000,0.00,
41.305,1,DRIVE,0.503,0.300,0.000,-0.000,0.000,0.000,0.000,0.000,0.0,0.0,0.0965,0.1230,-18.18,0.0000,0.0000,0.00,0.0000,0.00,
41.353,1,DRIVE,0.552,0.300,0.000,-0.000,0.000,0.000,0.000,0.000,0.0,0.0,0.1111,0.1182,-18.18,0.0000,0.0000,0.00,0.0000,0.00,
41.402,1,DRIVE,0.600,0.300,0.000,-0.000,0.000,0.000,0.000,0.000,0.0,0.0,0.1250,0.1136,-18.18,0.0000,0.0000,0.00,0.0000,0.00,
41.452,1,DRIVE,0.650,0.300,0.000,-0.000,0.000,0.000,0.000,0.000,0.0,0.0,0.1392,0.1090,-18.18,0.0000,0.0000,0.00,0.0000,0.00,
41.502,1,DRIVE,0.700,0.300,0.000,-0.000,0.000,0.000,0.000,0.000,0.0,0.0,0.1535,0.1043,-18.18,0.0000,0.0000,0.00,0.0000,0.00,
41.555,1,DRIVE,0.753,0.300,0.000,-0.000,0.000,0.000,0.000,0.000,0.0,0.0,0.1678,0.0996,-18.18,0.0000,0.0000,0.00,0.0000,0.00,
41.602,1,DRIVE,0.801,0.300,0.000,-0.000,0.000,0.000,0.000,0.000,0.0,0.0,0.1820,0.0949,-18.18,0.0000,0.0000,0.00,0.0000,0.00,
41.652,1,DRIVE,0.851,0.300,0.000,-0.000,0.000,0.000,0.000,0.000,0.0,0.0,0.1962,0.0902,-18.18,0.0000,0.0000,0.00,0.0000,0.00,
41.703,1,DRIVE,0.902,0.300,0.000,-0.000,0.000,0.000,0.000,0.000,0.0,0.0,0.2108,0.0855,-18.18,0.0000,0.0000,0.00,0.0000,0.00,
41.754,1,DRIVE,0.952,0.300,0.000,-0.000,0.000,0.000,0.000,0.000,0.0,0.0,0.2252,0.0807,-18.18,0.0000,0.0000,0.00,0.0000,0.00,
41.805,1,DRIVE,1.003,0.300,0.000,-0.000,0.000,0.000,0.000,0.000,0.0,0.0,0.2390,0.0762,-18.18,0.0000,0.0000,0.00,0.0000,0.00,
41.852,1,DRIVE,1.051,0.300,0.000,-0.000,0.000,0.000,0.000,0.000,0.0,0.0,0.2533,0.0715,-18.18,0.0000,0.0000,0.00,0.0000,0.00,
41.904,1,DRIVE,1.102,0.300,0.000,-0.000,0.000,0.000,0.000,0.000,0.0,0.0,0.2680,0.0667,-18.18,0.0000,0.0000,0.00,0.0000,0.00,
41.954,1,DRIVE,1.152,0.300,0.000,-0.000,0.000,0.000,0.000,0.000,0.0,0.0,0.2822,0.0620,-18.18,0.0000,0.0000,0.00,0.0000,0.00,
42.003,1,DRIVE,1.202,0.300,0.000,-0.000,0.000,0.000,0.000,0.000,0.0,0.0,0.2964,0.0574,-18.18,0.0000,0.0000,0.00,0.0000,0.00,
42.056,1,DRIVE,1.254,0.300,0.000,-0.000,0.000,0.000,0.000,0.000,0.0,0.0,0.3105,0.0527,-18.18,0.0000,0.0000,0.00,0.0000,0.00,
42.102,1,DRIVE,1.301,0.300,0.000,-0.000,0.000,0.000,0.000,0.000,0.0,0.0,0.3245,0.0481,-18.18,0.0000,0.0000,0.00,0.0000,0.00,
42.153,1,DRIVE,1.351,0.300,0.000,-0.000,0.000,0.000,0.000,0.000,0.0,0.0,0.3390,0.0434,-18.18,0.0000,0.0000,0.00,0.0000,0.00,
42.202,1,DRIVE,1.401,0.300,0.000,-0.000,0.000,0.000,0.000,0.000,0.0,0.0,0.3530,0.0388,-18.18,0.0000,0.0000,0.00,0.0000,0.00,
42.252,1,DRIVE,1.451,0.300,0.000,-0.000,0.000,0.000,0.000,0.000,0.0,0.0,0.3673,0.0341,-18.18,0.0000,0.0000,0.00,0.0000,0.00,
42.305,1,DRIVE,1.504,0.300,0.000,-0.000,0.000,0.000,0.000,0.000,0.0,0.0,0.3817,0.0293,-18.18,0.0000,0.0000,0.00,0.0000,0.00,
42.354,1,DRIVE,1.552,0.300,0.000,-0.000,0.000,0.000,0.000,0.000,0.0,0.0,0.3963,0.0246,-18.18,0.0000,0.0000,0.00,0.0000,0.00,
42.402,1,DRIVE,1.601,0.300,0.000,-0.000,0.000,0.000,0.000,0.000,0.0,0.0,0.4100,0.0200,-18.18,0.0000,0.0000,0.00,0.0000,0.00,
42.452,1,DRIVE,1.650,0.300,0.000,-0.000,0.000,0.000,0.000,0.000,0.0,0.0,0.4242,0.0154,-18.18,0.0000,0.0000,0.00,0.0000,0.00,
42.503,1,DRIVE,1.702,0.300,0.000,-0.000,0.000,0.000,0.000,0.000,0.0,0.0,0.4388,0.0106,-18.18,0.0000,0.0000,0.00,0.0000,0.00,
42.555,1,DRIVE,1.754,0.300,0.000,-0.000,0.000,0.000,0.000,0.000,0.0,0.0,0.4531,0.0059,-18.18,0.0000,0.0000,0.00,0.0000,0.00,
42.604,1,DRIVE,1.803,0.300,0.000,-0.000,0.000,0.000,0.000,0.000,0.0,0.0,0.4677,0.0011,-18.18,0.0000,0.0000,0.00,0.0000,0.00,
42.653,1,DRIVE,1.851,0.300,0.000,-0.000,0.000,0.000,0.000,0.000,0.0,0.0,0.4815,-0.0034,-18.18,0.0000,0.0000,0.00,-0.0000,0.00,
42.702,1,DRIVE,1.900,0.300,0.000,-0.000,0.000,0.000,0.000,0.000,0.0,0.0,0.4955,-0.0080,-18.18,0.0000,0.0000,0.00,-0.0000,0.00,
42.753,1,DRIVE,1.951,0.300,0.000,-0.000,0.000,0.000,0.000,0.000,0.0,0.0,0.5100,-0.0128,-18.18,0.0000,0.0000,0.00,-0.0000,0.00,
42.804,1,DRIVE,2.003,0.300,0.000,-0.000,0.000,0.000,0.000,0.000,0.0,0.0,0.5240,-0.0174,-18.18,0.0000,0.0000,0.00,0.0000,0.00,
42.852,1,DRIVE,2.051,0.300,0.000,-0.000,0.000,0.000,0.000,0.000,0.0,0.0,0.5383,-0.0221,-18.18,0.0000,0.0000,0.00,0.0000,0.00,
42.902,1,DRIVE,2.101,0.300,0.000,-0.000,0.000,0.000,0.000,0.000,0.0,0.0,0.5526,-0.0268,-18.18,0.0000,0.0000,0.00,0.0000,0.00,
42.952,1,DRIVE,2.151,0.300,0.000,-0.000,0.000,0.000,0.000,0.000,0.0,0.0,0.5669,-0.0314,-18.18,0.0000,0.0000,0.00,0.0000,0.00,
43.002,1,DRIVE,2.201,0.300,0.000,-0.000,0.000,0.000,0.000,0.000,0.0,0.0,0.5810,-0.0361,-18.18,0.0000,0.0000,0.00,0.0000,0.00,
43.055,1,DRIVE,2.253,0.300,0.000,-0.000,0.000,0.000,0.000,0.000,0.0,0.0,0.5953,-0.0408,-18.18,0.0000,0.0000,0.00,-0.0000,0.00,
43.102,1,DRIVE,2.301,0.300,0.000,-0.000,0.000,0.000,0.000,0.000,0.0,0.0,0.6096,-0.0455,-18.18,0.0000,0.0000,0.00,0.0000,0.00,
43.152,1,DRIVE,2.351,0.300,0.000,-0.000,0.000,0.000,0.000,0.000,0.0,0.0,0.6238,-0.0501,-18.18,0.0000,0.0000,0.00,0.0000,0.00,
43.202,1,DRIVE,2.401,0.300,0.000,-0.000,0.000,0.000,0.000,0.000,0.0,0.0,0.6381,-0.0548,-18.18,0.0000,0.0000,0.00,-0.0000,0.00,
43.252,1,DRIVE,2.451,0.300,0.000,-0.000,0.000,0.000,0.000,0.000,0.0,0.0,0.6523,-0.0595,-18.18,0.0000,0.0000,0.00,-0.0000,0.00,
43.305,1,DRIVE,2.504,0.300,0.000,-0.000,0.000,0.000,0.000,0.000,0.0,0.0,0.6666,-0.0642,-18.18,0.0000,0.0000,0.00,0.0000,0.00,
43.352,1,DRIVE,2.551,0.300,0.000,-0.000,0.000,0.000,0.000,0.000,0.0,0.0,0.6808,-0.0689,-18.18,0.0000,0.0000,0.00,-0.0000,0.00,
43.404,1,DRIVE,2.602,0.300,0.000,-0.000,0.000,0.000,0.000,0.000,0.0,0.0,0.6956,-0.0737,-18.18,0.0000,0.0000,0.00,-0.0000,0.00,
43.452,1,DRIVE,2.651,0.300,0.000,-0.000,0.000,0.000,0.000,0.000,0.0,0.0,0.7093,-0.0782,-18.18,0.0000,0.0000,0.00,0.0000,0.00,
43.504,1,DRIVE,2.702,0.300,0.000,-0.000,0.000,0.000,0.000,0.000,0.0,0.0,0.7240,-0.0830,-18.18,0.0000,0.0000,0.00,-0.0000,0.00,
43.556,1,DRIVE,2.755,0.300,0.000,-0.000,0.000,0.000,0.000,0.000,0.0,0.0,0.7382,-0.0877,-18.18,0.0000,0.0000,0.00,-0.0000,0.00,
43.603,1,DRIVE,2.802,0.300,0.000,-0.000,0.000,0.000,0.000,0.000,0.0,0.0,0.7524,-0.0924,-18.18,0.0000,0.0000,0.00,-0.0000,0.00,
43.654,1,DRIVE,2.853,0.300,0.000,-0.000,0.000,0.000,0.000,0.000,0.0,0.0,0.7669,-0.0971,-18.18,0.0000,0.0000,0.00,-0.0000,0.00,
43.702,1,DRIVE,2.901,0.300,0.000,-0.000,0.000,0.000,0.000,0.000,0.0,0.0,0.7806,-0.1016,-18.18,0.0000,0.0000,0.00,-0.0000,0.00,
43.754,1,DRIVE,2.953,0.300,0.000,-0.000,0.000,0.000,0.000,0.000,0.0,0.0,0.7954,-0.1065,-18.18,0.0000,0.0000,0.00,-0.0000,0.00,
43.806,1,DRIVE,3.004,0.300,0.000,-0.000,0.000,0.000,0.000,0.000,0.0,0.0,0.8093,-0.1110,-18.18,0.0000,0.0000,0.00,-0.0000,0.00,
43.852,1,DRIVE,3.051,0.300,0.000,-0.000,0.000,0.000,0.000,0.000,0.0,0.0,0.8233,-0.1156,-18.18,0.0000,0.0000,0.00,-0.0000,0.00,
43.902,1,DRIVE,3.101,0.300,0.000,-0.000,0.000,0.000,0.000,0.000,0.0,0.0,0.8376,-0.1203,-18.18,0.0000,0.0000,0.00,-0.0000,0.00,
43.952,1,DRIVE,3.151,0.300,0.000,-0.000,0.000,0.000,0.000,0.000,0.0,0.0,0.8518,-0.1250,-18.18,0.0000,0.0000,0.00,-0.0000,0.00,
44.004,1,DRIVE,3.202,0.300,0.000,-0.000,0.000,0.000,0.000,0.000,0.0,0.0,0.8666,-0.1299,-18.18,0.0000,0.0000,0.00,-0.0000,0.00,
44.055,1,DRIVE,3.253,0.300,0.000,-0.000,0.000,0.000,0.000,0.000,0.0,0.0,0.8803,-0.1344,-18.18,0.0000,0.0000,0.00,-0.0000,0.00,
44.104,1,DRIVE,3.303,0.300,0.000,-0.000,0.000,0.000,0.000,0.000,0.0,0.0,0.8952,-0.1392,-18.18,0.0000,0.0000,0.00,0.0000,0.00,
44.152,1,DRIVE,3.351,0.300,0.000,-0.000,0.000,0.000,0.000,0.000,0.0,0.0,0.9089,-0.1437,-18.18,0.0000,0.0000,0.00,0.0000,0.00,
44.206,1,DRIVE,3.404,0.000,0.000,0.000,0.000,0.000,0.000,0.000,0.0,0.0,0.9235,-0.1485,-18.18,0.0000,0.0000,0.00,-0.0000,0.00,FIN_DRIVE_leg1_KF_1.00m
44.207,1,STOP_BEFORE_SPIN,0.001,0.000,0.000,0.000,0.000,0.000,0.000,0.000,0.0,0.0,0.9235,-0.1485,-18.18,0.0000,0.0000,0.00,-0.0000,0.00,
44.252,1,STOP_BEFORE_SPIN,0.046,0.000,0.000,0.000,0.000,0.000,0.000,0.000,0.0,0.0,0.9235,-0.1485,-18.18,0.0000,0.0000,0.00,-0.0000,0.00,
44.302,1,STOP_BEFORE_SPIN,0.096,0.000,0.000,0.000,0.000,0.000,0.000,0.000,0.0,0.0,0.9235,-0.1485,-18.18,0.0000,0.0000,0.00,-0.0000,0.00,
44.352,1,STOP_BEFORE_SPIN,0.146,0.000,0.000,0.000,0.000,0.000,0.000,0.000,0.0,0.0,0.9235,-0.1485,-18.18,0.0000,0.0000,0.00,-0.0000,0.00,
44.402,1,STOP_BEFORE_SPIN,0.196,0.000,0.000,0.000,0.000,0.000,0.000,0.000,0.0,0.0,0.9235,-0.1485,-18.18,0.0000,0.0000,0.00,-0.0000,0.00,
44.454,1,STOP_BEFORE_SPIN,0.247,0.000,0.000,0.000,0.000,0.000,0.000,0.000,0.0,0.0,0.9235,-0.1485,-18.18,0.0000,0.0000,0.00,-0.0000,0.00,
44.503,1,STOP_BEFORE_SPIN,0.297,0.000,0.000,0.000,0.000,0.000,0.000,0.000,0.0,0.0,0.9235,-0.1485,-18.18,0.0000,0.0000,0.00,-0.0000,0.00,
44.553,1,STOP_BEFORE_SPIN,0.347,0.000,0.000,0.000,0.000,0.000,0.000,0.000,0.0,0.0,0.9235,-0.1485,-18.18,0.0000,0.0000,0.00,-0.0000,0.00,
44.603,1,STOP_BEFORE_SPIN,0.397,0.000,0.000,0.000,0.000,0.000,0.000,0.000,0.0,0.0,0.9235,-0.1485,-18.18,0.0000,0.0000,0.00,-0.0000,0.00,
44.652,1,STOP_BEFORE_SPIN,0.446,0.000,0.000,0.000,0.000,0.000,0.000,0.000,0.0,0.0,0.9235,-0.1485,-18.18,0.0000,0.0000,0.00,-0.0000,0.00,
44.702,1,STOP_BEFORE_SPIN,0.496,0.000,0.000,0.000,0.000,0.000,0.000,0.000,0.0,0.0,0.9235,-0.1485,-18.18,0.0000,0.0000,0.00,-0.0000,0.00,
44.752,1,STOP_BEFORE_SPIN,0.546,0.000,0.000,0.000,0.000,0.000,0.000,0.000,0.0,0.0,0.9235,-0.1485,-18.18,0.0000,0.0000,0.00,-0.0000,0.00,
44.802,1,STOP_BEFORE_SPIN,0.596,0.000,0.000,0.000,0.000,0.000,0.000,0.000,0.0,0.0,0.9235,-0.1485,-18.18,0.0000,0.0000,0.00,-0.0000,0.00,
44.852,1,STOP_BEFORE_SPIN,0.646,0.000,0.000,0.000,0.000,0.000,0.000,0.000,0.0,0.0,0.9235,-0.1485,-18.18,0.0000,0.0000,0.00,-0.0000,0.00,
44.902,1,STOP_BEFORE_SPIN,0.696,0.000,0.000,0.000,0.000,0.000,0.000,0.000,0.0,0.0,0.9235,-0.1485,-18.18,0.0000,0.0000,0.00,-0.0000,0.00,
44.952,1,STOP_BEFORE_SPIN,0.746,0.000,0.000,0.000,0.000,0.000,0.000,0.000,0.0,0.0,0.9235,-0.1485,-18.18,0.0000,0.0000,0.00,-0.0000,0.00,
45.003,1,STOP_BEFORE_SPIN,0.796,0.000,0.000,0.000,0.000,0.000,0.000,0.000,0.0,0.0,0.9235,-0.1485,-18.18,0.0000,0.0000,0.00,-0.0000,0.00,
45.053,1,STOP_BEFORE_SPIN,0.846,0.000,0.000,0.000,0.000,0.000,0.000,0.000,0.0,0.0,0.9235,-0.1485,-18.18,0.0000,0.0000,0.00,-0.0000,0.00,
45.102,1,STOP_BEFORE_SPIN,0.896,0.000,0.000,0.000,0.000,0.000,0.000,0.000,0.0,0.0,0.9235,-0.1485,-18.18,0.0000,0.0000,0.00,-0.0000,0.00,
45.153,1,STOP_BEFORE_SPIN,0.947,0.000,0.000,0.000,0.000,0.000,0.000,0.000,0.0,0.0,0.9235,-0.1485,-18.18,0.0000,0.0000,0.00,-0.0000,0.00,
45.202,1,STOP_BEFORE_SPIN,0.996,0.000,0.000,0.000,0.000,0.000,0.000,0.000,0.0,0.0,0.9235,-0.1485,-18.18,0.0000,0.0000,0.00,-0.0000,0.00,
45.254,1,STOP_BEFORE_SPIN,1.048,0.000,0.000,0.000,0.000,0.000,0.000,0.000,0.0,0.0,0.9235,-0.1485,-18.18,0.0000,0.0000,0.00,-0.0000,0.00,INICIO_DRIFT_leg1
45.256,1,DRIFT,0.001,0.000,0.000,0.000,0.000,0.000,0.000,0.000,0.0,0.0,0.9235,-0.1485,-18.18,0.0000,0.0000,0.00,-0.0000,0.00,
45.302,1,DRIFT,0.047,0.000,-0.000,1.000,0.000,0.000,0.000,0.000,0.0,0.0,0.9235,-0.1485,-18.18,0.0000,0.0000,0.00,-0.0000,0.00,
45.352,1,DRIFT,0.097,0.000,-0.000,1.000,0.000,0.000,0.000,0.000,0.0,0.0,0.9235,-0.1485,-15.31,0.0000,0.0000,0.00,-0.0000,0.00,
45.402,1,DRIFT,0.147,0.000,-0.000,1.000,0.000,0.000,0.000,0.000,0.0,0.0,0.9235,-0.1485,-12.45,0.0000,0.0000,0.00,-0.0000,0.00,
45.452,1,DRIFT,0.197,0.000,-0.000,1.000,0.000,0.000,0.000,0.000,0.0,0.0,0.9235,-0.1485,-9.59,0.0000,0.0000,0.00,-0.0000,0.00,
45.502,1,DRIFT,0.247,0.000,-0.000,1.000,0.000,0.000,0.000,0.000,0.0,0.0,0.9235,-0.1485,-6.73,0.0000,0.0000,0.00,-0.0000,0.00,
45.555,1,DRIFT,0.300,0.000,-0.000,1.000,0.000,0.000,0.000,0.000,0.0,0.0,0.9235,-0.1485,-3.85,0.0000,0.0000,0.00,-0.0000,0.00,
45.603,1,DRIFT,0.349,0.000,-0.000,1.000,0.000,0.000,0.000,0.000,0.0,0.0,0.9235,-0.1485,-0.91,0.0000,0.0000,0.00,-0.0000,0.00,
45.654,1,DRIFT,0.399,0.000,-0.000,1.000,0.000,0.000,0.000,0.000,0.0,0.0,0.9235,-0.1485,1.96,0.0000,0.0000,0.00,-0.0000,0.00,
45.704,1,DRIFT,0.449,0.000,-0.000,1.000,0.000,0.000,0.000,0.000,0.0,0.0,0.9235,-0.1485,4.85,0.0000,0.0000,0.00,-0.0000,0.00,
45.753,1,DRIFT,0.499,0.000,-0.000,1.000,0.000,0.000,0.000,0.000,0.0,0.0,0.9235,-0.1485,7.68,0.0000,0.0000,0.00,-0.0000,0.00,
45.805,1,DRIFT,0.550,0.000,-0.000,1.000,0.000,0.000,0.000,0.000,0.0,0.0,0.9235,-0.1485,10.50,0.0000,0.0000,0.00,-0.0000,0.00,
45.853,1,DRIFT,0.599,0.000,-0.000,1.000,0.000,0.000,0.000,0.000,0.0,0.0,0.9235,-0.1485,13.41,0.0000,0.0000,0.00,-0.0000,0.00,
45.902,1,DRIFT,0.647,0.000,-0.000,1.000,0.000,0.000,0.000,0.000,0.0,0.0,0.9235,-0.1485,16.20,0.0000,0.0000,0.00,-0.0000,0.00,
45.952,1,DRIFT,0.697,0.000,-0.000,1.000,0.000,0.000,0.000,0.000,0.0,0.0,0.9235,-0.1485,19.06,0.0000,0.0000,0.00,-0.0000,0.00,
46.002,1,DRIFT,0.747,0.000,-0.000,1.000,0.000,0.000,0.000,0.000,0.0,0.0,0.9235,-0.1485,21.94,0.0000,0.0000,0.00,-0.0000,0.00,
46.055,1,DRIFT,0.800,0.000,-0.000,1.000,0.000,0.000,0.000,0.000,0.0,0.0,0.9235,-0.1485,24.79,0.0000,0.0000,0.00,-0.0000,0.00,
46.102,1,DRIFT,0.847,0.000,-0.000,1.000,0.000,0.000,0.000,0.000,0.0,0.0,0.9235,-0.1485,27.65,0.0000,0.0000,0.00,-0.0000,0.00,
46.153,1,DRIFT,0.898,0.000,-0.000,1.000,0.000,0.000,0.000,0.000,0.0,0.0,0.9235,-0.1485,30.58,0.0000,0.0000,0.00,-0.0000,0.00,
46.203,1,DRIFT,0.948,0.000,-0.000,1.000,0.000,0.000,0.000,0.000,0.0,0.0,0.9235,-0.1485,33.46,0.0000,0.0000,0.00,-0.0000,0.00,
46.252,1,DRIFT,0.997,0.000,-0.000,1.000,0.000,0.000,0.000,0.000,0.0,0.0,0.9235,-0.1485,36.26,0.0000,0.0000,0.00,-0.0000,0.00,
46.305,1,DRIFT,1.050,0.000,-0.000,1.000,0.000,0.000,0.000,0.000,0.0,0.0,0.9235,-0.1485,39.12,0.0000,0.0000,0.00,-0.0000,0.00,
46.352,1,DRIFT,1.097,0.000,-0.000,1.000,0.000,0.000,0.000,0.000,0.0,0.0,0.9235,-0.1485,41.98,0.0000,0.0000,0.00,-0.0000,0.00,
46.402,1,DRIFT,1.147,0.000,-0.000,1.000,0.000,0.000,0.000,0.000,0.0,0.0,0.9235,-0.1485,44.85,0.0000,0.0000,0.00,-0.0000,0.00,
46.452,1,DRIFT,1.198,0.000,-0.000,1.000,0.000,0.000,0.000,0.000,0.0,0.0,0.9235,-0.1485,47.73,0.0000,0.0000,0.00,-0.0000,0.00,
46.502,1,DRIFT,1.247,0.000,-0.000,1.000,0.000,0.000,0.000,0.000,0.0,0.0,0.9235,-0.1485,50.58,0.0000,0.0000,0.00,-0.0000,0.00,
46.555,1,DRIFT,1.300,0.000,-0.000,1.000,0.000,0.000,0.000,0.000,0.0,0.0,0.9235,-0.1485,53.44,0.0000,0.0000,0.00,-0.0000,0.00,
46.602,1,DRIFT,1.347,0.000,-0.000,1.000,0.000,0.000,0.000,0.000,0.0,0.0,0.9235,-0.1485,56.31,0.0000,0.0000,0.00,-0.0000,0.00,
46.652,1,DRIFT,1.397,0.000,-0.000,1.000,0.000,0.000,0.000,0.000,0.0,0.0,0.9235,-0.1485,59.17,0.0000,0.0000,0.00,-0.0000,0.00,
46.702,1,DRIFT,1.447,0.000,-0.000,1.000,0.000,0.000,0.000,0.000,0.0,0.0,0.9235,-0.1485,62.04,0.0000,0.0000,0.00,-0.0000,0.00,
46.752,1,DRIFT,1.497,0.000,-0.000,1.000,0.000,0.000,0.000,0.000,0.0,0.0,0.9235,-0.1485,64.90,0.0000,0.0000,0.00,-0.0000,0.00,
46.805,1,DRIFT,1.550,0.000,-0.000,1.000,0.000,0.000,0.000,0.000,0.0,0.0,0.9235,-0.1485,67.77,0.0000,0.0000,0.00,-0.0000,0.00,
46.854,1,DRIFT,1.599,0.000,-0.000,1.000,0.000,0.000,0.000,0.000,0.0,0.0,0.9235,-0.1485,70.75,0.0000,0.0000,0.00,-0.0000,0.00,
46.902,1,DRIFT,1.647,0.000,-0.000,1.000,0.000,0.000,0.000,0.000,0.0,0.0,0.9235,-0.1485,73.50,0.0000,0.0000,0.00,-0.0000,0.00,
46.952,1,DRIFT,1.697,0.000,-0.000,1.000,0.000,0.000,0.000,0.000,0.0,0.0,0.9235,-0.1485,76.36,0.0000,0.0000,0.00,-0.0000,0.00,
47.002,1,DRIFT,1.747,0.000,-0.000,1.000,0.000,0.000,0.000,0.000,0.0,0.0,0.9235,-0.1485,79.23,0.0000,0.0000,0.00,-0.0000,0.00,
47.055,1,DRIFT,1.800,0.000,-0.000,1.000,0.000,0.000,0.000,0.000,0.0,0.0,0.9235,-0.1485,82.09,0.0000,0.0000,0.00,-0.0000,0.00,
47.103,1,DRIFT,1.848,0.000,-0.000,1.000,0.000,0.000,0.000,0.000,0.0,0.0,0.9235,-0.1485,84.98,0.0000,0.0000,0.00,-0.0000,0.00,
47.152,1,DRIFT,1.897,0.000,-0.000,1.000,0.000,0.000,0.000,0.000,0.0,0.0,0.9235,-0.1485,87.82,0.0000,0.0000,0.00,-0.0000,0.00,
47.202,1,DRIFT,1.947,0.000,-0.000,1.000,0.000,0.000,0.000,0.000,0.0,0.0,0.9235,-0.1485,90.69,0.0000,0.0000,0.00,-0.0000,0.00,
47.252,1,DRIFT,1.997,0.000,-0.000,1.000,0.000,0.000,0.000,0.000,0.0,0.0,0.9235,-0.1485,93.55,0.0000,0.0000,0.00,-0.0000,0.00,
47.305,1,DRIFT,2.050,0.000,-0.000,1.000,0.000,0.000,0.000,0.000,0.0,0.0,0.9235,-0.1485,96.42,0.0000,0.0000,0.00,-0.0000,0.00,
47.354,1,DRIFT,2.099,0.000,-0.000,1.000,0.000,0.000,0.000,0.000,0.0,0.0,0.9235,-0.1485,99.37,0.0000,0.0000,0.00,-0.0000,0.00,
47.402,1,DRIFT,2.147,0.000,-0.000,1.000,0.000,0.000,0.000,0.000,0.0,0.0,0.9235,-0.1485,102.15,0.0000,0.0000,0.00,-0.0000,0.00,
47.452,1,DRIFT,2.197,0.000,-0.000,1.000,0.000,0.000,0.000,0.000,0.0,0.0,0.9235,-0.1485,105.01,0.0000,0.0000,0.00,-0.0000,0.00,
47.503,1,DRIFT,2.248,0.000,-0.000,1.000,0.000,0.000,0.000,0.000,0.0,0.0,0.9235,-0.1485,107.91,0.0000,0.0000,0.00,-0.0000,0.00,
47.556,1,DRIFT,2.301,0.000,-0.000,1.000,0.000,0.000,0.000,0.000,0.0,0.0,0.9235,-0.1485,110.80,0.0000,0.0000,0.00,-0.0000,0.00,
47.602,1,DRIFT,2.347,0.000,-0.000,1.000,0.000,0.000,0.000,0.000,0.0,0.0,0.9235,-0.1485,113.60,0.0000,0.0000,0.00,-0.0000,0.00,
47.652,1,DRIFT,2.397,0.000,-0.000,1.000,0.000,0.000,0.000,0.000,0.0,0.0,0.9235,-0.1485,116.47,0.0000,0.0000,0.00,-0.0000,0.00,
47.702,1,DRIFT,2.447,0.000,-0.000,1.000,0.000,0.000,0.000,0.000,0.0,0.0,0.9235,-0.1485,119.33,0.0000,0.0000,0.00,-0.0000,0.00,
47.754,2,DRIFT,2.500,0.000,0.000,0.000,0.000,0.000,0.000,0.000,0.0,0.0,0.9235,-0.1485,122.19,0.0000,0.0000,0.00,-0.0000,0.00,FIN_DRIFT_leg1_TIMEOUT_2.5s_2.50s
47.758,2,STOP_BEFORE_DRIVE,0.001,0.000,0.000,0.000,0.000,0.000,0.000,0.000,0.0,0.0,0.9235,-0.1485,122.19,0.0000,0.0000,0.00,-0.0000,0.00,
47.802,2,STOP_BEFORE_DRIVE,0.045,0.000,0.000,0.000,0.000,0.000,0.000,0.000,0.0,0.0,0.9235,-0.1485,122.19,0.0000,0.0000,0.00,-0.0000,0.00,
47.852,2,STOP_BEFORE_DRIVE,0.095,0.000,0.000,0.000,0.000,0.000,0.000,0.000,0.0,0.0,0.9235,-0.1485,122.19,0.0000,0.0000,0.00,-0.0000,0.00,
47.902,2,STOP_BEFORE_DRIVE,0.145,0.000,0.000,0.000,0.000,0.000,0.000,0.000,0.0,0.0,0.9235,-0.1485,122.19,0.0000,0.0000,0.00,-0.0000,0.00,
47.953,2,STOP_BEFORE_DRIVE,0.196,0.000,0.000,0.000,0.000,0.000,0.000,0.000,0.0,0.0,0.9235,-0.1485,122.19,0.0000,0.0000,0.00,-0.0000,0.00,
48.004,2,STOP_BEFORE_DRIVE,0.247,0.000,0.000,0.000,0.000,0.000,0.000,0.000,0.0,0.0,0.9235,-0.1485,122.19,0.0000,0.0000,0.00,-0.0000,0.00,
48.052,2,STOP_BEFORE_DRIVE,0.295,0.000,0.000,0.000,0.000,0.000,0.000,0.000,0.0,0.0,0.9235,-0.1485,122.19,0.0000,0.0000,0.00,-0.0000,0.00,
48.102,2,STOP_BEFORE_DRIVE,0.345,0.000,0.000,0.000,0.000,0.000,0.000,0.000,0.0,0.0,0.9235,-0.1485,122.19,0.0000,0.0000,0.00,-0.0000,0.00,
48.152,2,STOP_BEFORE_DRIVE,0.395,0.000,0.000,0.000,0.000,0.000,0.000,0.000,0.0,0.0,0.9235,-0.1485,122.19,0.0000,0.0000,0.00,-0.0000,0.00,
48.202,2,STOP_BEFORE_DRIVE,0.445,0.000,0.000,0.000,0.000,0.000,0.000,0.000,0.0,0.0,0.9235,-0.1485,122.19,0.0000,0.0000,0.00,-0.0000,0.00,
48.252,2,STOP_BEFORE_DRIVE,0.495,0.000,0.000,0.000,0.000,0.000,0.000,0.000,0.0,0.0,0.9235,-0.1485,122.19,0.0000,0.0000,0.00,-0.0000,0.00,
48.302,2,STOP_BEFORE_DRIVE,0.545,0.000,0.000,0.000,0.000,0.000,0.000,0.000,0.0,0.0,0.9235,-0.1485,122.19,0.0000,0.0000,0.00,-0.0000,0.00,
48.352,2,STOP_BEFORE_DRIVE,0.595,0.000,0.000,0.000,0.000,0.000,0.000,0.000,0.0,0.0,0.9235,-0.1485,122.19,0.0000,0.0000,0.00,-0.0000,0.00,
48.402,2,STOP_BEFORE_DRIVE,0.645,0.000,0.000,0.000,0.000,0.000,0.000,0.000,0.0,0.0,0.9235,-0.1485,122.19,0.0000,0.0000,0.00,-0.0000,0.00,
48.452,2,STOP_BEFORE_DRIVE,0.695,0.000,0.000,0.000,0.000,0.000,0.000,0.000,0.0,0.0,0.9235,-0.1485,122.19,0.0000,0.0000,0.00,-0.0000,0.00,
48.502,2,STOP_BEFORE_DRIVE,0.745,0.000,0.000,0.000,0.000,0.000,0.000,0.000,0.0,0.0,0.9235,-0.1485,122.19,0.0000,0.0000,0.00,-0.0000,0.00,
48.552,2,STOP_BEFORE_DRIVE,0.795,0.000,0.000,0.000,0.000,0.000,0.000,0.000,0.0,0.0,0.9235,-0.1485,122.19,0.0000,0.0000,0.00,-0.0000,0.00,
48.602,2,STOP_BEFORE_DRIVE,0.845,0.000,0.000,0.000,0.000,0.000,0.000,0.000,0.0,0.0,0.9235,-0.1485,122.19,0.0000,0.0000,0.00,-0.0000,0.00,
48.652,2,STOP_BEFORE_DRIVE,0.895,0.000,0.000,0.000,0.000,0.000,0.000,0.000,0.0,0.0,0.9235,-0.1485,122.19,0.0000,0.0000,0.00,-0.0000,0.00,
48.702,2,STOP_BEFORE_DRIVE,0.945,0.000,0.000,0.000,0.000,0.000,0.000,0.000,0.0,0.0,0.9235,-0.1485,122.19,0.0000,0.0000,0.00,-0.0000,0.00,
48.752,2,STOP_BEFORE_DRIVE,0.995,0.000,0.000,0.000,0.000,0.000,0.000,0.000,0.0,0.0,0.9235,-0.1485,122.19,0.0000,0.0000,0.00,-0.0000,0.00,
48.802,2,DRIVE,0.001,0.000,0.000,0.000,0.000,0.000,0.000,0.000,0.0,0.0,0.9235,-0.1485,122.19,0.0000,0.0000,0.00,-0.0000,0.00,
48.852,2,DRIVE,0.051,0.300,0.000,-0.000,0.000,0.000,0.000,0.000,0.0,0.0,0.9235,-0.1485,122.19,0.0000,0.0000,0.00,-0.0000,0.00,
48.902,2,DRIVE,0.101,0.300,0.000,-0.000,0.000,0.000,0.000,0.000,0.0,0.0,0.9156,-0.1359,122.19,0.0000,0.0000,0.00,0.0000,0.00,
48.952,2,DRIVE,0.151,0.300,0.000,-0.000,0.000,0.000,0.000,0.000,0.0,0.0,0.9075,-0.1232,122.19,0.0000,0.0000,0.00,0.0000,0.00,
49.002,2,DRIVE,0.201,0.300,0.000,-0.000,0.000,0.000,0.000,0.000,0.0,0.0,0.8996,-0.1106,122.19,0.0000,0.0000,0.00,0.0000,0.00,
49.056,2,DRIVE,0.255,0.300,0.000,-0.000,0.000,0.000,0.000,0.000,0.0,0.0,0.8914,-0.0975,122.19,0.0000,0.0000,0.00,-0.0000,0.00,
49.102,2,DRIVE,0.301,0.300,0.000,-0.000,0.000,0.000,0.000,0.000,0.0,0.0,0.8836,-0.0852,122.19,0.0000,0.0000,0.00,-0.0000,0.00,
49.153,2,DRIVE,0.351,0.300,0.000,-0.000,0.000,0.000,0.000,0.000,0.0,0.0,0.8755,-0.0723,122.19,0.0000,0.0000,0.00,-0.0000,0.00,
49.202,2,DRIVE,0.401,0.300,0.000,-0.000,0.000,0.000,0.000,0.000,0.0,0.0,0.8676,-0.0598,122.19,0.0000,0.0000,0.00,-0.0000,0.00,
49.252,2,DRIVE,0.451,0.300,0.000,-0.000,0.000,0.000,0.000,0.000,0.0,0.0,0.8596,-0.0471,122.19,0.0000,0.0000,0.00,-0.0000,0.00,
49.305,2,DRIVE,0.503,0.300,0.000,-0.000,0.000,0.000,0.000,0.000,0.0,0.0,0.8516,-0.0344,122.19,0.0000,0.0000,0.00,-0.0000,0.00,
49.352,2,DRIVE,0.551,0.300,0.000,-0.000,0.000,0.000,0.000,0.000,0.0,0.0,0.8436,-0.0217,122.19,0.0000,0.0000,0.00,-0.0000,0.00,
49.402,2,DRIVE,0.601,0.300,0.000,-0.000,0.000,0.000,0.000,0.000,0.0,0.0,0.8356,-0.0090,122.19,0.0000,0.0000,0.00,-0.0000,0.00,
49.452,2,DRIVE,0.651,0.300,0.000,-0.000,0.000,0.000,0.000,0.000,0.0,0.0,0.8277,0.0037,122.19,0.0000,0.0000,0.00,-0.0000,0.00,
49.502,2,DRIVE,0.701,0.300,0.000,-0.000,0.000,0.000,0.000,0.000,0.0,0.0,0.8197,0.0164,122.19,0.0000,0.0000,0.00,-0.0000,0.00,
49.555,2,DRIVE,0.753,0.300,0.000,-0.000,0.000,0.000,0.000,0.000,0.0,0.0,0.8117,0.0291,122.19,0.0000,0.0000,0.00,-0.0000,0.00,
49.602,2,DRIVE,0.801,0.300,0.000,-0.000,0.000,0.000,0.000,0.000,0.0,0.0,0.8037,0.0418,122.19,0.0000,0.0000,0.00,-0.0000,0.00,
49.652,2,DRIVE,0.851,0.300,0.000,-0.000,0.000,0.000,0.000,0.000,0.0,0.0,0.7956,0.0545,122.19,0.0000,0.0000,0.00,-0.0000,0.00,
49.702,2,DRIVE,0.901,0.300,0.000,-0.000,0.000,0.000,0.000,0.000,0.0,0.0,0.7876,0.0673,122.19,0.0000,0.0000,0.00,-0.0000,0.00,
49.752,2,DRIVE,0.951,0.300,0.000,-0.000,0.000,0.000,0.000,0.000,0.0,0.0,0.7797,0.0799,122.19,0.0000,0.0000,0.00,-0.0000,0.00,
49.805,2,DRIVE,1.004,0.300,0.000,-0.000,0.000,0.000,0.000,0.000,0.0,0.0,0.7717,0.0926,122.19,0.0000,0.0000,0.00,-0.0000,0.00,
49.852,2,DRIVE,1.051,0.300,0.000,-0.000,0.000,0.000,0.000,0.000,0.0,0.0,0.7637,0.1053,122.19,0.0000,0.0000,0.00,-0.0000,0.00,
49.902,2,DRIVE,1.101,0.300,0.000,-0.000,0.000,0.000,0.000,0.000,0.0,0.0,0.7557,0.1180,122.19,0.0000,0.0000,0.00,-0.0000,0.00,
49.952,2,DRIVE,1.151,0.300,0.000,-0.000,0.000,0.000,0.000,0.000,0.0,0.0,0.7477,0.1306,122.19,0.0000,0.0000,0.00,-0.0000,0.00,
50.002,2,DRIVE,1.201,0.300,0.000,-0.000,0.000,0.000,0.000,0.000,0.0,0.0,0.7397,0.1433,122.19,0.0000,0.0000,0.00,-0.0000,0.00,
50.055,2,DRIVE,1.254,0.300,0.000,-0.000,0.000,0.000,0.000,0.000,0.0,0.0,0.7317,0.1561,122.19,0.0000,0.0000,0.00,-0.0000,0.00,
50.102,2,DRIVE,1.301,0.300,0.000,-0.000,0.000,0.000,0.000,0.000,0.0,0.0,0.7237,0.1687,122.19,0.0000,0.0000,0.00,-0.0000,0.00,
50.152,2,DRIVE,1.351,0.300,0.000,-0.000,0.000,0.000,0.000,0.000,0.0,0.0,0.7158,0.1814,122.19,0.0000,0.0000,0.00,-0.0000,0.00,
50.203,2,DRIVE,1.401,0.300,0.000,-0.000,0.000,0.000,0.000,0.000,0.0,0.0,0.7077,0.1943,122.19,0.0000,0.0000,0.00,-0.0000,0.00,
50.253,2,DRIVE,1.451,0.300,0.000,-0.000,0.000,0.000,0.000,0.000,0.0,0.0,0.6997,0.2070,122.19,0.0000,0.0000,0.00,-0.0000,0.00,
50.305,2,DRIVE,1.503,0.300,0.000,-0.000,0.000,0.000,0.000,0.000,0.0,0.0,0.6918,0.2195,122.19,0.0000,0.0000,0.00,-0.0000,0.00,
50.353,2,DRIVE,1.551,0.300,0.000,-0.000,0.000,0.000,0.000,0.000,0.0,0.0,0.6837,0.2323,122.19,0.0000,0.0000,0.00,-0.0000,0.00,
50.403,2,DRIVE,1.601,0.300,0.000,-0.000,0.000,0.000,0.000,0.000,0.0,0.0,0.6757,0.2451,122.19,0.0000,0.0000,0.00,-0.0000,0.00,
50.452,2,DRIVE,1.650,0.300,0.000,-0.000,0.000,0.000,0.000,0.000,0.0,0.0,0.6679,0.2575,122.19,0.0000,0.0000,0.00,-0.0000,0.00,
50.503,2,DRIVE,1.702,0.300,0.000,-0.000,0.000,0.000,0.000,0.000,0.0,0.0,0.6596,0.2706,122.19,0.0000,0.0000,0.00,-0.0000,0.00,
50.555,2,DRIVE,1.753,0.300,0.000,-0.000,0.000,0.000,0.000,0.000,0.0,0.0,0.6518,0.2830,122.19,0.0000,0.0000,0.00,-0.0000,0.00,
50.602,2,DRIVE,1.801,0.300,0.000,-0.000,0.000,0.000,0.000,0.000,0.0,0.0,0.6438,0.2957,122.19,0.0000,0.0000,0.00,-0.0000,0.00,
50.653,2,DRIVE,1.852,0.300,0.000,-0.000,0.000,0.000,0.000,0.000,0.0,0.0,0.6357,0.3087,122.19,0.0000,0.0000,0.00,-0.0000,0.00,
50.703,2,DRIVE,1.902,0.300,0.000,-0.000,0.000,0.000,0.000,0.000,0.0,0.0,0.6277,0.3213,122.19,0.0000,0.0000,0.00,-0.0000,0.00,
50.752,2,DRIVE,1.951,0.300,0.000,-0.000,0.000,0.000,0.000,0.000,0.0,0.0,0.6199,0.3337,122.19,0.0000,0.0000,0.00,-0.0000,0.00,
50.804,2,DRIVE,2.003,0.300,0.000,-0.000,0.000,0.000,0.000,0.000,0.0,0.0,0.6119,0.3464,122.19,0.0000,0.0000,0.00,-0.0000,0.00,
50.852,2,DRIVE,2.051,0.300,0.000,-0.000,0.000,0.000,0.000,0.000,0.0,0.0,0.6039,0.3591,122.19,0.0000,0.0000,0.00,-0.0000,0.00,
50.903,2,DRIVE,2.102,0.300,0.000,-0.000,0.000,0.000,0.000,0.000,0.0,0.0,0.5957,0.3720,122.19,0.0000,0.0000,0.00,-0.0000,0.00,
50.952,2,DRIVE,2.151,0.300,0.000,-0.000,0.000,0.000,0.000,0.000,0.0,0.0,0.5879,0.3845,122.19,0.0000,0.0000,0.00,-0.0000,0.00,
51.002,2,DRIVE,2.200,0.300,0.000,-0.000,0.000,0.000,0.000,0.000,0.0,0.0,0.5799,0.3972,122.19,0.0000,0.0000,0.00,-0.0000,0.00,
51.054,2,DRIVE,2.253,0.300,0.000,-0.000,0.000,0.000,0.000,0.000,0.0,0.0,0.5719,0.4099,122.19,0.0000,0.0000,0.00,-0.0000,0.00,
51.102,2,DRIVE,2.301,0.300,0.000,-0.000,0.000,0.000,0.000,0.000,0.0,0.0,0.5639,0.4226,122.19,0.0000,0.0000,0.00,-0.0000,0.00,
51.152,2,DRIVE,2.351,0.300,0.000,-0.000,0.000,0.000,0.000,0.000,0.0,0.0,0.5559,0.4353,122.19,0.0000,0.0000,0.00,-0.0000,0.00,
51.202,2,DRIVE,2.401,0.300,0.000,-0.000,0.000,0.000,0.000,0.000,0.0,0.0,0.5479,0.4480,122.19,0.0000,0.0000,0.00,-0.0000,0.00,
51.252,2,DRIVE,2.451,0.300,0.000,-0.000,0.000,0.000,0.000,0.000,0.0,0.0,0.5400,0.4607,122.19,0.0000,0.0000,0.00,-0.0000,0.00,
51.305,2,DRIVE,2.503,0.300,0.000,-0.000,0.000,0.000,0.000,0.000,0.0,0.0,0.5320,0.4734,122.19,0.0000,0.0000,0.00,-0.0000,0.00,
51.352,2,DRIVE,2.551,0.300,0.000,-0.000,0.000,0.000,0.000,0.000,0.0,0.0,0.5240,0.4860,122.19,0.0000,0.0000,0.00,-0.0000,0.00,
51.403,2,DRIVE,2.601,0.300,0.000,-0.000,0.000,0.000,0.000,0.000,0.0,0.0,0.5159,0.4989,122.19,0.0000,0.0000,0.00,-0.0000,0.00,
51.452,2,DRIVE,2.650,0.300,0.000,-0.000,0.000,0.000,0.000,0.000,0.0,0.0,0.5080,0.5114,122.19,0.0000,0.0000,0.00,-0.0000,0.00,
51.502,2,DRIVE,2.701,0.300,0.000,-0.000,0.000,0.000,0.000,0.000,0.0,0.0,0.5000,0.5241,122.19,0.0000,0.0000,0.00,-0.0000,0.00,
51.556,2,DRIVE,2.754,0.300,0.000,-0.000,0.000,0.000,0.000,0.000,0.0,0.0,0.4918,0.5372,122.19,0.0000,0.0000,0.00,-0.0000,0.00,
51.602,2,DRIVE,2.801,0.300,0.000,-0.000,0.000,0.000,0.000,0.000,0.0,0.0,0.4840,0.5495,122.19,0.0000,0.0000,0.00,-0.0000,0.00,
51.652,2,DRIVE,2.851,0.300,0.000,-0.000,0.000,0.000,0.000,0.000,0.0,0.0,0.4760,0.5622,122.19,0.0000,0.0000,0.00,-0.0000,0.00,
51.702,2,DRIVE,2.901,0.300,0.000,-0.000,0.000,0.000,0.000,0.000,0.0,0.0,0.4680,0.5749,122.19,0.0000,0.0000,0.00,-0.0000,0.00,
51.753,2,DRIVE,2.952,0.300,0.000,-0.000,0.000,0.000,0.000,0.000,0.0,0.0,0.4599,0.5878,122.19,0.0000,0.0000,0.00,-0.0000,0.00,
51.806,2,DRIVE,3.004,0.300,0.000,-0.000,0.000,0.000,0.000,0.000,0.0,0.0,0.4519,0.6006,122.19,0.0000,0.0000,0.00,-0.0000,0.00,
51.853,2,DRIVE,3.052,0.300,0.000,-0.000,0.000,0.000,0.000,0.000,0.0,0.0,0.4439,0.6132,122.19,0.0000,0.0000,0.00,-0.0000,0.00,
51.902,2,DRIVE,3.101,0.300,0.000,-0.000,0.000,0.000,0.000,0.000,0.0,0.0,0.4361,0.6257,122.19,0.0000,0.0000,0.00,-0.0000,0.00,
51.952,2,DRIVE,3.151,0.300,0.000,-0.000,0.000,0.000,0.000,0.000,0.0,0.0,0.4281,0.6384,122.19,0.0000,0.0000,0.00,-0.0000,0.00,
52.002,2,DRIVE,3.201,0.300,0.000,-0.000,0.000,0.000,0.000,0.000,0.0,0.0,0.4201,0.6511,122.19,0.0000,0.0000,0.00,-0.0000,0.00,
52.055,2,DRIVE,3.253,0.300,0.000,-0.000,0.000,0.000,0.000,0.000,0.0,0.0,0.4120,0.6638,122.19,0.0000,0.0000,0.00,-0.0000,0.00,
52.102,2,DRIVE,3.301,0.300,0.000,-0.000,0.000,0.000,0.000,0.000,0.0,0.0,0.4041,0.6765,122.19,0.0000,0.0000,0.00,-0.0000,0.00,
52.154,2,DRIVE,3.353,0.300,0.000,-0.000,0.000,0.000,0.000,0.000,0.0,0.0,0.3957,0.6897,122.19,0.0000,0.0000,0.00,-0.0000,0.00,
52.204,2,DRIVE,3.403,0.000,0.000,0.000,0.000,0.000,0.000,0.000,0.0,0.0,0.3881,0.7018,122.19,0.0000,0.0000,0.00,-0.0000,0.00,FIN_DRIVE_leg2_KF_1.00m
52.206,2,STOP_BEFORE_SPIN,0.001,0.000,0.000,0.000,0.000,0.000,0.000,0.000,0.0,0.0,0.3881,0.7018,122.19,0.0000,0.0000,0.00,-0.0000,0.00,
52.252,2,STOP_BEFORE_SPIN,0.048,0.000,0.000,0.000,0.000,0.000,0.000,0.000,0.0,0.0,0.3881,0.7018,122.19,0.0000,0.0000,0.00,-0.0000,0.00,
52.302,2,STOP_BEFORE_SPIN,0.097,0.000,0.000,0.000,0.000,0.000,0.000,0.000,0.0,0.0,0.3881,0.7018,122.19,0.0000,0.0000,0.00,-0.0000,0.00,
52.352,2,STOP_BEFORE_SPIN,0.147,0.000,0.000,0.000,0.000,0.000,0.000,0.000,0.0,0.0,0.3881,0.7018,122.19,0.0000,0.0000,0.00,-0.0000,0.00,
52.402,2,STOP_BEFORE_SPIN,0.197,0.000,0.000,0.000,0.000,0.000,0.000,0.000,0.0,0.0,0.3881,0.7018,122.19,0.0000,0.0000,0.00,-0.0000,0.00,
52.453,2,STOP_BEFORE_SPIN,0.248,0.000,0.000,0.000,0.000,0.000,0.000,0.000,0.0,0.0,0.3881,0.7018,122.19,0.0000,0.0000,0.00,-0.0000,0.00,
52.502,2,STOP_BEFORE_SPIN,0.297,0.000,0.000,0.000,0.000,0.000,0.000,0.000,0.0,0.0,0.3881,0.7018,122.19,0.0000,0.0000,0.00,-0.0000,0.00,
52.552,2,STOP_BEFORE_SPIN,0.347,0.000,0.000,0.000,0.000,0.000,0.000,0.000,0.0,0.0,0.3881,0.7018,122.19,0.0000,0.0000,0.00,-0.0000,0.00,
52.602,2,STOP_BEFORE_SPIN,0.398,0.000,0.000,0.000,0.000,0.000,0.000,0.000,0.0,0.0,0.3881,0.7018,122.19,0.0000,0.0000,0.00,-0.0000,0.00,
52.652,2,STOP_BEFORE_SPIN,0.447,0.000,0.000,0.000,0.000,0.000,0.000,0.000,0.0,0.0,0.3881,0.7018,122.19,0.0000,0.0000,0.00,-0.0000,0.00,
52.703,2,STOP_BEFORE_SPIN,0.498,0.000,0.000,0.000,0.000,0.000,0.000,0.000,0.0,0.0,0.3881,0.7018,122.19,0.0000,0.0000,0.00,-0.0000,0.00,
52.752,2,STOP_BEFORE_SPIN,0.548,0.000,0.000,0.000,0.000,0.000,0.000,0.000,0.0,0.0,0.3881,0.7018,122.19,0.0000,0.0000,0.00,-0.0000,0.00,
52.803,2,STOP_BEFORE_SPIN,0.598,0.000,0.000,0.000,0.000,0.000,0.000,0.000,0.0,0.0,0.3881,0.7018,122.19,0.0000,0.0000,0.00,-0.0000,0.00,
52.852,2,STOP_BEFORE_SPIN,0.647,0.000,0.000,0.000,0.000,0.000,0.000,0.000,0.0,0.0,0.3881,0.7018,122.19,0.0000,0.0000,0.00,-0.0000,0.00,
52.902,2,STOP_BEFORE_SPIN,0.697,0.000,0.000,0.000,0.000,0.000,0.000,0.000,0.0,0.0,0.3881,0.7018,122.19,0.0000,0.0000,0.00,-0.0000,0.00,
52.952,2,STOP_BEFORE_SPIN,0.747,0.000,0.000,0.000,0.000,0.000,0.000,0.000,0.0,0.0,0.3881,0.7018,122.19,0.0000,0.0000,0.00,-0.0000,0.00,
53.004,2,STOP_BEFORE_SPIN,0.799,0.000,0.000,0.000,0.000,0.000,0.000,0.000,0.0,0.0,0.3881,0.7018,122.19,0.0000,0.0000,0.00,-0.0000,0.00,
53.053,2,STOP_BEFORE_SPIN,0.848,0.000,0.000,0.000,0.000,0.000,0.000,0.000,0.0,0.0,0.3881,0.7018,122.19,0.0000,0.0000,0.00,-0.0000,0.00,
53.102,2,STOP_BEFORE_SPIN,0.897,0.000,0.000,0.000,0.000,0.000,0.000,0.000,0.0,0.0,0.3881,0.7018,122.19,0.0000,0.0000,0.00,-0.0000,0.00,
53.153,2,STOP_BEFORE_SPIN,0.948,0.000,0.000,0.000,0.000,0.000,0.000,0.000,0.0,0.0,0.3881,0.7018,122.19,0.0000,0.0000,0.00,-0.0000,0.00,
53.204,2,STOP_BEFORE_SPIN,1.000,0.000,0.000,0.000,0.000,0.000,0.000,0.000,0.0,0.0,0.3881,0.7018,122.19,0.0000,0.0000,0.00,-0.0000,0.00,
53.256,2,STOP_BEFORE_SPIN,1.052,0.000,0.000,0.000,0.000,0.000,0.000,0.000,0.0,0.0,0.3881,0.7018,122.19,0.0000,0.0000,0.00,-0.0000,0.00,INICIO_DRIFT_leg2
53.258,2,DRIFT,0.001,0.000,0.000,0.000,0.000,0.000,0.000,0.000,0.0,0.0,0.3881,0.7018,122.19,0.0000,0.0000,0.00,-0.0000,0.00,
53.301,2,DRIFT,0.044,0.000,-0.000,1.000,0.000,0.000,0.000,0.000,0.0,0.0,0.3881,0.7018,122.19,0.0000,0.0000,0.00,-0.0000,0.00,
53.351,2,DRIFT,0.094,0.000,-0.000,1.000,0.000,0.000,0.000,0.000,0.0,0.0,0.3881,0.7018,125.06,0.0000,0.0000,0.00,-0.0000,0.00,
53.401,2,DRIFT,0.144,0.000,-0.000,1.000,0.000,0.000,0.000,0.000,0.0,0.0,0.3881,0.7018,127.93,0.0000,0.0000,0.00,-0.0000,0.00,
53.451,2,DRIFT,0.194,0.000,-0.000,1.000,0.000,0.000,0.000,0.000,0.0,0.0,0.3881,0.7018,130.79,0.0000,0.0000,0.00,-0.0000,0.00,
53.501,2,DRIFT,0.244,0.000,-0.000,1.000,0.000,0.000,0.000,0.000,0.0,0.0,0.3881,0.7018,133.65,0.0000,0.0000,0.00,-0.0000,0.00,
53.553,2,DRIFT,0.296,0.000,-0.000,1.000,0.000,0.000,0.000,0.000,0.0,0.0,0.3881,0.7018,136.52,0.0000,0.0000,0.00,-0.0000,0.00,
53.601,2,DRIFT,0.344,0.000,-0.000,1.000,0.000,0.000,0.000,0.000,0.0,0.0,0.3881,0.7018,139.38,0.0000,0.0000,0.00,-0.0000,0.00,
53.651,2,DRIFT,0.394,0.000,-0.000,1.000,0.000,0.000,0.000,0.000,0.0,0.0,0.3881,0.7018,142.25,0.0000,0.0000,0.00,-0.0000,0.00,
53.702,2,DRIFT,0.445,0.000,-0.000,1.000,0.000,0.000,0.000,0.000,0.0,0.0,0.3881,0.7018,145.13,0.0000,0.0000,0.00,-0.0000,0.00,
53.751,2,DRIFT,0.494,0.000,-0.000,1.000,0.000,0.000,0.000,0.000,0.0,0.0,0.3881,0.7018,147.98,0.0000,0.0000,0.00,-0.0000,0.00,
53.803,2,DRIFT,0.546,0.000,-0.000,1.000,0.000,0.000,0.000,0.000,0.0,0.0,0.3881,0.7018,150.85,0.0000,0.0000,0.00,-0.0000,0.00,
53.851,2,DRIFT,0.594,0.000,-0.000,1.000,0.000,0.000,0.000,0.000,0.0,0.0,0.3881,0.7018,153.71,0.0000,0.0000,0.00,-0.0000,0.00,
53.901,2,DRIFT,0.644,0.000,-0.000,1.000,0.000,0.000,0.000,0.000,0.0,0.0,0.3881,0.7018,156.58,0.0000,0.0000,0.00,-0.0000,0.00,
53.952,2,DRIFT,0.695,0.000,-0.000,1.000,0.000,0.000,0.000,0.000,0.0,0.0,0.3881,0.7018,159.48,0.0000,0.0000,0.00,-0.0000,0.00,
54.002,2,DRIFT,0.745,0.000,-0.000,1.000,0.000,0.000,0.000,0.000,0.0,0.0,0.3881,0.7018,162.33,0.0000,0.0000,0.00,-0.0000,0.00,
54.053,2,DRIFT,0.796,0.000,-0.000,1.000,0.000,0.000,0.000,0.000,0.0,0.0,0.3881,0.7018,165.17,0.0000,0.0000,0.00,-0.0000,0.00,
54.101,2,DRIFT,0.844,0.000,-0.000,1.000,0.000,0.000,0.000,0.000,0.0,0.0,0.3881,0.7018,168.03,0.0000,0.0000,0.00,-0.0000,0.00,
54.151,2,DRIFT,0.894,0.000,-0.000,1.000,0.000,0.000,0.000,0.000,0.0,0.0,0.3881,0.7018,170.90,0.0000,0.0000,0.00,-0.0000,0.00,
54.201,2,DRIFT,0.944,0.000,-0.000,1.000,0.000,0.000,0.000,0.000,0.0,0.0,0.3881,0.7018,173.76,0.0000,0.0000,0.00,-0.0000,0.00,
54.251,2,DRIFT,0.994,0.000,-0.000,1.000,0.000,0.000,0.000,0.000,0.0,0.0,0.3881,0.7018,176.63,0.0000,0.0000,0.00,-0.0000,0.00,
54.303,2,DRIFT,1.046,0.000,-0.000,1.000,0.000,0.000,0.000,0.000,0.0,0.0,0.3881,0.7018,179.49,0.0000,0.0000,0.00,-0.0000,0.00,
54.351,2,DRIFT,1.094,0.000,-0.000,1.000,0.000,0.000,0.000,0.000,0.0,0.0,0.3881,0.7018,-177.64,0.0000,0.0000,0.00,-0.0000,0.00,
54.401,2,DRIFT,1.144,0.000,-0.000,1.000,0.000,0.000,0.000,0.000,0.0,0.0,0.3881,0.7018,-174.78,0.0000,0.0000,0.00,-0.0000,0.00,
54.451,2,DRIFT,1.194,0.000,-0.000,1.000,0.000,0.000,0.000,0.000,0.0,0.0,0.3881,0.7018,-171.92,0.0000,0.0000,0.00,-0.0000,0.00,
54.501,2,DRIFT,1.244,0.000,-0.000,1.000,0.000,0.000,0.000,0.000,0.0,0.0,0.3881,0.7018,-169.05,0.0000,0.0000,0.00,-0.0000,0.00,
54.553,2,DRIFT,1.296,0.000,-0.000,1.000,0.000,0.000,0.000,0.000,0.0,0.0,0.3881,0.7018,-166.17,0.0000,0.0000,0.00,-0.0000,0.00,
54.601,2,DRIFT,1.344,0.000,-0.000,1.000,0.000,0.000,0.000,0.000,0.0,0.0,0.3881,0.7018,-163.32,0.0000,0.0000,0.00,-0.0000,0.00,
54.651,2,DRIFT,1.394,0.000,-0.000,1.000,0.000,0.000,0.000,0.000,0.0,0.0,0.3881,0.7018,-160.45,0.0000,0.0000,0.00,-0.0000,0.00,
54.702,2,DRIFT,1.445,0.000,-0.000,1.000,0.000,0.000,0.000,0.000,0.0,0.0,0.3881,0.7018,-157.57,0.0000,0.0000,0.00,-0.0000,0.00,
54.751,2,DRIFT,1.494,0.000,-0.000,1.000,0.000,0.000,0.000,0.000,0.0,0.0,0.3881,0.7018,-154.73,0.0000,0.0000,0.00,-0.0000,0.00,
54.803,2,DRIFT,1.546,0.000,-0.000,1.000,0.000,0.000,0.000,0.000,0.0,0.0,0.3881,0.7018,-151.86,0.0000,0.0000,0.00,-0.0000,0.00,
54.851,2,DRIFT,1.594,0.000,-0.000,1.000,0.000,0.000,0.000,0.000,0.0,0.0,0.3881,0.7018,-148.99,0.0000,0.0000,0.00,-0.0000,0.00,
54.901,2,DRIFT,1.644,0.000,-0.000,1.000,0.000,0.000,0.000,0.000,0.0,0.0,0.3881,0.7018,-146.13,0.0000,0.0000,0.00,-0.0000,0.00,
54.952,2,DRIFT,1.695,0.000,-0.000,1.000,0.000,0.000,0.000,0.000,0.0,0.0,0.3881,0.7018,-143.23,0.0000,0.0000,0.00,-0.0000,0.00,
55.002,2,DRIFT,1.745,0.000,-0.000,1.000,0.000,0.000,0.000,0.000,0.0,0.0,0.3881,0.7018,-140.35,0.0000,0.0000,0.00,-0.0000,0.00,
55.053,2,DRIFT,1.796,0.000,-0.000,1.000,0.000,0.000,0.000,0.000,0.0,0.0,0.3881,0.7018,-137.52,0.0000,0.0000,0.00,-0.0000,0.00,
55.101,2,DRIFT,1.844,0.000,-0.000,1.000,0.000,0.000,0.000,0.000,0.0,0.0,0.3881,0.7018,-134.67,0.0000,0.0000,0.00,-0.0000,0.00,
55.151,2,DRIFT,1.894,0.000,-0.000,1.000,0.000,0.000,0.000,0.000,0.0,0.0,0.3881,0.7018,-131.81,0.0000,0.0000,0.00,-0.0000,0.00,
55.202,2,DRIFT,1.945,0.000,-0.000,1.000,0.000,0.000,0.000,0.000,0.0,0.0,0.3881,0.7018,-128.89,0.0000,0.0000,0.00,-0.0000,0.00,
55.251,2,DRIFT,1.994,0.000,-0.000,1.000,0.000,0.000,0.000,0.000,0.0,0.0,0.3881,0.7018,-126.08,0.0000,0.0000,0.00,-0.0000,0.00,
55.303,2,DRIFT,2.046,0.000,-0.000,1.000,0.000,0.000,0.000,0.000,0.0,0.0,0.3881,0.7018,-123.21,0.0000,0.0000,0.00,-0.0000,0.00,
55.352,2,DRIFT,2.095,0.000,-0.000,1.000,0.000,0.000,0.000,0.000,0.0,0.0,0.3881,0.7018,-120.34,0.0000,0.0000,0.00,-0.0000,0.00,
55.402,2,DRIFT,2.145,0.000,-0.000,1.000,0.000,0.000,0.000,0.000,0.0,0.0,0.3881,0.7018,-117.46,0.0000,0.0000,0.00,-0.0000,0.00,
55.453,2,DRIFT,2.196,0.000,-0.000,1.000,0.000,0.000,0.000,0.000,0.0,0.0,0.3881,0.7018,-114.52,0.0000,0.0000,0.00,-0.0000,0.00,
55.502,2,DRIFT,2.245,0.000,-0.000,1.000,0.000,0.000,0.000,0.000,0.0,0.0,0.3881,0.7018,-111.73,0.0000,0.0000,0.00,-0.0000,0.00,
55.555,2,DRIFT,2.298,0.000,-0.000,1.000,0.000,0.000,0.000,0.000,0.0,0.0,0.3881,0.7018,-108.86,0.0000,0.0000,0.00,-0.0000,0.00,
55.603,2,DRIFT,2.346,0.000,-0.000,1.000,0.000,0.000,0.000,0.000,0.0,0.0,0.3881,0.7018,-105.97,0.0000,0.0000,0.00,-0.0000,0.00,
55.654,2,DRIFT,2.397,0.000,-0.000,1.000,0.000,0.000,0.000,0.000,0.0,0.0,0.3881,0.7018,-103.02,0.0000,0.0000,0.00,-0.0000,0.00,
55.702,2,DRIFT,2.445,0.000,-0.000,1.000,0.000,0.000,0.000,0.000,0.0,0.0,0.3881,0.7018,-100.27,0.0000,0.0000,0.00,-0.0000,0.00,
55.754,3,DRIFT,2.497,0.000,0.000,0.000,0.000,0.000,0.000,0.000,0.0,0.0,0.3881,0.7018,-97.40,0.0000,0.0000,0.00,-0.0000,0.00,FIN_DRIFT_leg2_TIMEOUT_2.5s_2.49s
55.758,3,STOP_BEFORE_DRIVE,0.001,0.000,0.000,0.000,0.000,0.000,0.000,0.000,0.0,0.0,0.3881,0.7018,-97.40,0.0000,0.0000,0.00,-0.0000,0.00,
55.802,3,STOP_BEFORE_DRIVE,0.045,0.000,0.000,0.000,0.000,0.000,0.000,0.000,0.0,0.0,0.3881,0.7018,-97.40,0.0000,0.0000,0.00,-0.0000,0.00,
55.852,3,STOP_BEFORE_DRIVE,0.095,0.000,0.000,0.000,0.000,0.000,0.000,0.000,0.0,0.0,0.3881,0.7018,-97.40,0.0000,0.0000,0.00,-0.0000,0.00,
55.902,3,STOP_BEFORE_DRIVE,0.145,0.000,0.000,0.000,0.000,0.000,0.000,0.000,0.0,0.0,0.3881,0.7018,-97.40,0.0000,0.0000,0.00,-0.0000,0.00,
55.954,3,STOP_BEFORE_DRIVE,0.197,0.000,0.000,0.000,0.000,0.000,0.000,0.000,0.0,0.0,0.3881,0.7018,-97.40,0.0000,0.0000,0.00,-0.0000,0.00,
56.002,3,STOP_BEFORE_DRIVE,0.245,0.000,0.000,0.000,0.000,0.000,0.000,0.000,0.0,0.0,0.3881,0.7018,-97.40,0.0000,0.0000,0.00,-0.0000,0.00,
56.052,3,STOP_BEFORE_DRIVE,0.295,0.000,0.000,0.000,0.000,0.000,0.000,0.000,0.0,0.0,0.3881,0.7018,-97.40,0.0000,0.0000,0.00,-0.0000,0.00,
56.102,3,STOP_BEFORE_DRIVE,0.345,0.000,0.000,0.000,0.000,0.000,0.000,0.000,0.0,0.0,0.3881,0.7018,-97.40,0.0000,0.0000,0.00,-0.0000,0.00,
56.153,3,STOP_BEFORE_DRIVE,0.396,0.000,0.000,0.000,0.000,0.000,0.000,0.000,0.0,0.0,0.3881,0.7018,-97.40,0.0000,0.0000,0.00,-0.0000,0.00,
56.202,3,STOP_BEFORE_DRIVE,0.445,0.000,0.000,0.000,0.000,0.000,0.000,0.000,0.0,0.0,0.3881,0.7018,-97.40,0.0000,0.0000,0.00,-0.0000,0.00,
56.252,3,STOP_BEFORE_DRIVE,0.495,0.000,0.000,0.000,0.000,0.000,0.000,0.000,0.0,0.0,0.3881,0.7018,-97.40,0.0000,0.0000,0.00,-0.0000,0.00,
56.302,3,STOP_BEFORE_DRIVE,0.545,0.000,0.000,0.000,0.000,0.000,0.000,0.000,0.0,0.0,0.3881,0.7018,-97.40,0.0000,0.0000,0.00,-0.0000,0.00,
56.353,3,STOP_BEFORE_DRIVE,0.596,0.000,0.000,0.000,0.000,0.000,0.000,0.000,0.0,0.0,0.3881,0.7018,-97.40,0.0000,0.0000,0.00,-0.0000,0.00,
56.402,3,STOP_BEFORE_DRIVE,0.645,0.000,0.000,0.000,0.000,0.000,0.000,0.000,0.0,0.0,0.3881,0.7018,-97.40,0.0000,0.0000,0.00,-0.0000,0.00,
56.452,3,STOP_BEFORE_DRIVE,0.695,0.000,0.000,0.000,0.000,0.000,0.000,0.000,0.0,0.0,0.3881,0.7018,-97.40,0.0000,0.0000,0.00,-0.0000,0.00,
56.502,3,STOP_BEFORE_DRIVE,0.745,0.000,0.000,0.000,0.000,0.000,0.000,0.000,0.0,0.0,0.3881,0.7018,-97.40,0.0000,0.0000,0.00,-0.0000,0.00,
56.552,3,STOP_BEFORE_DRIVE,0.795,0.000,0.000,0.000,0.000,0.000,0.000,0.000,0.0,0.0,0.3881,0.7018,-97.40,0.0000,0.0000,0.00,-0.0000,0.00,
56.602,3,STOP_BEFORE_DRIVE,0.845,0.000,0.000,0.000,0.000,0.000,0.000,0.000,0.0,0.0,0.3881,0.7018,-97.40,0.0000,0.0000,0.00,-0.0000,0.00,
56.652,3,STOP_BEFORE_DRIVE,0.895,0.000,0.000,0.000,0.000,0.000,0.000,0.000,0.0,0.0,0.3881,0.7018,-97.40,0.0000,0.0000,0.00,-0.0000,0.00,
56.703,3,STOP_BEFORE_DRIVE,0.946,0.000,0.000,0.000,0.000,0.000,0.000,0.000,0.0,0.0,0.3881,0.7018,-97.40,0.0000,0.0000,0.00,-0.0000,0.00,
56.752,3,STOP_BEFORE_DRIVE,0.995,0.000,0.000,0.000,0.000,0.000,0.000,0.000,0.0,0.0,0.3881,0.7018,-97.40,0.0000,0.0000,0.00,-0.0000,0.00,
56.804,3,DRIVE,0.001,0.000,0.000,0.000,0.000,0.000,0.000,0.000,0.0,0.0,0.3881,0.7018,-97.40,0.0000,0.0000,0.00,0.0000,0.00,
56.852,3,DRIVE,0.049,0.300,0.000,-0.000,0.000,0.000,0.000,0.000,0.0,0.0,0.3881,0.7018,-97.40,0.0000,0.0000,0.00,0.0000,0.00,
56.902,3,DRIVE,0.099,0.300,0.000,-0.000,0.000,0.000,0.000,0.000,0.0,0.0,0.3862,0.6871,-97.40,0.0000,0.0000,0.00,-0.0000,0.00,
56.952,3,DRIVE,0.149,0.300,0.000,-0.000,0.000,0.000,0.000,0.000,0.0,0.0,0.3843,0.6722,-97.40,0.0000,0.0000,0.00,0.0000,0.00,
57.002,3,DRIVE,0.199,0.300,0.000,-0.000,0.000,0.000,0.000,0.000,0.0,0.0,0.3823,0.6573,-97.40,0.0000,0.0000,0.00,0.0000,0.00,
57.055,3,DRIVE,0.252,0.300,0.000,-0.000,0.000,0.000,0.000,0.000,0.0,0.0,0.3804,0.6425,-97.40,0.0000,0.0000,0.00,-0.0000,0.00,
57.102,3,DRIVE,0.299,0.300,0.000,-0.000,0.000,0.000,0.000,0.000,0.0,0.0,0.3785,0.6276,-97.40,0.0000,0.0000,0.00,0.0000,0.00,
57.152,3,DRIVE,0.349,0.300,0.000,-0.000,0.000,0.000,0.000,0.000,0.0,0.0,0.3765,0.6127,-97.40,0.0000,0.0000,0.00,0.0000,0.00,
57.202,3,DRIVE,0.399,0.300,0.000,-0.000,0.000,0.000,0.000,0.000,0.0,0.0,0.3746,0.5978,-97.40,0.0000,0.0000,0.00,0.0000,0.00,
57.252,3,DRIVE,0.449,0.300,0.000,-0.000,0.000,0.000,0.000,0.000,0.0,0.0,0.3727,0.5830,-97.40,0.0000,0.0000,0.00,0.0000,0.00,
57.306,3,DRIVE,0.503,0.300,0.000,-0.000,0.000,0.000,0.000,0.000,0.0,0.0,0.3707,0.5677,-97.40,0.0000,0.0000,0.00,0.0000,0.00,
57.352,3,DRIVE,0.549,0.300,0.000,-0.000,0.000,0.000,0.000,0.000,0.0,0.0,0.3688,0.5532,-97.40,0.0000,0.0000,0.00,0.0000,0.00,
57.402,3,DRIVE,0.599,0.300,0.000,-0.000,0.000,0.000,0.000,0.000,0.0,0.0,0.3669,0.5383,-97.40,0.0000,0.0000,0.00,0.0000,0.00,
57.452,3,DRIVE,0.649,0.300,0.000,-0.000,0.000,0.000,0.000,0.000,0.0,0.0,0.3649,0.5235,-97.40,0.0000,0.0000,0.00,0.0000,0.00,
57.502,3,DRIVE,0.699,0.300,0.000,-0.000,0.000,0.000,0.000,0.000,0.0,0.0,0.3630,0.5086,-97.40,0.0000,0.0000,0.00,0.0000,0.00,
57.555,3,DRIVE,0.751,0.300,0.000,-0.000,0.000,0.000,0.000,0.000,0.0,0.0,0.3611,0.4937,-97.40,0.0000,0.0000,0.00,0.0000,0.00,
57.602,3,DRIVE,0.799,0.300,0.000,-0.000,0.000,0.000,0.000,0.000,0.0,0.0,0.3591,0.4788,-97.40,0.0000,0.0000,0.00,0.0000,0.00,
57.653,3,DRIVE,0.850,0.300,0.000,-0.000,0.000,0.000,0.000,0.000,0.0,0.0,0.3572,0.4637,-97.40,0.0000,0.0000,0.00,0.0000,0.00,
57.702,3,DRIVE,0.899,0.300,0.000,-0.000,0.000,0.000,0.000,0.000,0.0,0.0,0.3553,0.4491,-97.40,0.0000,0.0000,0.00,0.0000,0.00,
57.752,3,DRIVE,0.949,0.300,0.000,-0.000,0.000,0.000,0.000,0.000,0.0,0.0,0.3533,0.4342,-97.40,0.0000,0.0000,0.00,0.0000,0.00,
57.806,3,DRIVE,1.002,0.300,0.000,-0.000,0.000,0.000,0.000,0.000,0.0,0.0,0.3514,0.4190,-97.40,0.0000,0.0000,0.00,-0.0000,0.00,
57.852,3,DRIVE,1.049,0.300,0.000,-0.000,0.000,0.000,0.000,0.000,0.0,0.0,0.3495,0.4045,-97.40,0.0000,0.0000,0.00,0.0000,0.00,
57.902,3,DRIVE,1.099,0.300,0.000,-0.000,0.000,0.000,0.000,0.000,0.0,0.0,0.3475,0.3895,-97.40,0.0000,0.0000,0.00,0.0000,0.00,
57.952,3,DRIVE,1.149,0.300,0.000,-0.000,0.000,0.000,0.000,0.000,0.0,0.0,0.3456,0.3748,-97.40,0.0000,0.0000,0.00,0.0000,0.00,
58.002,3,DRIVE,1.199,0.300,0.000,-0.000,0.000,0.000,0.000,0.000,0.0,0.0,0.3437,0.3598,-97.40,0.0000,0.0000,0.00,0.0000,0.00,
58.055,3,DRIVE,1.252,0.300,0.000,-0.000,0.000,0.000,0.000,0.000,0.0,0.0,0.3417,0.3450,-97.40,0.0000,0.0000,0.00,0.0000,0.00,
58.102,3,DRIVE,1.299,0.300,0.000,-0.000,0.000,0.000,0.000,0.000,0.0,0.0,0.3398,0.3301,-97.40,0.0000,0.0000,0.00,0.0000,0.00,
58.152,3,DRIVE,1.349,0.300,0.000,-0.000,0.000,0.000,0.000,0.000,0.0,0.0,0.3379,0.3152,-97.40,0.0000,0.0000,0.00,0.0000,0.00,
58.202,3,DRIVE,1.399,0.300,0.000,-0.000,0.000,0.000,0.000,0.000,0.0,0.0,0.3359,0.3003,-97.40,0.0000,0.0000,0.00,0.0000,0.00,
58.251,3,DRIVE,1.448,0.300,0.000,-0.000,0.000,0.000,0.000,0.000,0.0,0.0,0.3340,0.2855,-97.40,0.0000,0.0000,0.00,0.0000,0.00,
58.307,3,DRIVE,1.503,0.300,0.000,-0.000,0.000,0.000,0.000,0.000,0.0,0.0,0.3320,0.2700,-97.40,0.0000,0.0000,0.00,0.0000,0.00,
58.352,3,DRIVE,1.549,0.300,0.000,-0.000,0.000,0.000,0.000,0.000,0.0,0.0,0.3301,0.2557,-97.40,0.0000,0.0000,0.00,0.0000,0.00,
58.402,3,DRIVE,1.599,0.300,0.000,-0.000,0.000,0.000,0.000,0.000,0.0,0.0,0.3282,0.2408,-97.40,0.0000,0.0000,0.00,0.0000,0.00,
58.452,3,DRIVE,1.649,0.300,0.000,-0.000,0.000,0.000,0.000,0.000,0.0,0.0,0.3263,0.2260,-97.40,0.0000,0.0000,0.00,0.0000,0.00,
58.502,3,DRIVE,1.699,0.300,0.000,-0.000,0.000,0.000,0.000,0.000,0.0,0.0,0.3243,0.2111,-97.40,0.0000,0.0000,0.00,0.0000,0.00,
58.555,3,DRIVE,1.752,0.300,0.000,-0.000,0.000,0.000,0.000,0.000,0.0,0.0,0.3224,0.1962,-97.40,0.0000,0.0000,0.00,0.0000,0.00,
58.602,3,DRIVE,1.799,0.300,0.000,-0.000,0.000,0.000,0.000,0.000,0.0,0.0,0.3205,0.1813,-97.40,0.0000,0.0000,0.00,0.0000,0.00,
58.652,3,DRIVE,1.849,0.300,0.000,-0.000,0.000,0.000,0.000,0.000,0.0,0.0,0.3185,0.1665,-97.40,0.0000,0.0000,0.00,0.0000,0.00,
58.703,3,DRIVE,1.900,0.300,0.000,-0.000,0.000,0.000,0.000,0.000,0.0,0.0,0.3165,0.1512,-97.40,0.0000,0.0000,0.00,0.0000,0.00,
58.752,3,DRIVE,1.949,0.300,0.000,-0.000,0.000,0.000,0.000,0.000,0.0,0.0,0.3147,0.1367,-97.40,0.0000,0.0000,0.00,0.0000,0.00,
58.805,3,DRIVE,2.001,0.300,0.000,-0.000,0.000,0.000,0.000,0.000,0.0,0.0,0.3127,0.1218,-97.40,0.0000,0.0000,0.00,0.0000,0.00,
58.852,3,DRIVE,2.049,0.300,0.000,-0.000,0.000,0.000,0.000,0.000,0.0,0.0,0.3108,0.1069,-97.40,0.0000,0.0000,0.00,0.0000,0.00,
58.902,3,DRIVE,2.099,0.300,0.000,-0.000,0.000,0.000,0.000,0.000,0.0,0.0,0.3089,0.0921,-97.40,0.0000,0.0000,0.00,0.0000,0.00,
58.952,3,DRIVE,2.149,0.300,0.000,-0.000,0.000,0.000,0.000,0.000,0.0,0.0,0.3069,0.0772,-97.40,0.0000,0.0000,0.00,0.0000,0.00,
59.002,3,DRIVE,2.199,0.300,0.000,-0.000,0.000,0.000,0.000,0.000,0.0,0.0,0.3050,0.0623,-97.40,0.0000,0.0000,0.00,0.0000,0.00,
59.056,3,DRIVE,2.252,0.300,0.000,-0.000,0.000,0.000,0.000,0.000,0.0,0.0,0.3030,0.0472,-97.40,0.0000,0.0000,0.00,0.0000,0.00,
59.102,3,DRIVE,2.299,0.300,0.000,-0.000,0.000,0.000,0.000,0.000,0.0,0.0,0.3011,0.0326,-97.40,0.0000,0.0000,0.00,0.0000,0.00,
59.154,3,DRIVE,2.350,0.300,0.000,-0.000,0.000,0.000,0.000,0.000,0.0,0.0,0.2991,0.0172,-97.40,0.0000,0.0000,0.00,0.0000,0.00,
59.203,3,DRIVE,2.400,0.300,0.000,-0.000,0.000,0.000,0.000,0.000,0.0,0.0,0.2972,0.0026,-97.40,0.0000,0.0000,0.00,0.0000,0.00,
59.252,3,DRIVE,2.449,0.300,0.000,-0.000,0.000,0.000,0.000,0.000,0.0,0.0,0.2953,-0.0122,-97.40,0.0000,0.0000,0.00,0.0000,0.00,
59.305,3,DRIVE,2.502,0.300,0.000,-0.000,0.000,0.000,0.000,0.000,0.0,0.0,0.2934,-0.0269,-97.40,0.0000,0.0000,0.00,0.0000,0.00,
59.352,3,DRIVE,2.549,0.300,0.000,-0.000,0.000,0.000,0.000,0.000,0.0,0.0,0.2915,-0.0418,-97.40,0.0000,0.0000,0.00,0.0000,0.00,
59.402,3,DRIVE,2.599,0.300,0.000,-0.000,0.000,0.000,0.000,0.000,0.0,0.0,0.2895,-0.0567,-97.40,0.0000,0.0000,0.00,0.0000,0.00,
59.452,3,DRIVE,2.649,0.300,0.000,-0.000,0.000,0.000,0.000,0.000,0.0,0.0,0.2876,-0.0715,-97.40,0.0000,0.0000,0.00,0.0000,0.00,
59.502,3,DRIVE,2.699,0.300,0.000,-0.000,0.000,0.000,0.000,0.000,0.0,0.0,0.2857,-0.0864,-97.40,0.0000,0.0000,0.00,0.0000,0.00,
59.556,3,DRIVE,2.753,0.300,0.000,-0.000,0.000,0.000,0.000,0.000,0.0,0.0,0.2837,-0.1018,-97.40,0.0000,0.0000,0.00,0.0000,0.00,
59.602,3,DRIVE,2.799,0.300,0.000,-0.000,0.000,0.000,0.000,0.000,0.0,0.0,0.2818,-0.1162,-97.40,0.0000,0.0000,0.00,0.0000,0.00,
59.652,3,DRIVE,2.849,0.300,0.000,-0.000,0.000,0.000,0.000,0.000,0.0,0.0,0.2799,-0.1310,-97.40,0.0000,0.0000,0.00,0.0000,0.00,
59.702,3,DRIVE,2.899,0.300,0.000,-0.000,0.000,0.000,0.000,0.000,0.0,0.0,0.2779,-0.1459,-97.40,0.0000,0.0000,0.00,0.0000,0.00,
59.752,3,DRIVE,2.949,0.300,0.000,-0.000,0.000,0.000,0.000,0.000,0.0,0.0,0.2760,-0.1608,-97.40,0.0000,0.0000,0.00,0.0000,0.00,
59.805,3,DRIVE,3.001,0.300,0.000,-0.000,0.000,0.000,0.000,0.000,0.0,0.0,0.2741,-0.1757,-97.40,0.0000,0.0000,0.00,0.0000,0.00,
59.852,3,DRIVE,3.049,0.300,0.000,-0.000,0.000,0.000,0.000,0.000,0.0,0.0,0.2721,-0.1905,-97.40,0.0000,0.0000,0.00,0.0000,0.00,
59.902,3,DRIVE,3.099,0.300,0.000,-0.000,0.000,0.000,0.000,0.000,0.0,0.0,0.2702,-0.2055,-97.40,0.0000,0.0000,0.00,0.0000,0.00,
59.952,3,DRIVE,3.149,0.300,0.000,-0.000,0.000,0.000,0.000,0.000,0.0,0.0,0.2683,-0.2203,-97.40,0.0000,0.0000,0.00,0.0000,0.00,
60.002,3,DRIVE,3.199,0.300,0.000,-0.000,0.000,0.000,0.000,0.000,0.0,0.0,0.2663,-0.2352,-97.40,0.0000,0.0000,0.00,0.0000,0.00,
60.055,3,DRIVE,3.251,0.300,0.000,-0.000,0.000,0.000,0.000,0.000,0.0,0.0,0.2644,-0.2500,-97.40,0.0000,0.0000,0.00,0.0000,0.00,
60.102,3,DRIVE,3.299,0.300,0.000,-0.000,0.000,0.000,0.000,0.000,0.0,0.0,0.2625,-0.2649,-97.40,0.0000,0.0000,0.00,0.0000,0.00,
60.152,3,DRIVE,3.349,0.300,0.000,-0.000,0.000,0.000,0.000,0.000,0.0,0.0,0.2605,-0.2798,-97.40,0.0000,0.0000,0.00,0.0000,0.00,
60.205,3,DRIVE,3.402,0.000,0.000,0.000,0.000,0.000,0.000,0.000,0.0,0.0,0.2586,-0.2948,-97.40,0.0000,0.0000,0.00,0.0000,0.00,FIN_DRIVE_leg3_KF_1.01m
60.206,3,STOP_BEFORE_SPIN,0.001,0.000,0.000,0.000,0.000,0.000,0.000,0.000,0.0,0.0,0.2586,-0.2948,-97.40,0.0000,0.0000,0.00,0.0000,0.00,
60.252,3,STOP_BEFORE_SPIN,0.046,0.000,0.000,0.000,0.000,0.000,0.000,0.000,0.0,0.0,0.2586,-0.2948,-97.40,0.0000,0.0000,0.00,0.0000,0.00,
60.302,3,STOP_BEFORE_SPIN,0.097,0.000,0.000,0.000,0.000,0.000,0.000,0.000,0.0,0.0,0.2586,-0.2948,-97.40,0.0000,0.0000,0.00,0.0000,0.00,
60.353,3,STOP_BEFORE_SPIN,0.148,0.000,0.000,0.000,0.000,0.000,0.000,0.000,0.0,0.0,0.2586,-0.2948,-97.40,0.0000,0.0000,0.00,0.0000,0.00,
60.402,3,STOP_BEFORE_SPIN,0.197,0.000,0.000,0.000,0.000,0.000,0.000,0.000,0.0,0.0,0.2586,-0.2948,-97.40,0.0000,0.0000,0.00,0.0000,0.00,
60.452,3,STOP_BEFORE_SPIN,0.247,0.000,0.000,0.000,0.000,0.000,0.000,0.000,0.0,0.0,0.2586,-0.2948,-97.40,0.0000,0.0000,0.00,0.0000,0.00,
60.502,3,STOP_BEFORE_SPIN,0.297,0.000,0.000,0.000,0.000,0.000,0.000,0.000,0.0,0.0,0.2586,-0.2948,-97.40,0.0000,0.0000,0.00,0.0000,0.00,
60.552,3,STOP_BEFORE_SPIN,0.347,0.000,0.000,0.000,0.000,0.000,0.000,0.000,0.0,0.0,0.2586,-0.2948,-97.40,0.0000,0.0000,0.00,0.0000,0.00,
60.602,3,STOP_BEFORE_SPIN,0.397,0.000,0.000,0.000,0.000,0.000,0.000,0.000,0.0,0.0,0.2586,-0.2948,-97.40,0.0000,0.0000,0.00,0.0000,0.00,
60.652,3,STOP_BEFORE_SPIN,0.447,0.000,0.000,0.000,0.000,0.000,0.000,0.000,0.0,0.0,0.2586,-0.2948,-97.40,0.0000,0.0000,0.00,0.0000,0.00,
60.702,3,STOP_BEFORE_SPIN,0.497,0.000,0.000,0.000,0.000,0.000,0.000,0.000,0.0,0.0,0.2586,-0.2948,-97.40,0.0000,0.0000,0.00,0.0000,0.00,
60.752,3,STOP_BEFORE_SPIN,0.547,0.000,0.000,0.000,0.000,0.000,0.000,0.000,0.0,0.0,0.2586,-0.2948,-97.40,0.0000,0.0000,0.00,0.0000,0.00,
60.802,3,STOP_BEFORE_SPIN,0.597,0.000,0.000,0.000,0.000,0.000,0.000,0.000,0.0,0.0,0.2586,-0.2948,-97.40,0.0000,0.0000,0.00,0.0000,0.00,
60.853,3,STOP_BEFORE_SPIN,0.648,0.000,0.000,0.000,0.000,0.000,0.000,0.000,0.0,0.0,0.2586,-0.2948,-97.40,0.0000,0.0000,0.00,0.0000,0.00,
60.903,3,STOP_BEFORE_SPIN,0.698,0.000,0.000,0.000,0.000,0.000,0.000,0.000,0.0,0.0,0.2586,-0.2948,-97.40,0.0000,0.0000,0.00,0.0000,0.00,
60.952,3,STOP_BEFORE_SPIN,0.747,0.000,0.000,0.000,0.000,0.000,0.000,0.000,0.0,0.0,0.2586,-0.2948,-97.40,0.0000,0.0000,0.00,0.0000,0.00,
61.002,3,STOP_BEFORE_SPIN,0.797,0.000,0.000,0.000,0.000,0.000,0.000,0.000,0.0,0.0,0.2586,-0.2948,-97.40,0.0000,0.0000,0.00,0.0000,0.00,
61.052,3,STOP_BEFORE_SPIN,0.847,0.000,0.000,0.000,0.000,0.000,0.000,0.000,0.0,0.0,0.2586,-0.2948,-97.40,0.0000,0.0000,0.00,0.0000,0.00,
61.102,3,STOP_BEFORE_SPIN,0.897,0.000,0.000,0.000,0.000,0.000,0.000,0.000,0.0,0.0,0.2586,-0.2948,-97.40,0.0000,0.0000,0.00,0.0000,0.00,
61.152,3,STOP_BEFORE_SPIN,0.947,0.000,0.000,0.000,0.000,0.000,0.000,0.000,0.0,0.0,0.2586,-0.2948,-97.40,0.0000,0.0000,0.00,0.0000,0.00,
61.202,3,STOP_BEFORE_SPIN,0.997,0.000,0.000,0.000,0.000,0.000,0.000,0.000,0.0,0.0,0.2586,-0.2948,-97.40,0.0000,0.0000,0.00,0.0000,0.00,
61.254,3,STOP_BEFORE_SPIN,1.049,0.000,0.000,0.000,0.000,0.000,0.000,0.000,0.0,0.0,0.2586,-0.2948,-97.40,0.0000,0.0000,0.00,0.0000,0.00,INICIO_DRIFT_leg3
61.256,3,DRIFT,0.001,0.000,0.000,0.000,0.000,0.000,0.000,0.000,0.0,0.0,0.2586,-0.2948,-97.40,0.0000,0.0000,0.00,0.0000,0.00,
61.302,3,DRIFT,0.047,0.000,-0.000,1.000,0.000,0.000,0.000,0.000,0.0,0.0,0.2586,-0.2948,-97.40,0.0000,0.0000,0.00,0.0000,0.00,
61.352,3,DRIFT,0.097,0.000,-0.000,1.000,0.000,0.000,0.000,0.000,0.0,0.0,0.2586,-0.2948,-94.55,0.0000,0.0000,0.00,0.0000,0.00,
61.402,3,DRIFT,0.148,0.000,-0.000,1.000,0.000,0.000,0.000,0.000,0.0,0.0,0.2586,-0.2948,-91.66,0.0000,0.0000,0.00,0.0000,0.00,
61.453,3,DRIFT,0.199,0.000,-0.000,1.000,0.000,0.000,0.000,0.000,0.0,0.0,0.2586,-0.2948,-88.73,0.0000,0.0000,0.00,0.0000,0.00,
61.504,3,DRIFT,0.250,0.000,-0.000,1.000,0.000,0.000,0.000,0.000,0.0,0.0,0.2586,-0.2948,-85.81,0.0000,0.0000,0.00,0.0000,0.00,
61.555,3,DRIFT,0.301,0.000,-0.000,1.000,0.000,0.000,0.000,0.000,0.0,0.0,0.2586,-0.2948,-83.04,0.0000,0.0000,0.00,0.0000,0.00,
61.602,3,DRIFT,0.347,0.000,-0.000,1.000,0.000,0.000,0.000,0.000,0.0,0.0,0.2586,-0.2948,-80.22,0.0000,0.0000,0.00,0.0000,0.00,
61.652,3,DRIFT,0.397,0.000,-0.000,1.000,0.000,0.000,0.000,0.000,0.0,0.0,0.2586,-0.2948,-77.35,0.0000,0.0000,0.00,0.0000,0.00,
61.703,3,DRIFT,0.449,0.000,-0.000,1.000,0.000,0.000,0.000,0.000,0.0,0.0,0.2586,-0.2948,-74.40,0.0000,0.0000,0.00,0.0000,0.00,
61.752,3,DRIFT,0.497,0.000,-0.000,1.000,0.000,0.000,0.000,0.000,0.0,0.0,0.2586,-0.2948,-71.62,0.0000,0.0000,0.00,0.0000,0.00,
61.806,3,DRIFT,0.552,0.000,-0.000,1.000,0.000,0.000,0.000,0.000,0.0,0.0,0.2586,-0.2948,-68.66,0.0000,0.0000,0.00,0.0000,0.00,
61.852,3,DRIFT,0.597,0.000,-0.000,1.000,0.000,0.000,0.000,0.000,0.0,0.0,0.2586,-0.2948,-65.89,0.0000,0.0000,0.00,0.0000,0.00,
61.902,3,DRIFT,0.647,0.000,-0.000,1.000,0.000,0.000,0.000,0.000,0.0,0.0,0.2586,-0.2948,-63.03,0.0000,0.0000,0.00,0.0000,0.00,
61.952,3,DRIFT,0.697,0.000,-0.000,1.000,0.000,0.000,0.000,0.000,0.0,0.0,0.2586,-0.2948,-60.16,0.0000,0.0000,0.00,0.0000,0.00,
62.002,3,DRIFT,0.747,0.000,-0.000,1.000,0.000,0.000,0.000,0.000,0.0,0.0,0.2586,-0.2948,-57.30,0.0000,0.0000,0.00,0.0000,0.00,
62.055,3,DRIFT,0.800,0.000,-0.000,1.000,0.000,0.000,0.000,0.000,0.0,0.0,0.2586,-0.2948,-54.44,0.0000,0.0000,0.00,0.0000,0.00,
62.102,3,DRIFT,0.847,0.000,-0.000,1.000,0.000,0.000,0.000,0.000,0.0,0.0,0.2586,-0.2948,-51.57,0.0000,0.0000,0.00,0.0000,0.00,
62.152,3,DRIFT,0.897,0.000,-0.000,1.000,0.000,0.000,0.000,0.000,0.0,0.0,0.2586,-0.2948,-48.71,0.0000,0.0000,0.00,0.0000,0.00,
62.202,3,DRIFT,0.947,0.000,-0.000,1.000,0.000,0.000,0.000,0.000,0.0,0.0,0.2586,-0.2948,-45.84,0.0000,0.0000,0.00,0.0000,0.00,
62.254,3,DRIFT,0.999,0.000,-0.000,1.000,0.000,0.000,0.000,0.000,0.0,0.0,0.2586,-0.2948,-42.85,0.0000,0.0000,0.00,0.0000,0.00,
62.305,3,DRIFT,1.050,0.000,-0.000,1.000,0.000,0.000,0.000,0.000,0.0,0.0,0.2586,-0.2948,-40.11,0.0000,0.0000,0.00,0.0000,0.00,
62.353,3,DRIFT,1.098,0.000,-0.000,1.000,0.000,0.000,0.000,0.000,0.0,0.0,0.2586,-0.2948,-37.20,0.0000,0.0000,0.00,0.0000,0.00,
62.404,3,DRIFT,1.149,0.000,-0.000,1.000,0.000,0.000,0.000,0.000,0.0,0.0,0.2586,-0.2948,-34.27,0.0000,0.0000,0.00,0.0000,0.00,
62.452,3,DRIFT,1.197,0.000,-0.000,1.000,0.000,0.000,0.000,0.000,0.0,0.0,0.2586,-0.2948,-31.52,0.0000,0.0000,0.00,0.0000,0.00,
62.504,3,DRIFT,1.249,0.000,-0.000,1.000,0.000,0.000,0.000,0.000,0.0,0.0,0.2586,-0.2948,-28.53,0.0000,0.0000,0.00,0.0000,0.00,
62.555,3,DRIFT,1.300,0.000,-0.000,1.000,0.000,0.000,0.000,0.000,0.0,0.0,0.2586,-0.2948,-25.79,0.0000,0.0000,0.00,0.0000,0.00,
62.602,3,DRIFT,1.347,0.000,-0.000,1.000,0.000,0.000,0.000,0.000,0.0,0.0,0.2586,-0.2948,-22.92,0.0000,0.0000,0.00,0.0000,0.00,
62.652,3,DRIFT,1.397,0.000,-0.000,1.000,0.000,0.000,0.000,0.000,0.0,0.0,0.2586,-0.2948,-20.06,0.0000,0.0000,0.00,0.0000,0.00,
62.702,3,DRIFT,1.447,0.000,-0.000,1.000,0.000,0.000,0.000,0.000,0.0,0.0,0.2586,-0.2948,-17.19,0.0000,0.0000,0.00,0.0000,0.00,
62.752,3,DRIFT,1.497,0.000,-0.000,1.000,0.000,0.000,0.000,0.000,0.0,0.0,0.2586,-0.2948,-14.33,0.0000,0.0000,0.00,0.0000,0.00,
62.805,3,DRIFT,1.550,0.000,-0.000,1.000,0.000,0.000,0.000,0.000,0.0,0.0,0.2586,-0.2948,-11.46,0.0000,0.0000,0.00,0.0000,0.00,
62.852,3,DRIFT,1.597,0.000,-0.000,1.000,0.000,0.000,0.000,0.000,0.0,0.0,0.2586,-0.2948,-8.60,0.0000,0.0000,0.00,0.0000,0.00,
62.902,3,DRIFT,1.647,0.000,-0.000,1.000,0.000,0.000,0.000,0.000,0.0,0.0,0.2586,-0.2948,-5.73,0.0000,0.0000,0.00,0.0000,0.00,
62.952,3,DRIFT,1.697,0.000,-0.000,1.000,0.000,0.000,0.000,0.000,0.0,0.0,0.2586,-0.2948,-2.87,0.0000,0.0000,0.00,0.0000,0.00,
63.002,3,DRIFT,1.747,0.000,-0.000,1.000,0.000,0.000,0.000,0.000,0.0,0.0,0.2586,-0.2948,-0.00,0.0000,0.0000,0.00,0.0000,0.00,
63.055,3,DRIFT,1.800,0.000,-0.000,1.000,0.000,0.000,0.000,0.000,0.0,0.0,0.2586,-0.2948,2.86,0.0000,0.0000,0.00,0.0000,0.00,
63.102,3,DRIFT,1.847,0.000,-0.000,1.000,0.000,0.000,0.000,0.000,0.0,0.0,0.2586,-0.2948,5.73,0.0000,0.0000,0.00,0.0000,0.00,
63.152,3,DRIFT,1.897,0.000,-0.000,1.000,0.000,0.000,0.000,0.000,0.0,0.0,0.2586,-0.2948,8.59,0.0000,0.0000,0.00,0.0000,0.00,
63.202,3,DRIFT,1.947,0.000,-0.000,1.000,0.000,0.000,0.000,0.000,0.0,0.0,0.2586,-0.2948,11.46,0.0000,0.0000,0.00,0.0000,0.00,
63.252,3,DRIFT,1.997,0.000,-0.000,1.000,0.000,0.000,0.000,0.000,0.0,0.0,0.2586,-0.2948,14.34,0.0000,0.0000,0.00,0.0000,0.00,
63.305,3,DRIFT,2.050,0.000,-0.000,1.000,0.000,0.000,0.000,0.000,0.0,0.0,0.2586,-0.2948,17.20,0.0000,0.0000,0.00,0.0000,0.00,
63.352,3,DRIFT,2.097,0.000,-0.000,1.000,0.000,0.000,0.000,0.000,0.0,0.0,0.2586,-0.2948,20.05,0.0000,0.0000,0.00,0.0000,0.00,
63.404,3,DRIFT,2.149,0.000,-0.000,1.000,0.000,0.000,0.000,0.000,0.0,0.0,0.2586,-0.2948,23.04,0.0000,0.0000,0.00,0.0000,0.00,
63.454,3,DRIFT,2.199,0.000,-0.000,1.000,0.000,0.000,0.000,0.000,0.0,0.0,0.2586,-0.2948,25.90,0.0000,0.0000,0.00,0.0000,0.00,
63.502,3,DRIFT,2.247,0.000,-0.000,1.000,0.000,0.000,0.000,0.000,0.0,0.0,0.2586,-0.2948,28.65,0.0000,0.0000,0.00,0.0000,0.00,
63.555,3,DRIFT,2.300,0.000,-0.000,1.000,0.000,0.000,0.000,0.000,0.0,0.0,0.2586,-0.2948,31.51,0.0000,0.0000,0.00,0.0000,0.00,
63.602,3,DRIFT,2.347,0.000,-0.000,1.000,0.000,0.000,0.000,0.000,0.0,0.0,0.2586,-0.2948,34.37,0.0000,0.0000,0.00,0.0000,0.00,
63.652,3,DRIFT,2.397,0.000,-0.000,1.000,0.000,0.000,0.000,0.000,0.0,0.0,0.2586,-0.2948,37.26,0.0000,0.0000,0.00,0.0000,0.00,
63.704,3,DRIFT,2.449,0.000,-0.000,1.000,0.000,0.000,0.000,0.000,0.0,0.0,0.2586,-0.2948,40.21,0.0000,0.0000,0.00,0.0000,0.00,
63.755,4,DRIFT,2.500,0.000,0.000,0.000,0.000,0.000,0.000,0.000,0.0,0.0,0.2586,-0.2948,43.02,0.0000,0.0000,0.00,0.0000,0.00,FIN_DRIFT_leg3_TIMEOUT_2.5s_2.50s
63.759,0,STOP_BEFORE_DRIVE,0.001,0.000,0.000,0.000,0.000,0.000,0.000,0.000,0.0,0.0,0.2586,-0.2948,43.02,0.0000,0.0000,0.00,0.0000,0.00,
63.802,0,STOP_BEFORE_DRIVE,0.044,0.000,0.000,0.000,0.000,0.000,0.000,0.000,0.0,0.0,0.2586,-0.2948,43.02,0.0000,0.0000,0.00,0.0000,0.00,
63.852,0,STOP_BEFORE_DRIVE,0.094,0.000,0.000,0.000,0.000,0.000,0.000,0.000,0.0,0.0,0.2586,-0.2948,43.02,0.0000,0.0000,0.00,0.0000,0.00,
63.902,0,STOP_BEFORE_DRIVE,0.144,0.000,0.000,0.000,0.000,0.000,0.000,0.000,0.0,0.0,0.2586,-0.2948,43.02,0.0000,0.0000,0.00,0.0000,0.00,
63.952,0,STOP_BEFORE_DRIVE,0.194,0.000,0.000,0.000,0.000,0.000,0.000,0.000,0.0,0.0,0.2586,-0.2948,43.02,0.0000,0.0000,0.00,0.0000,0.00,
64.003,0,STOP_BEFORE_DRIVE,0.245,0.000,0.000,0.000,0.000,0.000,0.000,0.000,0.0,0.0,0.2586,-0.2948,43.02,0.0000,0.0000,0.00,0.0000,0.00,
64.052,0,STOP_BEFORE_DRIVE,0.294,0.000,0.000,0.000,0.000,0.000,0.000,0.000,0.0,0.0,0.2586,-0.2948,43.02,0.0000,0.0000,0.00,0.0000,0.00,
64.103,0,STOP_BEFORE_DRIVE,0.345,0.000,0.000,0.000,0.000,0.000,0.000,0.000,0.0,0.0,0.2586,-0.2948,43.02,0.0000,0.0000,0.00,0.0000,0.00,
64.152,0,STOP_BEFORE_DRIVE,0.394,0.000,0.000,0.000,0.000,0.000,0.000,0.000,0.0,0.0,0.2586,-0.2948,43.02,0.0000,0.0000,0.00,0.0000,0.00,
64.202,0,STOP_BEFORE_DRIVE,0.444,0.000,0.000,0.000,0.000,0.000,0.000,0.000,0.0,0.0,0.2586,-0.2948,43.02,0.0000,0.0000,0.00,0.0000,0.00,
64.252,0,STOP_BEFORE_DRIVE,0.494,0.000,0.000,0.000,0.000,0.000,0.000,0.000,0.0,0.0,0.2586,-0.2948,43.02,0.0000,0.0000,0.00,0.0000,0.00,
64.303,0,STOP_BEFORE_DRIVE,0.545,0.000,0.000,0.000,0.000,0.000,0.000,0.000,0.0,0.0,0.2586,-0.2948,43.02,0.0000,0.0000,0.00,0.0000,0.00,
64.353,0,STOP_BEFORE_DRIVE,0.595,0.000,0.000,0.000,0.000,0.000,0.000,0.000,0.0,0.0,0.2586,-0.2948,43.02,0.0000,0.0000,0.00,0.0000,0.00,
64.402,0,STOP_BEFORE_DRIVE,0.644,0.000,0.000,0.000,0.000,0.000,0.000,0.000,0.0,0.0,0.2586,-0.2948,43.02,0.0000,0.0000,0.00,0.0000,0.00,
64.452,0,STOP_BEFORE_DRIVE,0.694,0.000,0.000,0.000,0.000,0.000,0.000,0.000,0.0,0.0,0.2586,-0.2948,43.02,0.0000,0.0000,0.00,0.0000,0.00,
64.502,0,STOP_BEFORE_DRIVE,0.744,0.000,0.000,0.000,0.000,0.000,0.000,0.000,0.0,0.0,0.2586,-0.2948,43.02,0.0000,0.0000,0.00,0.0000,0.00,
64.552,0,STOP_BEFORE_DRIVE,0.794,0.000,0.000,0.000,0.000,0.000,0.000,0.000,0.0,0.0,0.2586,-0.2948,43.02,0.0000,0.0000,0.00,0.0000,0.00,
64.602,0,STOP_BEFORE_DRIVE,0.844,0.000,0.000,0.000,0.000,0.000,0.000,0.000,0.0,0.0,0.2586,-0.2948,43.02,0.0000,0.0000,0.00,0.0000,0.00,
64.652,0,STOP_BEFORE_DRIVE,0.894,0.000,0.000,0.000,0.000,0.000,0.000,0.000,0.0,0.0,0.2586,-0.2948,43.02,0.0000,0.0000,0.00,0.0000,0.00,
64.702,0,STOP_BEFORE_DRIVE,0.944,0.000,0.000,0.000,0.000,0.000,0.000,0.000,0.0,0.0,0.2586,-0.2948,43.02,0.0000,0.0000,0.00,0.0000,0.00,
64.752,0,STOP_BEFORE_DRIVE,0.994,0.000,0.000,0.000,0.000,0.000,0.000,0.000,0.0,0.0,0.2586,-0.2948,43.02,0.0000,0.0000,0.00,0.0000,0.00,
64.802,0,DRIVE,0.001,0.000,0.000,0.000,0.000,0.000,0.000,0.000,0.0,0.0,0.2586,-0.2948,43.02,0.0000,0.0000,0.00,0.0000,0.00,
64.852,0,DRIVE,0.050,0.300,0.000,-0.000,0.000,0.000,0.000,0.000,0.0,0.0,0.2586,-0.2948,43.02,0.0000,0.0000,0.00,0.0000,0.00,
64.902,0,DRIVE,0.101,0.300,0.000,-0.000,0.000,0.000,0.000,0.000,0.0,0.0,0.2697,-0.2845,43.02,0.0000,0.0000,0.00,0.0000,0.00,
64.952,0,DRIVE,0.151,0.300,0.000,-0.000,0.000,0.000,0.000,0.000,0.0,0.0,0.2805,-0.2743,43.02,0.0000,0.0000,0.00,0.0000,0.00,
65.002,0,DRIVE,0.201,0.300,0.000,-0.000,0.000,0.000,0.000,0.000,0.0,0.0,0.2916,-0.2640,43.02,0.0000,0.0000,0.00,-0.0000,0.00,
65.055,0,DRIVE,0.253,0.300,0.000,-0.000,0.000,0.000,0.000,0.000,0.0,0.0,0.3024,-0.2539,43.02,0.0000,0.0000,0.00,0.0000,0.00,
65.102,0,DRIVE,0.301,0.300,0.000,-0.000,0.000,0.000,0.000,0.000,0.0,0.0,0.3134,-0.2436,43.02,0.0000,0.0000,0.00,0.0000,0.00,
65.152,0,DRIVE,0.351,0.300,0.000,-0.000,0.000,0.000,0.000,0.000,0.0,0.0,0.3244,-0.2334,43.02,0.0000,0.0000,0.00,0.0000,0.00,
65.202,0,DRIVE,0.401,0.300,0.000,-0.000,0.000,0.000,0.000,0.000,0.0,0.0,0.3354,-0.2232,43.02,0.0000,0.0000,0.00,0.0000,0.00,
65.252,0,DRIVE,0.451,0.300,0.000,-0.000,0.000,0.000,0.000,0.000,0.0,0.0,0.3463,-0.2129,43.02,0.0000,0.0000,0.00,0.0000,0.00,
65.305,0,DRIVE,0.504,0.300,0.000,-0.000,0.000,0.000,0.000,0.000,0.0,0.0,0.3575,-0.2026,43.02,0.0000,0.0000,0.00,0.0000,0.00,
65.352,0,DRIVE,0.551,0.300,0.000,-0.000,0.000,0.000,0.000,0.000,0.0,0.0,0.3683,-0.1925,43.02,0.0000,0.0000,0.00,0.0000,0.00,
65.403,0,DRIVE,0.602,0.300,0.000,-0.000,0.000,0.000,0.000,0.000,0.0,0.0,0.3794,-0.1820,43.02,0.0000,0.0000,0.00,0.0000,0.00,
65.453,0,DRIVE,0.652,0.300,0.000,-0.000,0.000,0.000,0.000,0.000,0.0,0.0,0.3905,-0.1717,43.02,0.0000,0.0000,0.00,0.0000,0.00,
65.502,0,DRIVE,0.701,0.300,0.000,-0.000,0.000,0.000,0.000,0.000,0.0,0.0,0.4012,-0.1618,43.02,0.0000,0.0000,0.00,0.0000,0.00,
65.555,0,DRIVE,0.754,0.300,0.000,-0.000,0.000,0.000,0.000,0.000,0.0,0.0,0.4123,-0.1514,43.02,0.0000,0.0000,0.00,0.0000,0.00,
65.602,0,DRIVE,0.800,0.300,0.000,-0.000,0.000,0.000,0.000,0.000,0.0,0.0,0.4231,-0.1413,43.02,0.0000,0.0000,0.00,0.0000,0.00,
65.654,0,DRIVE,0.852,0.300,0.000,-0.000,0.000,0.000,0.000,0.000,0.0,0.0,0.4345,-0.1307,43.02,0.0000,0.0000,0.00,0.0000,0.00,
65.702,0,DRIVE,0.901,0.300,0.000,-0.000,0.000,0.000,0.000,0.000,0.0,0.0,0.4450,-0.1208,43.02,0.0000,0.0000,0.00,0.0000,0.00,
65.752,0,DRIVE,0.951,0.300,0.000,-0.000,0.000,0.000,0.000,0.000,0.0,0.0,0.4560,-0.1106,43.02,0.0000,0.0000,0.00,0.0000,0.00,
65.805,0,DRIVE,1.003,0.300,0.000,-0.000,0.000,0.000,0.000,0.000,0.0,0.0,0.4670,-0.1004,43.02,0.0000,0.0000,0.00,0.0000,0.00,
65.854,0,DRIVE,1.053,0.300,0.000,-0.000,0.000,0.000,0.000,0.000,0.0,0.0,0.4784,-0.0897,43.02,0.0000,0.0000,0.00,0.0000,0.00,
65.904,0,DRIVE,1.102,0.300,0.000,-0.000,0.000,0.000,0.000,0.000,0.0,0.0,0.4893,-0.0795,43.02,0.0000,0.0000,0.00,0.0000,0.00,
65.953,0,DRIVE,1.151,0.300,0.000,-0.000,0.000,0.000,0.000,0.000,0.0,0.0,0.5000,-0.0696,43.02,0.0000,0.0000,0.00,0.0000,0.00,
66.002,0,DRIVE,1.200,0.300,0.000,-0.000,0.000,0.000,0.000,0.000,0.0,0.0,0.5108,-0.0595,43.02,0.0000,0.0000,0.00,-0.0000,0.00,
66.055,0,DRIVE,1.254,0.300,0.000,-0.000,0.000,0.000,0.000,0.000,0.0,0.0,0.5219,-0.0491,43.02,0.0000,0.0000,0.00,-0.0000,0.00,
66.102,0,DRIVE,1.301,0.300,0.000,-0.000,0.000,0.000,0.000,0.000,0.0,0.0,0.5328,-0.0390,43.02,0.0000,0.0000,0.00,-0.0000,0.00,
66.152,0,DRIVE,1.351,0.300,0.000,-0.000,0.000,0.000,0.000,0.000,0.0,0.0,0.5437,-0.0287,43.02,0.0000,0.0000,0.00,-0.0000,0.00,
66.202,0,DRIVE,1.401,0.300,0.000,-0.000,0.000,0.000,0.000,0.000,0.0,0.0,0.5547,-0.0185,43.02,0.0000,0.0000,0.00,0.0000,0.00,
66.252,0,DRIVE,1.450,0.300,0.000,-0.000,0.000,0.000,0.000,0.000,0.0,0.0,0.5657,-0.0083,43.02,0.0000,0.0000,0.00,-0.0000,0.00,
66.305,0,DRIVE,1.503,0.300,0.000,-0.000,0.000,0.000,0.000,0.000,0.0,0.0,0.5766,0.0020,43.02,0.0000,0.0000,0.00,-0.0000,0.00,
66.352,0,DRIVE,1.551,0.300,0.000,-0.000,0.000,0.000,0.000,0.000,0.0,0.0,0.5876,0.0122,43.02,0.0000,0.0000,0.00,-0.0000,0.00,
66.402,0,DRIVE,1.601,0.300,0.000,-0.000,0.000,0.000,0.000,0.000,0.0,0.0,0.5986,0.0224,43.02,0.0000,0.0000,0.00,-0.0000,0.00,
66.452,0,DRIVE,1.651,0.300,0.000,-0.000,0.000,0.000,0.000,0.000,0.0,0.0,0.6095,0.0327,43.02,0.0000,0.0000,0.00,-0.0000,0.00,
66.502,0,DRIVE,1.701,0.300,0.000,-0.000,0.000,0.000,0.000,0.000,0.0,0.0,0.6206,0.0430,43.02,0.0000,0.0000,0.00,-0.0000,0.00,
66.555,0,DRIVE,1.753,0.300,0.000,-0.000,0.000,0.000,0.000,0.000,0.0,0.0,0.6315,0.0531,43.02,0.0000,0.0000,0.00,-0.0000,0.00,
66.602,0,DRIVE,1.801,0.300,0.000,-0.000,0.000,0.000,0.000,0.000,0.0,0.0,0.6424,0.0634,43.02,0.0000,0.0000,0.00,-0.0000,0.00,
66.652,0,DRIVE,1.851,0.300,0.000,-0.000,0.000,0.000,0.000,0.000,0.0,0.0,0.6534,0.0736,43.02,0.0000,0.0000,0.00,-0.0000,0.00,
66.702,0,DRIVE,1.901,0.300,0.000,-0.000,0.000,0.000,0.000,0.000,0.0,0.0,0.6644,0.0838,43.02,0.0000,0.0000,0.00,-0.0000,0.00,
66.751,0,DRIVE,1.950,0.300,0.000,-0.000,0.000,0.000,0.000,0.000,0.0,0.0,0.6753,0.0940,43.02,0.0000,0.0000,0.00,-0.0000,0.00,
66.805,0,DRIVE,2.004,0.300,0.000,-0.000,0.000,0.000,0.000,0.000,0.0,0.0,0.6864,0.1044,43.02,0.0000,0.0000,0.00,-0.0000,0.00,
66.852,0,DRIVE,2.051,0.300,0.000,-0.000,0.000,0.000,0.000,0.000,0.0,0.0,0.6973,0.1146,43.02,0.0000,0.0000,0.00,-0.0000,0.00,
66.903,0,DRIVE,2.102,0.300,0.000,-0.000,0.000,0.000,0.000,0.000,0.0,0.0,0.7085,0.1250,43.02,0.0000,0.0000,0.00,-0.0000,0.00,
66.954,0,DRIVE,2.152,0.300,0.000,-0.000,0.000,0.000,0.000,0.000,0.0,0.0,0.7195,0.1353,43.02,0.0000,0.0000,0.00,-0.0000,0.00,
67.004,0,DRIVE,2.202,0.300,0.000,-0.000,0.000,0.000,0.000,0.000,0.0,0.0,0.7305,0.1455,43.02,0.0000,0.0000,0.00,-0.0000,0.00,
67.055,0,DRIVE,2.253,0.300,0.000,-0.000,0.000,0.000,0.000,0.000,0.0,0.0,0.7412,0.1555,43.02,0.0000,0.0000,0.00,-0.0000,0.00,
67.102,0,DRIVE,2.301,0.300,0.000,-0.000,0.000,0.000,0.000,0.000,0.0,0.0,0.7521,0.1657,43.02,0.0000,0.0000,0.00,-0.0000,0.00,
67.152,0,DRIVE,2.351,0.300,0.000,-0.000,0.000,0.000,0.000,0.000,0.0,0.0,0.7631,0.1759,43.02,0.0000,0.0000,0.00,-0.0000,0.00,
67.202,0,DRIVE,2.401,0.300,0.000,-0.000,0.000,0.000,0.000,0.000,0.0,0.0,0.7741,0.1862,43.02,0.0000,0.0000,0.00,-0.0000,0.00,
67.252,0,DRIVE,2.451,0.300,0.000,-0.000,0.000,0.000,0.000,0.000,0.0,0.0,0.7850,0.1964,43.02,0.0000,0.0000,0.00,-0.0000,0.00,
67.307,0,DRIVE,2.505,0.300,0.000,-0.000,0.000,0.000,0.000,0.000,0.0,0.0,0.7963,0.2069,43.02,0.0000,0.0000,0.00,-0.0000,0.00,
67.352,0,DRIVE,2.551,0.300,0.000,-0.000,0.000,0.000,0.000,0.000,0.0,0.0,0.8070,0.2169,43.02,0.0000,0.0000,0.00,-0.0000,0.00,
67.402,0,DRIVE,2.601,0.300,0.000,-0.000,0.000,0.000,0.000,0.000,0.0,0.0,0.8180,0.2272,43.02,0.0000,0.0000,0.00,-0.0000,0.00,
67.454,0,DRIVE,2.653,0.300,0.000,-0.000,0.000,0.000,0.000,0.000,0.0,0.0,0.8294,0.2378,43.02,0.0000,0.0000,0.00,-0.0000,0.00,
67.504,0,DRIVE,2.702,0.300,0.000,-0.000,0.000,0.000,0.000,0.000,0.0,0.0,0.8402,0.2479,43.02,0.0000,0.0000,0.00,-0.0000,0.00,
67.555,0,DRIVE,2.753,0.300,0.000,-0.000,0.000,0.000,0.000,0.000,0.0,0.0,0.8508,0.2578,43.02,0.0000,0.0000,0.00,-0.0000,0.00,
67.602,0,DRIVE,2.801,0.300,0.000,-0.000,0.000,0.000,0.000,0.000,0.0,0.0,0.8618,0.2680,43.02,0.0000,0.0000,0.00,-0.0000,0.00,
67.652,0,DRIVE,2.851,0.300,0.000,-0.000,0.000,0.000,0.000,0.000,0.0,0.0,0.8727,0.2783,43.02,0.0000,0.0000,0.00,-0.0000,0.00,
67.702,0,DRIVE,2.901,0.300,0.000,-0.000,0.000,0.000,0.000,0.000,0.0,0.0,0.8837,0.2885,43.02,0.0000,0.0000,0.00,-0.0000,0.00,
67.752,0,DRIVE,2.951,0.300,0.000,-0.000,0.000,0.000,0.000,0.000,0.0,0.0,0.8947,0.2987,43.02,0.0000,0.0000,0.00,-0.0000,0.00,
67.805,0,DRIVE,3.003,0.300,0.000,-0.000,0.000,0.000,0.000,0.000,0.0,0.0,0.9056,0.3090,43.02,0.0000,0.0000,0.00,-0.0000,0.00,
67.852,0,DRIVE,3.051,0.300,0.000,-0.000,0.000,0.000,0.000,0.000,0.0,0.0,0.9166,0.3192,43.02,0.0000,0.0000,0.00,-0.0000,0.00,
67.902,0,DRIVE,3.101,0.300,0.000,-0.000,0.000,0.000,0.000,0.000,0.0,0.0,0.9276,0.3295,43.02,0.0000,0.0000,0.00,-0.0000,0.00,
67.952,0,DRIVE,3.151,0.300,0.000,-0.000,0.000,0.000,0.000,0.000,0.0,0.0,0.9386,0.3397,43.02,0.0000,0.0000,0.00,-0.0000,0.00,
68.002,0,DRIVE,3.201,0.300,0.000,-0.000,0.000,0.000,0.000,0.000,0.0,0.0,0.9495,0.3499,43.02,0.0000,0.0000,0.00,-0.0000,0.00,
68.055,0,DRIVE,3.253,0.300,0.000,-0.000,0.000,0.000,0.000,0.000,0.0,0.0,0.9605,0.3602,43.02,0.0000,0.0000,0.00,-0.0000,0.00,
68.102,0,DRIVE,3.301,0.300,0.000,-0.000,0.000,0.000,0.000,0.000,0.0,0.0,0.9715,0.3704,43.02,0.0000,0.0000,0.00,-0.0000,0.00,
68.154,0,DRIVE,3.353,0.300,0.000,-0.000,0.000,0.000,0.000,0.000,0.0,0.0,0.9829,0.3810,43.02,0.0000,0.0000,0.00,-0.0000,0.00,
68.205,0,DRIVE,3.403,0.000,0.000,0.000,0.000,0.000,0.000,0.000,0.0,0.0,0.9934,0.3909,43.02,0.0000,0.0000,0.00,-0.0000,0.00,FIN_DRIVE_leg0_KF_1.01m
68.206,0,STOP_BEFORE_SPIN,0.001,0.000,0.000,0.000,0.000,0.000,0.000,0.000,0.0,0.0,0.9934,0.3909,43.02,0.0000,0.0000,0.00,-0.0000,0.00,
68.252,0,STOP_BEFORE_SPIN,0.047,0.000,0.000,0.000,0.000,0.000,0.000,0.000,0.0,0.0,0.9934,0.3909,43.02,0.0000,0.0000,0.00,-0.0000,0.00,
68.302,0,STOP_BEFORE_SPIN,0.097,0.000,0.000,0.000,0.000,0.000,0.000,0.000,0.0,0.0,0.9934,0.3909,43.02,0.0000,0.0000,0.00,-0.0000,0.00,
68.353,0,STOP_BEFORE_SPIN,0.147,0.000,0.000,0.000,0.000,0.000,0.000,0.000,0.0,0.0,0.9934,0.3909,43.02,0.0000,0.0000,0.00,-0.0000,0.00,
68.402,0,STOP_BEFORE_SPIN,0.197,0.000,0.000,0.000,0.000,0.000,0.000,0.000,0.0,0.0,0.9934,0.3909,43.02,0.0000,0.0000,0.00,-0.0000,0.00,
68.452,0,STOP_BEFORE_SPIN,0.247,0.000,0.000,0.000,0.000,0.000,0.000,0.000,0.0,0.0,0.9934,0.3909,43.02,0.0000,0.0000,0.00,-0.0000,0.00,
68.502,0,STOP_BEFORE_SPIN,0.297,0.000,0.000,0.000,0.000,0.000,0.000,0.000,0.0,0.0,0.9934,0.3909,43.02,0.0000,0.0000,0.00,-0.0000,0.00,
68.553,0,STOP_BEFORE_SPIN,0.348,0.000,0.000,0.000,0.000,0.000,0.000,0.000,0.0,0.0,0.9934,0.3909,43.02,0.0000,0.0000,0.00,-0.0000,0.00,
68.603,0,STOP_BEFORE_SPIN,0.398,0.000,0.000,0.000,0.000,0.000,0.000,0.000,0.0,0.0,0.9934,0.3909,43.02,0.0000,0.0000,0.00,-0.0000,0.00,
68.652,0,STOP_BEFORE_SPIN,0.447,0.000,0.000,0.000,0.000,0.000,0.000,0.000,0.0,0.0,0.9934,0.3909,43.02,0.0000,0.0000,0.00,-0.0000,0.00,
68.703,0,STOP_BEFORE_SPIN,0.498,0.000,0.000,0.000,0.000,0.000,0.000,0.000,0.0,0.0,0.9934,0.3909,43.02,0.0000,0.0000,0.00,-0.0000,0.00,
68.753,0,STOP_BEFORE_SPIN,0.547,0.000,0.000,0.000,0.000,0.000,0.000,0.000,0.0,0.0,0.9934,0.3909,43.02,0.0000,0.0000,0.00,-0.0000,0.00,
68.802,0,STOP_BEFORE_SPIN,0.597,0.000,0.000,0.000,0.000,0.000,0.000,0.000,0.0,0.0,0.9934,0.3909,43.02,0.0000,0.0000,0.00,-0.0000,0.00,
68.852,0,STOP_BEFORE_SPIN,0.647,0.000,0.000,0.000,0.000,0.000,0.000,0.000,0.0,0.0,0.9934,0.3909,43.02,0.0000,0.0000,0.00,-0.0000,0.00,
68.902,0,STOP_BEFORE_SPIN,0.697,0.000,0.000,0.000,0.000,0.000,0.000,0.000,0.0,0.0,0.9934,0.3909,43.02,0.0000,0.0000,0.00,-0.0000,0.00,
68.952,0,STOP_BEFORE_SPIN,0.747,0.000,0.000,0.000,0.000,0.000,0.000,0.000,0.0,0.0,0.9934,0.3909,43.02,0.0000,0.0000,0.00,-0.0000,0.00,
69.002,0,STOP_BEFORE_SPIN,0.797,0.000,0.000,0.000,0.000,0.000,0.000,0.000,0.0,0.0,0.9934,0.3909,43.02,0.0000,0.0000,0.00,-0.0000,0.00,
69.052,0,STOP_BEFORE_SPIN,0.847,0.000,0.000,0.000,0.000,0.000,0.000,0.000,0.0,0.0,0.9934,0.3909,43.02,0.0000,0.0000,0.00,-0.0000,0.00,
69.102,0,STOP_BEFORE_SPIN,0.897,0.000,0.000,0.000,0.000,0.000,0.000,0.000,0.0,0.0,0.9934,0.3909,43.02,0.0000,0.0000,0.00,-0.0000,0.00,
69.153,0,STOP_BEFORE_SPIN,0.948,0.000,0.000,0.000,0.000,0.000,0.000,0.000,0.0,0.0,0.9934,0.3909,43.02,0.0000,0.0000,0.00,-0.0000,0.00,
69.202,0,STOP_BEFORE_SPIN,0.997,0.000,0.000,0.000,0.000,0.000,0.000,0.000,0.0,0.0,0.9934,0.3909,43.02,0.0000,0.0000,0.00,-0.0000,0.00,
69.254,0,STOP_BEFORE_SPIN,1.049,0.000,0.000,0.000,0.000,0.000,0.000,0.000,0.0,0.0,0.9934,0.3909,43.02,0.0000,0.0000,0.00,-0.0000,0.00,INICIO_DRIFT_leg0
69.256,0,DRIFT,0.001,0.000,0.000,0.000,0.000,0.000,0.000,0.000,0.0,0.0,0.9934,0.3909,43.02,0.0000,0.0000,0.00,-0.0000,0.00,
69.302,0,DRIFT,0.047,0.000,-0.000,1.000,0.000,0.000,0.000,0.000,0.0,0.0,0.9934,0.3909,43.02,0.0000,0.0000,0.00,-0.0000,0.00,
69.352,0,DRIFT,0.097,0.000,-0.000,1.000,0.000,0.000,0.000,0.000,0.0,0.0,0.9934,0.3909,45.87,0.0000,0.0000,0.00,-0.0000,0.00,
69.402,0,DRIFT,0.147,0.000,-0.000,1.000,0.000,0.000,0.000,0.000,0.0,0.0,0.9934,0.3909,48.74,0.0000,0.0000,0.00,-0.0000,0.00,
69.452,0,DRIFT,0.197,0.000,-0.000,1.000,0.000,0.000,0.000,0.000,0.0,0.0,0.9934,0.3909,51.60,0.0000,0.0000,0.00,-0.0000,0.00,
69.502,0,DRIFT,0.247,0.000,-0.000,1.000,0.000,0.000,0.000,0.000,0.0,0.0,0.9934,0.3909,54.49,0.0000,0.0000,0.00,-0.0000,0.00,
69.555,0,DRIFT,0.300,0.000,-0.000,1.000,0.000,0.000,0.000,0.000,0.0,0.0,0.9934,0.3909,57.33,0.0000,0.0000,0.00,-0.0000,0.00,
69.602,0,DRIFT,0.347,0.000,-0.000,1.000,0.000,0.000,0.000,0.000,0.0,0.0,0.9934,0.3909,60.20,0.0000,0.0000,0.00,-0.0000,0.00,
69.652,0,DRIFT,0.397,0.000,-0.000,1.000,0.000,0.000,0.000,0.000,0.0,0.0,0.9934,0.3909,63.08,0.0000,0.0000,0.00,-0.0000,0.00,
69.702,0,DRIFT,0.447,0.000,-0.000,1.000,0.000,0.000,0.000,0.000,0.0,0.0,0.9934,0.3909,65.93,0.0000,0.0000,0.00,-0.0000,0.00,
69.752,0,DRIFT,0.497,0.000,-0.000,1.000,0.000,0.000,0.000,0.000,0.0,0.0,0.9934,0.3909,68.79,0.0000,0.0000,0.00,-0.0000,0.00,
69.805,0,DRIFT,0.550,0.000,-0.000,1.000,0.000,0.000,0.000,0.000,0.0,0.0,0.9934,0.3909,71.69,0.0000,0.0000,0.00,-0.0000,0.00,
69.852,0,DRIFT,0.597,0.000,-0.000,1.000,0.000,0.000,0.000,0.000,0.0,0.0,0.9934,0.3909,74.52,0.0000,0.0000,0.00,-0.0000,0.00,
69.902,0,DRIFT,0.647,0.000,-0.000,1.000,0.000,0.000,0.000,0.000,0.0,0.0,0.9934,0.3909,77.38,0.0000,0.0000,0.00,-0.0000,0.00,
69.952,0,DRIFT,0.697,0.000,-0.000,1.000,0.000,0.000,0.000,0.000,0.0,0.0,0.9934,0.3909,80.25,0.0000,0.0000,0.00,-0.0000,0.00,
70.002,0,DRIFT,0.747,0.000,-0.000,1.000,0.000,0.000,0.000,0.000,0.0,0.0,0.9934,0.3909,83.12,0.0000,0.0000,0.00,-0.0000,0.00,
70.055,0,DRIFT,0.800,0.000,-0.000,1.000,0.000,0.000,0.000,0.000,0.0,0.0,0.9934,0.3909,85.98,0.0000,0.0000,0.00,-0.0000,0.00,
70.105,0,DRIFT,0.850,0.000,-0.000,1.000,0.000,0.000,0.000,0.000,0.0,0.0,0.9934,0.3909,89.00,0.0000,0.0000,0.00,-0.0000,0.00,
70.152,0,DRIFT,0.897,0.000,-0.000,1.000,0.000,0.000,0.000,0.000,0.0,0.0,0.9934,0.3909,91.71,0.0000,0.0000,0.00,-0.0000,0.00,
70.203,0,DRIFT,0.948,0.000,-0.000,1.000,0.000,0.000,0.000,0.000,0.0,0.0,0.9934,0.3909,94.61,0.0000,0.0000,0.00,-0.0000,0.00,
70.252,0,DRIFT,0.997,0.000,-0.000,1.000,0.000,0.000,0.000,0.000,0.0,0.0,0.9934,0.3909,97.44,0.0000,0.0000,0.00,-0.0000,0.00,
70.305,0,DRIFT,1.050,0.000,-0.000,1.000,0.000,0.000,0.000,0.000,0.0,0.0,0.9934,0.3909,100.30,0.0000,0.0000,0.00,-0.0000,0.00,
70.352,0,DRIFT,1.097,0.000,-0.000,1.000,0.000,0.000,0.000,0.000,0.0,0.0,0.9934,0.3909,103.18,0.0000,0.0000,0.00,-0.0000,0.00,
70.402,0,DRIFT,1.147,0.000,-0.000,1.000,0.000,0.000,0.000,0.000,0.0,0.0,0.9934,0.3909,106.04,0.0000,0.0000,0.00,-0.0000,0.00,
70.453,0,DRIFT,1.198,0.000,-0.000,1.000,0.000,0.000,0.000,0.000,0.0,0.0,0.9934,0.3909,108.95,0.0000,0.0000,0.00,-0.0000,0.00,
70.503,0,DRIFT,1.248,0.000,-0.000,1.000,0.000,0.000,0.000,0.000,0.0,0.0,0.9934,0.3909,111.83,0.0000,0.0000,0.00,-0.0000,0.00,
70.557,0,DRIFT,1.302,0.000,-0.000,1.000,0.000,0.000,0.000,0.000,0.0,0.0,0.9934,0.3909,114.75,0.0000,0.0000,0.00,-0.0000,0.00,
70.603,0,DRIFT,1.349,0.000,-0.000,1.000,0.000,0.000,0.000,0.000,0.0,0.0,0.9934,0.3909,117.57,0.0000,0.0000,0.00,-0.0000,0.00,
70.653,0,DRIFT,1.398,0.000,-0.000,1.000,0.000,0.000,0.000,0.000,0.0,0.0,0.9934,0.3909,120.42,0.0000,0.0000,0.00,-0.0000,0.00,
70.703,0,DRIFT,1.448,0.000,-0.000,1.000,0.000,0.000,0.000,0.000,0.0,0.0,0.9934,0.3909,123.26,0.0000,0.0000,0.00,-0.0000,0.00,
70.752,0,DRIFT,1.497,0.000,-0.000,1.000,0.000,0.000,0.000,0.000,0.0,0.0,0.9934,0.3909,126.08,0.0000,0.0000,0.00,-0.0000,0.00,
70.805,0,DRIFT,1.550,0.000,-0.000,1.000,0.000,0.000,0.000,0.000,0.0,0.0,0.9934,0.3909,128.95,0.0000,0.0000,0.00,-0.0000,0.00,
70.852,0,DRIFT,1.597,0.000,-0.000,1.000,0.000,0.000,0.000,0.000,0.0,0.0,0.9934,0.3909,131.82,0.0000,0.0000,0.00,-0.0000,0.00,
70.902,0,DRIFT,1.647,0.000,-0.000,1.000,0.000,0.000,0.000,0.000,0.0,0.0,0.9934,0.3909,134.68,0.0000,0.0000,0.00,-0.0000,0.00,
70.953,0,DRIFT,1.699,0.000,-0.000,1.000,0.000,0.000,0.000,0.000,0.0,0.0,0.9934,0.3909,137.63,0.0000,0.0000,0.00,-0.0000,0.00,
71.002,0,DRIFT,1.747,0.000,-0.000,1.000,0.000,0.000,0.000,0.000,0.0,0.0,0.9934,0.3909,140.41,0.0000,0.0000,0.00,-0.0000,0.00,
71.055,0,DRIFT,1.801,0.000,-0.000,1.000,0.000,0.000,0.000,0.000,0.0,0.0,0.9934,0.3909,143.32,0.0000,0.0000,0.00,-0.0000,0.00,
71.102,0,DRIFT,1.847,0.000,-0.000,1.000,0.000,0.000,0.000,0.000,0.0,0.0,0.9934,0.3909,146.14,0.0000,0.0000,0.00,-0.0000,0.00,
71.152,0,DRIFT,1.897,0.000,-0.000,1.000,0.000,0.000,0.000,0.000,0.0,0.0,0.9934,0.3909,149.00,0.0000,0.0000,0.00,-0.0000,0.00,
71.202,0,DRIFT,1.947,0.000,-0.000,1.000,0.000,0.000,0.000,0.000,0.0,0.0,0.9934,0.3909,151.87,0.0000,0.0000,0.00,-0.0000,0.00,
71.252,0,DRIFT,1.997,0.000,-0.000,1.000,0.000,0.000,0.000,0.000,0.0,0.0,0.9934,0.3909,154.74,0.0000,0.0000,0.00,-0.0000,0.00,
71.305,0,DRIFT,2.050,0.000,-0.000,1.000,0.000,0.000,0.000,0.000,0.0,0.0,0.9934,0.3909,157.60,0.0000,0.0000,0.00,-0.0000,0.00,
71.352,0,DRIFT,2.097,0.000,-0.000,1.000,0.000,0.000,0.000,0.000,0.0,0.0,0.9934,0.3909,160.46,0.0000,0.0000,0.00,-0.0000,0.00,
71.404,0,DRIFT,2.149,0.000,-0.000,1.000,0.000,0.000,0.000,0.000,0.0,0.0,0.9934,0.3909,163.44,0.0000,0.0000,0.00,-0.0000,0.00,
71.452,0,DRIFT,2.198,0.000,-0.000,1.000,0.000,0.000,0.000,0.000,0.0,0.0,0.9934,0.3909,166.21,0.0000,0.0000,0.00,-0.0000,0.00,
71.502,0,DRIFT,2.247,0.000,-0.000,1.000,0.000,0.000,0.000,0.000,0.0,0.0,0.9934,0.3909,169.07,0.0000,0.0000,0.00,-0.0000,0.00,
71.558,0,DRIFT,2.303,0.000,-0.000,1.000,0.000,0.000,0.000,0.000,0.0,0.0,0.9934,0.3909,172.09,0.0000,0.0000,0.00,-0.0000,0.00,
71.603,0,DRIFT,2.349,0.000,-0.000,1.000,0.000,0.000,0.000,0.000,0.0,0.0,0.9934,0.3909,174.86,0.0000,0.0000,0.00,-0.0000,0.00,
71.653,0,DRIFT,2.398,0.000,-0.000,1.000,0.000,0.000,0.000,0.000,0.0,0.0,0.9934,0.3909,177.71,0.0000,0.0000,0.00,-0.0000,0.00,
71.702,0,DRIFT,2.447,0.000,-0.000,1.000,0.000,0.000,0.000,0.000,0.0,0.0,0.9934,0.3909,-179.48,0.0000,0.0000,0.00,-0.0000,0.00,
71.754,1,DRIFT,2.500,0.000,0.000,0.000,0.000,0.000,0.000,0.000,0.0,0.0,0.9934,0.3909,-176.62,0.0000,0.0000,0.00,-0.0000,0.00,FIN_DRIFT_leg0_TIMEOUT_2.5s_2.50s
71.758,1,STOP_BEFORE_DRIVE,0.001,0.000,0.000,0.000,0.000,0.000,0.000,0.000,0.0,0.0,0.9934,0.3909,-176.62,0.0000,0.0000,0.00,-0.0000,0.00,
71.802,1,STOP_BEFORE_DRIVE,0.045,0.000,0.000,0.000,0.000,0.000,0.000,0.000,0.0,0.0,0.9934,0.3909,-176.62,0.0000,0.0000,0.00,-0.0000,0.00,
71.854,1,STOP_BEFORE_DRIVE,0.097,0.000,0.000,0.000,0.000,0.000,0.000,0.000,0.0,0.0,0.9934,0.3909,-176.62,0.0000,0.0000,0.00,-0.0000,0.00,
71.902,1,STOP_BEFORE_DRIVE,0.145,0.000,0.000,0.000,0.000,0.000,0.000,0.000,0.0,0.0,0.9934,0.3909,-176.62,0.0000,0.0000,0.00,-0.0000,0.00,
71.952,1,STOP_BEFORE_DRIVE,0.195,0.000,0.000,0.000,0.000,0.000,0.000,0.000,0.0,0.0,0.9934,0.3909,-176.62,0.0000,0.0000,0.00,-0.0000,0.00,
72.004,1,STOP_BEFORE_DRIVE,0.247,0.000,0.000,0.000,0.000,0.000,0.000,0.000,0.0,0.0,0.9934,0.3909,-176.62,0.0000,0.0000,0.00,-0.0000,0.00,
72.053,1,STOP_BEFORE_DRIVE,0.296,0.000,0.000,0.000,0.000,0.000,0.000,0.000,0.0,0.0,0.9934,0.3909,-176.62,0.0000,0.0000,0.00,-0.0000,0.00,
72.102,1,STOP_BEFORE_DRIVE,0.345,0.000,0.000,0.000,0.000,0.000,0.000,0.000,0.0,0.0,0.9934,0.3909,-176.62,0.0000,0.0000,0.00,-0.0000,0.00,
72.153,1,STOP_BEFORE_DRIVE,0.396,0.000,0.000,0.000,0.000,0.000,0.000,0.000,0.0,0.0,0.9934,0.3909,-176.62,0.0000,0.0000,0.00,-0.0000,0.00,
72.202,1,STOP_BEFORE_DRIVE,0.445,0.000,0.000,0.000,0.000,0.000,0.000,0.000,0.0,0.0,0.9934,0.3909,-176.62,0.0000,0.0000,0.00,-0.0000,0.00,
72.252,1,STOP_BEFORE_DRIVE,0.495,0.000,0.000,0.000,0.000,0.000,0.000,0.000,0.0,0.0,0.9934,0.3909,-176.62,0.0000,0.0000,0.00,-0.0000,0.00,
72.302,1,STOP_BEFORE_DRIVE,0.545,0.000,0.000,0.000,0.000,0.000,0.000,0.000,0.0,0.0,0.9934,0.3909,-176.62,0.0000,0.0000,0.00,-0.0000,0.00,
72.352,1,STOP_BEFORE_DRIVE,0.595,0.000,0.000,0.000,0.000,0.000,0.000,0.000,0.0,0.0,0.9934,0.3909,-176.62,0.0000,0.0000,0.00,-0.0000,0.00,
72.402,1,STOP_BEFORE_DRIVE,0.645,0.000,0.000,0.000,0.000,0.000,0.000,0.000,0.0,0.0,0.9934,0.3909,-176.62,0.0000,0.0000,0.00,-0.0000,0.00,
72.452,1,STOP_BEFORE_DRIVE,0.695,0.000,0.000,0.000,0.000,0.000,0.000,0.000,0.0,0.0,0.9934,0.3909,-176.62,0.0000,0.0000,0.00,-0.0000,0.00,
72.503,1,STOP_BEFORE_DRIVE,0.746,0.000,0.000,0.000,0.000,0.000,0.000,0.000,0.0,0.0,0.9934,0.3909,-176.62,0.0000,0.0000,0.00,-0.0000,0.00,
72.553,1,STOP_BEFORE_DRIVE,0.796,0.000,0.000,0.000,0.000,0.000,0.000,0.000,0.0,0.0,0.9934,0.3909,-176.62,0.0000,0.0000,0.00,-0.0000,0.00,
72.603,1,STOP_BEFORE_DRIVE,0.846,0.000,0.000,0.000,0.000,0.000,0.000,0.000,0.0,0.0,0.9934,0.3909,-176.62,0.0000,0.0000,0.00,-0.0000,0.00,
72.652,1,STOP_BEFORE_DRIVE,0.895,0.000,0.000,0.000,0.000,0.000,0.000,0.000,0.0,0.0,0.9934,0.3909,-176.62,0.0000,0.0000,0.00,-0.0000,0.00,
72.702,1,STOP_BEFORE_DRIVE,0.945,0.000,0.000,0.000,0.000,0.000,0.000,0.000,0.0,0.0,0.9934,0.3909,-176.62,0.0000,0.0000,0.00,-0.0000,0.00,
72.754,1,STOP_BEFORE_DRIVE,0.997,0.000,0.000,0.000,0.000,0.000,0.000,0.000,0.0,0.0,0.9934,0.3909,-176.62,0.0000,0.0000,0.00,-0.0000,0.00,
72.802,1,DRIVE,0.001,0.000,0.000,0.000,0.000,0.000,0.000,0.000,0.0,0.0,0.9934,0.3909,-176.62,0.0000,0.0000,0.00,0.0000,0.00,
72.854,1,DRIVE,0.052,0.300,0.000,-0.000,0.000,0.000,0.000,0.000,0.0,0.0,0.9934,0.3909,-176.62,0.0000,0.0000,0.00,0.0000,0.00,
72.902,1,DRIVE,0.101,0.300,0.000,-0.000,0.000,0.000,0.000,0.000,0.0,0.0,0.9789,0.3900,-176.62,0.0000,0.0000,0.00,-0.0000,0.00,
72.952,1,DRIVE,0.151,0.300,0.000,-0.000,0.000,0.000,0.000,0.000,0.0,0.0,0.9640,0.3891,-176.62,0.0000,0.0000,0.00,-0.0000,0.00,
73.002,1,DRIVE,0.201,0.300,0.000,-0.000,0.000,0.000,0.000,0.000,0.0,0.0,0.9490,0.3882,-176.62,0.0000,0.0000,0.00,-0.0000,0.00,
73.055,1,DRIVE,0.253,0.300,0.000,-0.000,0.000,0.000,0.000,0.000,0.0,0.0,0.9340,0.3874,-176.62,0.0000,0.0000,0.00,-0.0000,0.00,
73.102,1,DRIVE,0.301,0.300,0.000,-0.000,0.000,0.000,0.000,0.000,0.0,0.0,0.9191,0.3865,-176.62,0.0000,0.0000,0.00,-0.0000,0.00,
73.152,1,DRIVE,0.350,0.300,0.000,-0.000,0.000,0.000,0.000,0.000,0.0,0.0,0.9041,0.3856,-176.62,0.0000,0.0000,0.00,-0.0000,0.00,
73.202,1,DRIVE,0.401,0.300,0.000,-0.000,0.000,0.000,0.000,0.000,0.0,0.0,0.8891,0.3847,-176.62,0.0000,0.0000,0.00,-0.0000,0.00,
73.252,1,DRIVE,0.451,0.300,0.000,-0.000,0.000,0.000,0.000,0.000,0.0,0.0,0.8740,0.3838,-176.62,0.0000,0.0000,0.00,-0.0000,0.00,
73.305,1,DRIVE,0.504,0.300,0.000,-0.000,0.000,0.000,0.000,0.000,0.0,0.0,0.8588,0.3829,-176.62,0.0000,0.0000,0.00,-0.0000,0.00,
73.352,1,DRIVE,0.551,0.300,0.000,-0.000,0.000,0.000,0.000,0.000,0.0,0.0,0.8442,0.3820,-176.62,0.0000,0.0000,0.00,-0.0000,0.00,
73.402,1,DRIVE,0.601,0.300,0.000,-0.000,0.000,0.000,0.000,0.000,0.0,0.0,0.8292,0.3812,-176.62,0.0000,0.0000,0.00,0.0000,0.00,
73.452,1,DRIVE,0.651,0.300,0.000,-0.000,0.000,0.000,0.000,0.000,0.0,0.0,0.8142,0.3803,-176.62,0.0000,0.0000,0.00,0.0000,0.00,
73.502,1,DRIVE,0.700,0.300,0.000,-0.000,0.000,0.000,0.000,0.000,0.0,0.0,0.7993,0.3794,-176.62,0.0000,0.0000,0.00,0.0000,0.00,
73.556,1,DRIVE,0.754,0.300,0.000,-0.000,0.000,0.000,0.000,0.000,0.0,0.0,0.7840,0.3785,-176.62,0.0000,0.0000,0.00,0.0000,0.00,
73.602,1,DRIVE,0.800,0.300,0.000,-0.000,0.000,0.000,0.000,0.000,0.0,0.0,0.7693,0.3776,-176.62,0.0000,0.0000,0.00,0.0000,0.00,
73.652,1,DRIVE,0.851,0.300,0.000,-0.000,0.000,0.000,0.000,0.000,0.0,0.0,0.7543,0.3767,-176.62,0.0000,0.0000,0.00,0.0000,0.00,
73.703,1,DRIVE,0.902,0.300,0.000,-0.000,0.000,0.000,0.000,0.000,0.0,0.0,0.7390,0.3758,-176.62,0.0000,0.0000,0.00,0.0000,0.00,
73.752,1,DRIVE,0.950,0.300,0.000,-0.000,0.000,0.000,0.000,0.000,0.0,0.0,0.7244,0.3750,-176.62,0.0000,0.0000,0.00,0.0000,0.00,
73.806,1,DRIVE,1.004,0.300,0.000,-0.000,0.000,0.000,0.000,0.000,0.0,0.0,0.7090,0.3741,-176.62,0.0000,0.0000,0.00,0.0000,0.00,
73.852,1,DRIVE,1.051,0.300,0.000,-0.000,0.000,0.000,0.000,0.000,0.0,0.0,0.6944,0.3732,-176.62,0.0000,0.0000,0.00,0.0000,0.00,
73.902,1,DRIVE,1.101,0.300,0.000,-0.000,0.000,0.000,0.000,0.000,0.0,0.0,0.6795,0.3723,-176.62,0.0000,0.0000,0.00,0.0000,0.00,
73.953,1,DRIVE,1.151,0.300,0.000,-0.000,0.000,0.000,0.000,0.000,0.0,0.0,0.6643,0.3714,-176.62,0.0000,0.0000,0.00,0.0000,0.00,
74.003,1,DRIVE,1.202,0.300,0.000,-0.000,0.000,0.000,0.000,0.000,0.0,0.0,0.6492,0.3705,-176.62,0.0000,0.0000,0.00,0.0000,0.00,
74.055,1,DRIVE,1.253,0.300,0.000,-0.000,0.000,0.000,0.000,0.000,0.0,0.0,0.6346,0.3697,-176.62,0.0000,0.0000,0.00,0.0000,0.00,
74.102,1,DRIVE,1.301,0.300,0.000,-0.000,0.000,0.000,0.000,0.000,0.0,0.0,0.6195,0.3688,-176.62,0.0000,0.0000,0.00,0.0000,0.00,
74.152,1,DRIVE,1.351,0.300,0.000,-0.000,0.000,0.000,0.000,0.000,0.0,0.0,0.6046,0.3679,-176.62,0.0000,0.0000,0.00,0.0000,0.00,
74.202,1,DRIVE,1.401,0.300,0.000,-0.000,0.000,0.000,0.000,0.000,0.0,0.0,0.5896,0.3670,-176.62,0.0000,0.0000,0.00,0.0000,0.00,
74.252,1,DRIVE,1.451,0.300,0.000,-0.000,0.000,0.000,0.000,0.000,0.0,0.0,0.5747,0.3661,-176.62,0.0000,0.0000,0.00,0.0000,0.00,
74.305,1,DRIVE,1.503,0.300,0.000,-0.000,0.000,0.000,0.000,0.000,0.0,0.0,0.5597,0.3652,-176.62,0.0000,0.0000,0.00,0.0000,0.00,
74.352,1,DRIVE,1.551,0.300,0.000,-0.000,0.000,0.000,0.000,0.000,0.0,0.0,0.5446,0.3643,-176.62,0.0000,0.0000,0.00,0.0000,0.00,
74.402,1,DRIVE,1.601,0.300,0.000,-0.000,0.000,0.000,0.000,0.000,0.0,0.0,0.5297,0.3635,-176.62,0.0000,0.0000,0.00,0.0000,0.00,
74.452,1,DRIVE,1.651,0.300,0.000,-0.000,0.000,0.000,0.000,0.000,0.0,0.0,0.5147,0.3626,-176.62,0.0000,0.0000,0.00,0.0000,0.00,
74.502,1,DRIVE,1.701,0.300,0.000,-0.000,0.000,0.000,0.000,0.000,0.0,0.0,0.4998,0.3617,-176.62,0.0000,0.0000,0.00,0.0000,0.00,
74.555,1,DRIVE,1.753,0.300,0.000,-0.000,0.000,0.000,0.000,0.000,0.0,0.0,0.4848,0.3608,-176.62,0.0000,0.0000,0.00,0.0000,0.00,
74.602,1,DRIVE,1.801,0.300,0.000,-0.000,0.000,0.000,0.000,0.000,0.0,0.0,0.4698,0.3599,-176.62,0.0000,0.0000,0.00,0.0000,0.00,
74.652,1,DRIVE,1.850,0.300,0.000,-0.000,0.000,0.000,0.000,0.000,0.0,0.0,0.4549,0.3590,-176.62,0.0000,0.0000,0.00,0.0000,0.00,
74.702,1,DRIVE,1.901,0.300,0.000,-0.000,0.000,0.000,0.000,0.000,0.0,0.0,0.4399,0.3582,-176.62,0.0000,0.0000,0.00,0.0000,0.00,
74.752,1,DRIVE,1.950,0.300,0.000,-0.000,0.000,0.000,0.000,0.000,0.0,0.0,0.4249,0.3573,-176.62,0.0000,0.0000,0.00,0.0000,0.00,
74.806,1,DRIVE,2.005,0.300,0.000,-0.000,0.000,0.000,0.000,0.000,0.0,0.0,0.4094,0.3564,-176.62,0.0000,0.0000,0.00,0.0000,0.00,
74.854,1,DRIVE,2.053,0.300,0.000,-0.000,0.000,0.000,0.000,0.000,0.0,0.0,0.3944,0.3555,-176.62,0.0000,0.0000,0.00,0.0000,0.00,
74.902,1,DRIVE,2.100,0.300,0.000,-0.000,0.000,0.000,0.000,0.000,0.0,0.0,0.3800,0.3546,-176.62,0.0000,0.0000,0.00,0.0000,0.00,
74.955,1,DRIVE,2.153,0.300,0.000,-0.000,0.000,0.000,0.000,0.000,0.0,0.0,0.3643,0.3537,-176.62,0.0000,0.0000,0.00,0.0000,0.00,
75.003,1,DRIVE,2.201,0.300,0.000,-0.000,0.000,0.000,0.000,0.000,0.0,0.0,0.3498,0.3528,-176.62,0.0000,0.0000,0.00,0.0000,0.00,
75.055,1,DRIVE,2.253,0.300,0.000,-0.000,0.000,0.000,0.000,0.000,0.0,0.0,0.3351,0.3520,-176.62,0.0000,0.0000,0.00,0.0000,0.00,
75.102,1,DRIVE,2.301,0.300,0.000,-0.000,0.000,0.000,0.000,0.000,0.0,0.0,0.3201,0.3511,-176.62,0.0000,0.0000,0.00,0.0000,0.00,
75.152,1,DRIVE,2.350,0.300,0.000,-0.000,0.000,0.000,0.000,0.000,0.0,0.0,0.3051,0.3502,-176.62,0.0000,0.0000,0.00,0.0000,0.00,
75.202,1,DRIVE,2.401,0.300,0.000,-0.000,0.000,0.000,0.000,0.000,0.0,0.0,0.2901,0.3493,-176.62,0.0000,0.0000,0.00,0.0000,0.00,
75.254,1,DRIVE,2.452,0.300,0.000,-0.000,0.000,0.000,0.000,0.000,0.0,0.0,0.2747,0.3484,-176.62,0.0000,0.0000,0.00,0.0000,0.00,
75.305,1,DRIVE,2.503,0.300,0.000,-0.000,0.000,0.000,0.000,0.000,0.0,0.0,0.2602,0.3475,-176.62,0.0000,0.0000,0.00,0.0000,0.00,
75.353,1,DRIVE,2.551,0.300,0.000,-0.000,0.000,0.000,0.000,0.000,0.0,0.0,0.2450,0.3466,-176.62,0.0000,0.0000,0.00,-0.0000,0.00,
75.404,1,DRIVE,2.602,0.300,0.000,-0.000,0.000,0.000,0.000,0.000,0.0,0.0,0.2298,0.3457,-176.62,0.0000,0.0000,0.00,0.0000,0.00,
75.452,1,DRIVE,2.650,0.300,0.000,-0.000,0.000,0.000,0.000,0.000,0.0,0.0,0.2153,0.3449,-176.62,0.0000,0.0000,0.00,-0.0000,0.00,
75.502,1,DRIVE,2.700,0.300,0.000,-0.000,0.000,0.000,0.000,0.000,0.0,0.0,0.2004,0.3440,-176.62,0.0000,0.0000,0.00,-0.0000,0.00,
75.555,1,DRIVE,2.753,0.300,0.000,-0.000,0.000,0.000,0.000,0.000,0.0,0.0,0.1853,0.3431,-176.62,0.0000,0.0000,0.00,-0.0000,0.00,
75.602,1,DRIVE,2.801,0.300,0.000,-0.000,0.000,0.000,0.000,0.000,0.0,0.0,0.1704,0.3422,-176.62,0.0000,0.0000,0.00,0.0000,0.00,
75.654,1,DRIVE,2.852,0.300,0.000,-0.000,0.000,0.000,0.000,0.000,0.0,0.0,0.1548,0.3413,-176.62,0.0000,0.0000,0.00,-0.0000,0.00,
75.702,1,DRIVE,2.901,0.300,0.000,-0.000,0.000,0.000,0.000,0.000,0.0,0.0,0.1404,0.3405,-176.62,0.0000,0.0000,0.00,-0.0000,0.00,
75.752,1,DRIVE,2.951,0.300,0.000,-0.000,0.000,0.000,0.000,0.000,0.0,0.0,0.1254,0.3396,-176.62,0.0000,0.0000,0.00,-0.0000,0.00,
75.805,1,DRIVE,3.003,0.300,0.000,-0.000,0.000,0.000,0.000,0.000,0.0,0.0,0.1105,0.3387,-176.62,0.0000,0.0000,0.00,-0.0000,0.00,
75.853,1,DRIVE,3.052,0.300,0.000,-0.000,0.000,0.000,0.000,0.000,0.0,0.0,0.0951,0.3378,-176.62,0.0000,0.0000,0.00,-0.0000,0.00,
75.903,1,DRIVE,3.102,0.300,0.000,-0.000,0.000,0.000,0.000,0.000,0.0,0.0,0.0801,0.3369,-176.62,0.0000,0.0000,0.00,-0.0000,0.00,
75.952,1,DRIVE,3.150,0.300,0.000,-0.000,0.000,0.000,0.000,0.000,0.0,0.0,0.0656,0.3360,-176.62,0.0000,0.0000,0.00,-0.0000,0.00,
76.002,1,DRIVE,3.201,0.300,0.000,-0.000,0.000,0.000,0.000,0.000,0.0,0.0,0.0506,0.3351,-176.62,0.0000,0.0000,0.00,-0.0000,0.00,
76.057,1,DRIVE,3.255,0.300,0.000,-0.000,0.000,0.000,0.000,0.000,0.0,0.0,0.0350,0.3342,-176.62,0.0000,0.0000,0.00,-0.0000,0.00,
76.102,1,DRIVE,3.301,0.300,0.000,-0.000,0.000,0.000,0.000,0.000,0.0,0.0,0.0205,0.3334,-176.62,0.0000,0.0000,0.00,-0.0000,0.00,
76.154,1,DRIVE,3.352,0.300,0.000,-0.000,0.000,0.000,0.000,0.000,0.0,0.0,0.0051,0.3325,-176.62,0.0000,0.0000,0.00,-0.0000,0.00,
76.206,1,DRIVE,3.404,0.000,0.000,0.000,0.000,0.000,0.000,0.000,0.0,0.0,-0.0098,0.3316,-176.62,0.0000,0.0000,0.00,-0.0000,0.00,FIN_DRIVE_leg1_KF_1.00m
76.207,1,STOP_BEFORE_SPIN,0.001,0.000,0.000,0.000,0.000,0.000,0.000,0.000,0.0,0.0,-0.0098,0.3316,-176.62,0.0000,0.0000,0.00,-0.0000,0.00,
76.252,1,STOP_BEFORE_SPIN,0.045,0.000,0.000,0.000,0.000,0.000,0.000,0.000,0.0,0.0,-0.0098,0.3316,-176.62,0.0000,0.0000,0.00,-0.0000,0.00,
76.303,1,STOP_BEFORE_SPIN,0.096,0.000,0.000,0.000,0.000,0.000,0.000,0.000,0.0,0.0,-0.0098,0.3316,-176.62,0.0000,0.0000,0.00,-0.0000,0.00,
76.352,1,STOP_BEFORE_SPIN,0.146,0.000,0.000,0.000,0.000,0.000,0.000,0.000,0.0,0.0,-0.0098,0.3316,-176.62,0.0000,0.0000,0.00,-0.0000,0.00,
76.402,1,STOP_BEFORE_SPIN,0.196,0.000,0.000,0.000,0.000,0.000,0.000,0.000,0.0,0.0,-0.0098,0.3316,-176.62,0.0000,0.0000,0.00,-0.0000,0.00,
76.452,1,STOP_BEFORE_SPIN,0.246,0.000,0.000,0.000,0.000,0.000,0.000,0.000,0.0,0.0,-0.0098,0.3316,-176.62,0.0000,0.0000,0.00,-0.0000,0.00,
76.502,1,STOP_BEFORE_SPIN,0.295,0.000,0.000,0.000,0.000,0.000,0.000,0.000,0.0,0.0,-0.0098,0.3316,-176.62,0.0000,0.0000,0.00,-0.0000,0.00,
76.552,1,STOP_BEFORE_SPIN,0.346,0.000,0.000,0.000,0.000,0.000,0.000,0.000,0.0,0.0,-0.0098,0.3316,-176.62,0.0000,0.0000,0.00,-0.0000,0.00,
76.602,1,STOP_BEFORE_SPIN,0.396,0.000,0.000,0.000,0.000,0.000,0.000,0.000,0.0,0.0,-0.0098,0.3316,-176.62,0.0000,0.0000,0.00,-0.0000,0.00,
76.652,1,STOP_BEFORE_SPIN,0.446,0.000,0.000,0.000,0.000,0.000,0.000,0.000,0.0,0.0,-0.0098,0.3316,-176.62,0.0000,0.0000,0.00,-0.0000,0.00,
76.703,1,STOP_BEFORE_SPIN,0.497,0.000,0.000,0.000,0.000,0.000,0.000,0.000,0.0,0.0,-0.0098,0.3316,-176.62,0.0000,0.0000,0.00,-0.0000,0.00,
76.753,1,STOP_BEFORE_SPIN,0.547,0.000,0.000,0.000,0.000,0.000,0.000,0.000,0.0,0.0,-0.0098,0.3316,-176.62,0.0000,0.0000,0.00,-0.0000,0.00,
76.803,1,STOP_BEFORE_SPIN,0.597,0.000,0.000,0.000,0.000,0.000,0.000,0.000,0.0,0.0,-0.0098,0.3316,-176.62,0.0000,0.0000,0.00,-0.0000,0.00,
76.854,1,STOP_BEFORE_SPIN,0.647,0.000,0.000,0.000,0.000,0.000,0.000,0.000,0.0,0.0,-0.0098,0.3316,-176.62,0.0000,0.0000,0.00,-0.0000,0.00,
76.902,1,STOP_BEFORE_SPIN,0.696,0.000,0.000,0.000,0.000,0.000,0.000,0.000,0.0,0.0,-0.0098,0.3316,-176.62,0.0000,0.0000,0.00,-0.0000,0.00,
76.952,1,STOP_BEFORE_SPIN,0.746,0.000,0.000,0.000,0.000,0.000,0.000,0.000,0.0,0.0,-0.0098,0.3316,-176.62,0.0000,0.0000,0.00,-0.0000,0.00,
77.001,1,STOP_BEFORE_SPIN,0.795,0.000,0.000,0.000,0.000,0.000,0.000,0.000,0.0,0.0,-0.0098,0.3316,-176.62,0.0000,0.0000,0.00,-0.0000,0.00,
77.052,1,STOP_BEFORE_SPIN,0.846,0.000,0.000,0.000,0.000,0.000,0.000,0.000,0.0,0.0,-0.0098,0.3316,-176.62,0.0000,0.0000,0.00,-0.0000,0.00,
77.102,1,STOP_BEFORE_SPIN,0.896,0.000,0.000,0.000,0.000,0.000,0.000,0.000,0.0,0.0,-0.0098,0.3316,-176.62,0.0000,0.0000,0.00,-0.0000,0.00,
77.152,1,STOP_BEFORE_SPIN,0.946,0.000,0.000,0.000,0.000,0.000,0.000,0.000,0.0,0.0,-0.0098,0.3316,-176.62,0.0000,0.0000,0.00,-0.0000,0.00,
77.204,1,STOP_BEFORE_SPIN,0.998,0.000,0.000,0.000,0.000,0.000,0.000,0.000,0.0,0.0,-0.0098,0.3316,-176.62,0.0000,0.0000,0.00,-0.0000,0.00,
77.254,1,STOP_BEFORE_SPIN,1.048,0.000,0.000,0.000,0.000,0.000,0.000,0.000,0.0,0.0,-0.0098,0.3316,-176.62,0.0000,0.0000,0.00,-0.0000,0.00,INICIO_DRIFT_leg1
77.256,1,DRIFT,0.001,0.000,0.000,0.000,0.000,0.000,0.000,0.000,0.0,0.0,-0.0098,0.3316,-176.62,0.0000,0.0000,0.00,-0.0000,0.00,
77.302,1,DRIFT,0.047,0.000,-0.000,1.000,0.000,0.000,0.000,0.000,0.0,0.0,-0.0098,0.3316,-176.62,0.0000,0.0000,0.00,-0.0000,0.00,
77.352,1,DRIFT,0.097,0.000,-0.000,1.000,0.000,0.000,0.000,0.000,0.0,0.0,-0.0098,0.3316,-173.75,0.0000,0.0000,0.00,-0.0000,0.00,
77.404,1,DRIFT,0.150,0.000,-0.000,1.000,0.000,0.000,0.000,0.000,0.0,0.0,-0.0098,0.3316,-170.76,0.0000,0.0000,0.00,-0.0000,0.00,
77.452,1,DRIFT,0.197,0.000,-0.000,1.000,0.000,0.000,0.000,0.000,0.0,0.0,-0.0098,0.3316,-168.03,0.0000,0.0000,0.00,-0.0000,0.00,
77.502,1,DRIFT,0.247,0.000,-0.000,1.000,0.000,0.000,0.000,0.000,0.0,0.0,-0.0098,0.3316,-165.17,0.0000,0.0000,0.00,-0.0000,0.00,
77.555,1,DRIFT,0.300,0.000,-0.000,1.000,0.000,0.000,0.000,0.000,0.0,0.0,-0.0098,0.3316,-162.30,0.0000,0.0000,0.00,-0.0000,0.00,
77.602,1,DRIFT,0.347,0.000,-0.000,1.000,0.000,0.000,0.000,0.000,0.0,0.0,-0.0098,0.3316,-159.43,0.0000,0.0000,0.00,-0.0000,0.00,
77.652,1,DRIFT,0.397,0.000,-0.000,1.000,0.000,0.000,0.000,0.000,0.0,0.0,-0.0098,0.3316,-156.57,0.0000,0.0000,0.00,-0.0000,0.00,
77.702,1,DRIFT,0.447,0.000,-0.000,1.000,0.000,0.000,0.000,0.000,0.0,0.0,-0.0098,0.3316,-153.70,0.0000,0.0000,0.00,-0.0000,0.00,
77.754,1,DRIFT,0.499,0.000,-0.000,1.000,0.000,0.000,0.000,0.000,0.0,0.0,-0.0098,0.3316,-150.75,0.0000,0.0000,0.00,-0.0000,0.00,
77.805,1,DRIFT,0.550,0.000,-0.000,1.000,0.000,0.000,0.000,0.000,0.0,0.0,-0.0098,0.3316,-147.93,0.0000,0.0000,0.00,-0.0000,0.00,
77.852,1,DRIFT,0.597,0.000,-0.000,1.000,0.000,0.000,0.000,0.000,0.0,0.0,-0.0098,0.3316,-145.12,0.0000,0.0000,0.00,-0.0000,0.00,
77.903,1,DRIFT,0.649,0.000,-0.000,1.000,0.000,0.000,0.000,0.000,0.0,0.0,-0.0098,0.3316,-142.16,0.0000,0.0000,0.00,-0.0000,0.00,
77.952,1,DRIFT,0.697,0.000,-0.000,1.000,0.000,0.000,0.000,0.000,0.0,0.0,-0.0098,0.3316,-139.36,0.0000,0.0000,0.00,-0.0000,0.00,
78.002,1,DRIFT,0.747,0.000,-0.000,1.000,0.000,0.000,0.000,0.000,0.0,0.0,-0.0098,0.3316,-136.52,0.0000,0.0000,0.00,-0.0000,0.00,
78.056,1,DRIFT,0.801,0.000,-0.000,1.000,0.000,0.000,0.000,0.000,0.0,0.0,-0.0098,0.3316,-133.59,0.0000,0.0000,0.00,-0.0000,0.00,
78.102,1,DRIFT,0.847,0.000,-0.000,1.000,0.000,0.000,0.000,0.000,0.0,0.0,-0.0098,0.3316,-130.78,0.0000,0.0000,0.00,-0.0000,0.00,
78.152,1,DRIFT,0.897,0.000,-0.000,1.000,0.000,0.000,0.000,0.000,0.0,0.0,-0.0098,0.3316,-127.92,0.0000,0.0000,0.00,-0.0000,0.00,
78.202,1,DRIFT,0.947,0.000,-0.000,1.000,0.000,0.000,0.000,0.000,0.0,0.0,-0.0098,0.3316,-125.05,0.0000,0.0000,0.00,-0.0000,0.00,
78.252,1,DRIFT,0.997,0.000,-0.000,1.000,0.000,0.000,0.000,0.000,0.0,0.0,-0.0098,0.3316,-122.19,0.0000,0.0000,0.00,-0.0000,0.00,
78.305,1,DRIFT,1.050,0.000,-0.000,1.000,0.000,0.000,0.000,0.000,0.0,0.0,-0.0098,0.3316,-119.33,0.0000,0.0000,0.00,-0.0000,0.00,
78.352,1,DRIFT,1.097,0.000,-0.000,1.000,0.000,0.000,0.000,0.000,0.0,0.0,-0.0098,0.3316,-116.46,0.0000,0.0000,0.00,-0.0000,0.00,
78.403,1,DRIFT,1.148,0.000,-0.000,1.000,0.000,0.000,0.000,0.000,0.0,0.0,-0.0098,0.3316,-113.56,0.0000,0.0000,0.00,-0.0000,0.00,
78.452,1,DRIFT,1.197,0.000,-0.000,1.000,0.000,0.000,0.000,0.000,0.0,0.0,-0.0098,0.3316,-110.74,0.0000,0.0000,0.00,-0.0000,0.00,
78.504,1,DRIFT,1.249,0.000,-0.000,1.000,0.000,0.000,0.000,0.000,0.0,0.0,-0.0098,0.3316,-107.75,0.0000,0.0000,0.00,-0.0000,0.00,
78.555,1,DRIFT,1.300,0.000,-0.000,1.000,0.000,0.000,0.000,0.000,0.0,0.0,-0.0098,0.3316,-104.99,0.0000,0.0000,0.00,-0.0000,0.00,
78.602,1,DRIFT,1.348,0.000,-0.000,1.000,0.000,0.000,0.000,0.000,0.0,0.0,-0.0098,0.3316,-102.12,0.0000,0.0000,0.00,-0.0000,0.00,
78.653,1,DRIFT,1.399,0.000,-0.000,1.000,0.000,0.000,0.000,0.000,0.0,0.0,-0.0098,0.3316,-99.20,0.0000,0.0000,0.00,-0.0000,0.00,
78.702,1,DRIFT,1.447,0.000,-0.000,1.000,0.000,0.000,0.000,0.000,0.0,0.0,-0.0098,0.3316,-96.41,0.0000,0.0000,0.00,-0.0000,0.00,
78.752,1,DRIFT,1.497,0.000,-0.000,1.000,0.000,0.000,0.000,0.000,0.0,0.0,-0.0098,0.3316,-93.53,0.0000,0.0000,0.00,-0.0000,0.00,
78.805,1,DRIFT,1.550,0.000,-0.000,1.000,0.000,0.000,0.000,0.000,0.0,0.0,-0.0098,0.3316,-90.68,0.0000,0.0000,0.00,-0.0000,0.00,
78.853,1,DRIFT,1.598,0.000,-0.000,1.000,0.000,0.000,0.000,0.000,0.0,0.0,-0.0098,0.3316,-87.75,0.0000,0.0000,0.00,-0.0000,0.00,
78.902,1,DRIFT,1.647,0.000,-0.000,1.000,0.000,0.000,0.000,0.000,0.0,0.0,-0.0098,0.3316,-84.96,0.0000,0.0000,0.00,-0.0000,0.00,
78.952,1,DRIFT,1.697,0.000,-0.000,1.000,0.000,0.000,0.000,0.000,0.0,0.0,-0.0098,0.3316,-82.08,0.0000,0.0000,0.00,-0.0000,0.00,
79.002,1,DRIFT,1.747,0.000,-0.000,1.000,0.000,0.000,0.000,0.000,0.0,0.0,-0.0098,0.3316,-79.22,0.0000,0.0000,0.00,-0.0000,0.00,
79.055,1,DRIFT,1.800,0.000,-0.000,1.000,0.000,0.000,0.000,0.000,0.0,0.0,-0.0098,0.3316,-76.35,0.0000,0.0000,0.00,-0.0000,0.00,
79.104,1,DRIFT,1.849,0.000,-0.000,1.000,0.000,0.000,0.000,0.000,0.0,0.0,-0.0098,0.3316,-73.38,0.0000,0.0000,0.00,-0.0000,0.00,
79.152,1,DRIFT,1.897,0.000,-0.000,1.000,0.000,0.000,0.000,0.000,0.0,0.0,-0.0098,0.3316,-70.62,0.0000,0.0000,0.00,-0.0000,0.00,
79.202,1,DRIFT,1.947,0.000,-0.000,1.000,0.000,0.000,0.000,0.000,0.0,0.0,-0.0098,0.3316,-67.76,0.0000,0.0000,0.00,-0.0000,0.00,
79.252,1,DRIFT,1.997,0.000,-0.000,1.000,0.000,0.000,0.000,0.000,0.0,0.0,-0.0098,0.3316,-64.89,0.0000,0.0000,0.00,-0.0000,0.00,
79.305,1,DRIFT,2.050,0.000,-0.000,1.000,0.000,0.000,0.000,0.000,0.0,0.0,-0.0098,0.3316,-62.03,0.0000,0.0000,0.00,-0.0000,0.00,
79.352,1,DRIFT,2.097,0.000,-0.000,1.000,0.000,0.000,0.000,0.000,0.0,0.0,-0.0098,0.3316,-59.17,0.0000,0.0000,0.00,-0.0000,0.00,
79.402,1,DRIFT,2.147,0.000,-0.000,1.000,0.000,0.000,0.000,0.000,0.0,0.0,-0.0098,0.3316,-56.29,0.0000,0.0000,0.00,-0.0000,0.00,
79.452,1,DRIFT,2.197,0.000,-0.000,1.000,0.000,0.000,0.000,0.000,0.0,0.0,-0.0098,0.3316,-53.44,0.0000,0.0000,0.00,-0.0000,0.00,
79.503,1,DRIFT,2.249,0.000,-0.000,1.000,0.000,0.000,0.000,0.000,0.0,0.0,-0.0098,0.3316,-50.50,0.0000,0.0000,0.00,-0.0000,0.00,
79.556,1,DRIFT,2.301,0.000,-0.000,1.000,0.000,0.000,0.000,0.000,0.0,0.0,-0.0098,0.3316,-47.63,0.0000,0.0000,0.00,-0.0000,0.00,
79.602,1,DRIFT,2.347,0.000,-0.000,1.000,0.000,0.000,0.000,0.000,0.0,0.0,-0.0098,0.3316,-44.83,0.0000,0.0000,0.00,-0.0000,0.00,
79.652,1,DRIFT,2.397,0.000,-0.000,1.000,0.000,0.000,0.000,0.000,0.0,0.0,-0.0098,0.3316,-41.98,0.0000,0.0000,0.00,-0.0000,0.00,
79.702,1,DRIFT,2.447,0.000,-0.000,1.000,0.000,0.000,0.000,0.000,0.0,0.0,-0.0098,0.3316,-39.11,0.0000,0.0000,0.00,-0.0000,0.00,
79.754,2,DRIFT,2.500,0.000,0.000,0.000,0.000,0.000,0.000,0.000,0.0,0.0,-0.0098,0.3316,-36.25,0.0000,0.0000,0.00,-0.0000,0.00,FIN_DRIFT_leg1_TIMEOUT_2.5s_2.50s
79.758,2,STOP_BEFORE_DRIVE,0.001,0.000,0.000,0.000,0.000,0.000,0.000,0.000,0.0,0.0,-0.0098,0.3316,-36.25,0.0000,0.0000,0.00,-0.0000,0.00,
79.802,2,STOP_BEFORE_DRIVE,0.045,0.000,0.000,0.000,0.000,0.000,0.000,0.000,0.0,0.0,-0.0098,0.3316,-36.25,0.0000,0.0000,0.00,-0.0000,0.00,
79.852,2,STOP_BEFORE_DRIVE,0.095,0.000,0.000,0.000,0.000,0.000,0.000,0.000,0.0,0.0,-0.0098,0.3316,-36.25,0.0000,0.0000,0.00,-0.0000,0.00,
79.905,2,STOP_BEFORE_DRIVE,0.148,0.000,0.000,0.000,0.000,0.000,0.000,0.000,0.0,0.0,-0.0098,0.3316,-36.25,0.0000,0.0000,0.00,-0.0000,0.00,
79.952,2,STOP_BEFORE_DRIVE,0.195,0.000,0.000,0.000,0.000,0.000,0.000,0.000,0.0,0.0,-0.0098,0.3316,-36.25,0.0000,0.0000,0.00,-0.0000,0.00,
80.004,2,STOP_BEFORE_DRIVE,0.247,0.000,0.000,0.000,0.000,0.000,0.000,0.000,0.0,0.0,-0.0098,0.3316,-36.25,0.0000,0.0000,0.00,-0.0000,0.00,
80.052,2,STOP_BEFORE_DRIVE,0.295,0.000,0.000,0.000,0.000,0.000,0.000,0.000,0.0,0.0,-0.0098,0.3316,-36.25,0.0000,0.0000,0.00,-0.0000,0.00,
80.103,2,STOP_BEFORE_DRIVE,0.346,0.000,0.000,0.000,0.000,0.000,0.000,0.000,0.0,0.0,-0.0098,0.3316,-36.25,0.0000,0.0000,0.00,-0.0000,0.00,
80.154,2,STOP_BEFORE_DRIVE,0.397,0.000,0.000,0.000,0.000,0.000,0.000,0.000,0.0,0.0,-0.0098,0.3316,-36.25,0.0000,0.0000,0.00,-0.0000,0.00,
80.203,2,STOP_BEFORE_DRIVE,0.446,0.000,0.000,0.000,0.000,0.000,0.000,0.000,0.0,0.0,-0.0098,0.3316,-36.25,0.0000,0.0000,0.00,-0.0000,0.00,
80.252,2,STOP_BEFORE_DRIVE,0.495,0.000,0.000,0.000,0.000,0.000,0.000,0.000,0.0,0.0,-0.0098,0.3316,-36.25,0.0000,0.0000,0.00,-0.0000,0.00,
80.302,2,STOP_BEFORE_DRIVE,0.545,0.000,0.000,0.000,0.000,0.000,0.000,0.000,0.0,0.0,-0.0098,0.3316,-36.25,0.0000,0.0000,0.00,-0.0000,0.00,
80.352,2,STOP_BEFORE_DRIVE,0.595,0.000,0.000,0.000,0.000,0.000,0.000,0.000,0.0,0.0,-0.0098,0.3316,-36.25,0.0000,0.0000,0.00,-0.0000,0.00,
80.402,2,STOP_BEFORE_DRIVE,0.645,0.000,0.000,0.000,0.000,0.000,0.000,0.000,0.0,0.0,-0.0098,0.3316,-36.25,0.0000,0.0000,0.00,-0.0000,0.00,
80.452,2,STOP_BEFORE_DRIVE,0.695,0.000,0.000,0.000,0.000,0.000,0.000,0.000,0.0,0.0,-0.0098,0.3316,-36.25,0.0000,0.0000,0.00,-0.0000,0.00,
80.502,2,STOP_BEFORE_DRIVE,0.744,0.000,0.000,0.000,0.000,0.000,0.000,0.000,0.0,0.0,-0.0098,0.3316,-36.25,0.0000,0.0000,0.00,-0.0000,0.00,
80.552,2,STOP_BEFORE_DRIVE,0.795,0.000,0.000,0.000,0.000,0.000,0.000,0.000,0.0,0.0,-0.0098,0.3316,-36.25,0.0000,0.0000,0.00,-0.0000,0.00,
80.604,2,STOP_BEFORE_DRIVE,0.847,0.000,0.000,0.000,0.000,0.000,0.000,0.000,0.0,0.0,-0.0098,0.3316,-36.25,0.0000,0.0000,0.00,-0.0000,0.00,
80.652,2,STOP_BEFORE_DRIVE,0.895,0.000,0.000,0.000,0.000,0.000,0.000,0.000,0.0,0.0,-0.0098,0.3316,-36.25,0.0000,0.0000,0.00,-0.0000,0.00,
80.702,2,STOP_BEFORE_DRIVE,0.945,0.000,0.000,0.000,0.000,0.000,0.000,0.000,0.0,0.0,-0.0098,0.3316,-36.25,0.0000,0.0000,0.00,-0.0000,0.00,
80.752,2,STOP_BEFORE_DRIVE,0.995,0.000,0.000,0.000,0.000,0.000,0.000,0.000,0.0,0.0,-0.0098,0.3316,-36.25,0.0000,0.0000,0.00,-0.0000,0.00,
80.802,2,DRIVE,0.001,0.000,0.000,0.000,0.000,0.000,0.000,0.000,0.0,0.0,-0.0098,0.3316,-36.25,0.0000,0.0000,0.00,0.0000,0.00,
80.852,2,DRIVE,0.051,0.300,0.000,-0.000,0.000,0.000,0.000,0.000,0.0,0.0,-0.0098,0.3316,-36.25,0.0000,0.0000,0.00,0.0000,0.00,
80.903,2,DRIVE,0.101,0.300,0.000,-0.000,0.000,0.000,0.000,0.000,0.0,0.0,0.0024,0.3226,-36.25,0.0000,0.0000,0.00,0.0000,0.00,
80.952,2,DRIVE,0.150,0.300,0.000,-0.000,0.000,0.000,0.000,0.000,0.0,0.0,0.0143,0.3139,-36.25,0.0000,0.0000,0.00,0.0000,0.00,
81.004,2,DRIVE,0.203,0.300,0.000,-0.000,0.000,0.000,0.000,0.000,0.0,0.0,0.0269,0.3047,-36.25,0.0000,0.0000,0.00,0.0000,0.00,
81.055,2,DRIVE,0.254,0.300,0.000,-0.000,0.000,0.000,0.000,0.000,0.0,0.0,0.0387,0.2960,-36.25,0.0000,0.0000,0.00,0.0000,0.00,
81.102,2,DRIVE,0.300,0.300,0.000,-0.000,0.000,0.000,0.000,0.000,0.0,0.0,0.0505,0.2873,-36.25,0.0000,0.0000,0.00,0.0000,0.00,
81.152,2,DRIVE,0.350,0.300,0.000,-0.000,0.000,0.000,0.000,0.000,0.0,0.0,0.0626,0.2784,-36.25,0.0000,0.0000,0.00,0.0000,0.00,
81.202,2,DRIVE,0.400,0.300,0.000,-0.000,0.000,0.000,0.000,0.000,0.0,0.0,0.0747,0.2696,-36.25,0.0000,0.0000,0.00,0.0000,0.00,
81.252,2,DRIVE,0.450,0.300,0.000,-0.000,0.000,0.000,0.000,0.000,0.0,0.0,0.0868,0.2607,-36.25,0.0000,0.0000,0.00,0.0000,0.00,
81.305,2,DRIVE,0.503,0.300,0.000,-0.000,0.000,0.000,0.000,0.000,0.0,0.0,0.0989,0.2518,-36.25,0.0000,0.0000,0.00,0.0000,0.00,
81.352,2,DRIVE,0.551,0.300,0.000,-0.000,0.000,0.000,0.000,0.000,0.0,0.0,0.1111,0.2430,-36.25,0.0000,0.0000,0.00,0.0000,0.00,
81.402,2,DRIVE,0.601,0.300,0.000,-0.000,0.000,0.000,0.000,0.000,0.0,0.0,0.1231,0.2341,-36.25,0.0000,0.0000,0.00,0.0000,0.00,
81.453,2,DRIVE,0.651,0.300,0.000,-0.000,0.000,0.000,0.000,0.000,0.0,0.0,0.1354,0.2251,-36.25,0.0000,0.0000,0.00,0.0000,0.00,
81.502,2,DRIVE,0.701,0.300,0.000,-0.000,0.000,0.000,0.000,0.000,0.0,0.0,0.1473,0.2163,-36.25,0.0000,0.0000,0.00,0.0000,0.00,
81.555,2,DRIVE,0.753,0.300,0.000,-0.000,0.000,0.000,0.000,0.000,0.0,0.0,0.1594,0.2075,-36.25,0.0000,0.0000,0.00,0.0000,0.00,
81.603,2,DRIVE,0.802,0.300,0.000,-0.000,0.000,0.000,0.000,0.000,0.0,0.0,0.1719,0.1984,-36.25,0.0000,0.0000,0.00,0.0000,0.00,
81.652,2,DRIVE,0.850,0.300,0.000,-0.000,0.000,0.000,0.000,0.000,0.0,0.0,0.1836,0.1898,-36.25,0.0000,0.0000,0.00,0.0000,0.00,
81.703,2,DRIVE,0.902,0.300,0.000,-0.000,0.000,0.000,0.000,0.000,0.0,0.0,0.1960,0.1807,-36.25,0.0000,0.0000,0.00,0.0000,0.00,
81.752,2,DRIVE,0.951,0.300,0.000,-0.000,0.000,0.000,0.000,0.000,0.0,0.0,0.2078,0.1720,-36.25,0.0000,0.0000,0.00,0.0000,0.00,
81.805,2,DRIVE,1.004,0.300,0.000,-0.000,0.000,0.000,0.000,0.000,0.0,0.0,0.2201,0.1630,-36.25,0.0000,0.0000,0.00,0.0000,0.00,
81.852,2,DRIVE,1.050,0.300,0.000,-0.000,0.000,0.000,0.000,0.000,0.0,0.0,0.2320,0.1543,-36.25,0.0000,0.0000,0.00,0.0000,0.00,
81.902,2,DRIVE,1.101,0.300,0.000,-0.000,0.000,0.000,0.000,0.000,0.0,0.0,0.2441,0.1454,-36.25,0.0000,0.0000,0.00,0.0000,0.00,
81.952,2,DRIVE,1.151,0.300,0.000,-0.000,0.000,0.000,0.000,0.000,0.0,0.0,0.2563,0.1364,-36.25,0.0000,0.0000,0.00,0.0000,0.00,
82.002,2,DRIVE,1.201,0.300,0.000,-0.000,0.000,0.000,0.000,0.000,0.0,0.0,0.2683,0.1276,-36.25,0.0000,0.0000,0.00,0.0000,0.00,
82.055,2,DRIVE,1.253,0.300,0.000,-0.000,0.000,0.000,0.000,0.000,0.0,0.0,0.2804,0.1188,-36.25,0.0000,0.0000,0.00,0.0000,0.00,
82.103,2,DRIVE,1.302,0.300,0.000,-0.000,0.000,0.000,0.000,0.000,0.0,0.0,0.2928,0.1097,-36.25,0.0000,0.0000,0.00,0.0000,0.00,
82.153,2,DRIVE,1.351,0.300,0.000,-0.000,0.000,0.000,0.000,0.000,0.0,0.0,0.3048,0.1009,-36.25,0.0000,0.0000,0.00,0.0000,0.00,
82.202,2,DRIVE,1.401,0.300,0.000,-0.000,0.000,0.000,0.000,0.000,0.0,0.0,0.3167,0.0922,-36.25,0.0000,0.0000,0.00,0.0000,0.00,
82.252,2,DRIVE,1.450,0.300,0.000,-0.000,0.000,0.000,0.000,0.000,0.0,0.0,0.3288,0.0833,-36.25,0.0000,0.0000,0.00,0.0000,0.00,
82.305,2,DRIVE,1.503,0.300,0.000,-0.000,0.000,0.000,0.000,0.000,0.0,0.0,0.3409,0.0744,-36.25,0.0000,0.0000,0.00,0.0000,0.00,
82.353,2,DRIVE,1.551,0.300,0.000,-0.000,0.000,0.000,0.000,0.000,0.0,0.0,0.3531,0.0655,-36.25,0.0000,0.0000,0.00,0.0000,0.00,
82.402,2,DRIVE,1.601,0.300,0.000,-0.000,0.000,0.000,0.000,0.000,0.0,0.0,0.3651,0.0567,-36.25,0.0000,0.0000,0.00,0.0000,0.00,
82.452,2,DRIVE,1.651,0.300,0.000,-0.000,0.000,0.000,0.000,0.000,0.0,0.0,0.3772,0.0478,-36.25,0.0000,0.0000,0.00,0.0000,0.00,
82.502,2,DRIVE,1.701,0.300,0.000,-0.000,0.000,0.000,0.000,0.000,0.0,0.0,0.3893,0.0390,-36.25,0.0000,0.0000,0.00,0.0000,0.00,
82.555,2,DRIVE,1.753,0.300,0.000,-0.000,0.000,0.000,0.000,0.000,0.0,0.0,0.4014,0.0301,-36.25,0.0000,0.0000,0.00,0.0000,0.00,
82.603,2,DRIVE,1.802,0.300,0.000,-0.000,0.000,0.000,0.000,0.000,0.0,0.0,0.4137,0.0210,-36.25,0.0000,0.0000,0.00,0.0000,0.00,
82.653,2,DRIVE,1.852,0.300,0.000,-0.000,0.000,0.000,0.000,0.000,0.0,0.0,0.4259,0.0121,-36.25,0.0000,0.0000,0.00,0.0000,0.00,
82.702,2,DRIVE,1.901,0.300,0.000,-0.000,0.000,0.000,0.000,0.000,0.0,0.0,0.4377,0.0035,-36.25,0.0000,0.0000,0.00,0.0000,0.00,
82.753,2,DRIVE,1.951,0.300,0.000,-0.000,0.000,0.000,0.000,0.000,0.0,0.0,0.4499,-0.0055,-36.25,0.0000,0.0000,0.00,0.0000,0.00,
82.807,2,DRIVE,2.005,0.300,0.000,-0.000,0.000,0.000,0.000,0.000,0.0,0.0,0.4623,-0.0146,-36.25,0.0000,0.0000,0.00,0.0000,0.00,
82.854,2,DRIVE,2.052,0.300,0.000,-0.000,0.000,0.000,0.000,0.000,0.0,0.0,0.4743,-0.0234,-36.25,0.0000,0.0000,0.00,0.0000,0.00,
82.902,2,DRIVE,2.101,0.300,0.000,-0.000,0.000,0.000,0.000,0.000,0.0,0.0,0.4861,-0.0320,-36.25,0.0000,0.0000,0.00,0.0000,0.00,
82.952,2,DRIVE,2.151,0.300,0.000,-0.000,0.000,0.000,0.000,0.000,0.0,0.0,0.4982,-0.0409,-36.25,0.0000,0.0000,0.00,0.0000,0.00,
83.002,2,DRIVE,2.201,0.300,0.000,-0.000,0.000,0.000,0.000,0.000,0.0,0.0,0.5103,-0.0498,-36.25,0.0000,0.0000,0.00,0.0000,0.00,
83.055,2,DRIVE,2.253,0.300,0.000,-0.000,0.000,0.000,0.000,0.000,0.0,0.0,0.5224,-0.0586,-36.25,0.0000,0.0000,0.00,0.0000,0.00,
83.102,2,DRIVE,2.301,0.300,0.000,-0.000,0.000,0.000,0.000,0.000,0.0,0.0,0.5345,-0.0675,-36.25,0.0000,0.0000,0.00,0.0000,0.00,
83.152,2,DRIVE,2.351,0.300,0.000,-0.000,0.000,0.000,0.000,0.000,0.0,0.0,0.5465,-0.0763,-36.25,0.0000,0.0000,0.00,0.0000,0.00,
83.202,2,DRIVE,2.401,0.300,0.000,-0.000,0.000,0.000,0.000,0.000,0.0,0.0,0.5587,-0.0852,-36.25,0.0000,0.0000,0.00,0.0000,0.00,
83.252,2,DRIVE,2.451,0.300,0.000,-0.000,0.000,0.000,0.000,0.000,0.0,0.0,0.5708,-0.0941,-36.25,0.0000,0.0000,0.00,0.0000,0.00,
83.305,2,DRIVE,2.504,0.300,0.000,-0.000,0.000,0.000,0.000,0.000,0.0,0.0,0.5829,-0.1030,-36.25,0.0000,0.0000,0.00,0.0000,0.00,
83.352,2,DRIVE,2.551,0.300,0.000,-0.000,0.000,0.000,0.000,0.000,0.0,0.0,0.5950,-0.1118,-36.25,0.0000,0.0000,0.00,0.0000,0.00,
83.404,2,DRIVE,2.602,0.300,0.000,-0.000,0.000,0.000,0.000,0.000,0.0,0.0,0.6074,-0.1210,-36.25,0.0000,0.0000,0.00,0.0000,0.00,
83.452,2,DRIVE,2.651,0.300,0.000,-0.000,0.000,0.000,0.000,0.000,0.0,0.0,0.6192,-0.1296,-36.25,0.0000,0.0000,0.00,0.0000,0.00,
83.503,2,DRIVE,2.702,0.300,0.000,-0.000,0.000,0.000,0.000,0.000,0.0,0.0,0.6315,-0.1386,-36.25,0.0000,0.0000,0.00,0.0000,0.00,
83.556,2,DRIVE,2.755,0.300,0.000,-0.000,0.000,0.000,0.000,0.000,0.0,0.0,0.6436,-0.1475,-36.25,0.0000,0.0000,0.00,0.0000,0.00,
83.604,2,DRIVE,2.803,0.300,0.000,-0.000,0.000,0.000,0.000,0.000,0.0,0.0,0.6559,-0.1565,-36.25,0.0000,0.0000,0.00,0.0000,0.00,
83.654,2,DRIVE,2.852,0.300,0.000,-0.000,0.000,0.000,0.000,0.000,0.0,0.0,0.6679,-0.1653,-36.25,0.0000,0.0000,0.00,0.0000,0.00,
83.702,2,DRIVE,2.901,0.300,0.000,-0.000,0.000,0.000,0.000,0.000,0.0,0.0,0.6797,-0.1739,-36.25,0.0000,0.0000,0.00,0.0000,0.00,
83.753,2,DRIVE,2.951,0.300,0.000,-0.000,0.000,0.000,0.000,0.000,0.0,0.0,0.6918,-0.1829,-36.25,0.0000,0.0000,0.00,0.0000,0.00,
83.805,2,DRIVE,3.004,0.300,0.000,-0.000,0.000,0.000,0.000,0.000,0.0,0.0,0.7040,-0.1918,-36.25,0.0000,0.0000,0.00,0.0000,0.00,
83.852,2,DRIVE,3.051,0.300,0.000,-0.000,0.000,0.000,0.000,0.000,0.0,0.0,0.7159,-0.2005,-36.25,0.0000,0.0000,0.00,0.0000,0.00,
83.902,2,DRIVE,3.101,0.300,0.000,-0.000,0.000,0.000,0.000,0.000,0.0,0.0,0.7280,-0.2094,-36.25,0.0000,0.0000,0.00,0.0000,0.00,
83.952,2,DRIVE,3.151,0.300,0.000,-0.000,0.000,0.000,0.000,0.000,0.0,0.0,0.7401,-0.2182,-36.25,0.0000,0.0000,0.00,0.0000,0.00,
84.002,2,DRIVE,3.201,0.300,0.000,-0.000,0.000,0.000,0.000,0.000,0.0,0.0,0.7522,-0.2271,-36.25,0.0000,0.0000,0.00,0.0000,0.00,
84.055,2,DRIVE,3.253,0.300,0.000,-0.000,0.000,0.000,0.000,0.000,0.0,0.0,0.7643,-0.2360,-36.25,0.0000,0.0000,0.00,0.0000,0.00,
84.102,2,DRIVE,3.301,0.300,0.000,-0.000,0.000,0.000,0.000,0.000,0.0,0.0,0.7764,-0.2449,-36.25,0.0000,0.0000,0.00,0.0000,0.00,
84.153,2,DRIVE,3.351,0.300,0.000,-0.000,0.000,0.000,0.000,0.000,0.0,0.0,0.7886,-0.2538,-36.25,0.0000,0.0000,0.00,0.0000,0.00,
84.205,2,DRIVE,3.404,0.000,0.000,0.000,0.000,0.000,0.000,0.000,0.0,0.0,0.8008,-0.2627,-36.25,0.0000,0.0000,0.00,0.0000,0.00,FIN_DRIVE_leg2_KF_1.01m
84.206,2,STOP_BEFORE_SPIN,0.001,0.000,0.000,0.000,0.000,0.000,0.000,0.000,0.0,0.0,0.8008,-0.2627,-36.25,0.0000,0.0000,0.00,0.0000,0.00,
84.252,2,STOP_BEFORE_SPIN,0.047,0.000,0.000,0.000,0.000,0.000,0.000,0.000,0.0,0.0,0.8008,-0.2627,-36.25,0.0000,0.0000,0.00,0.0000,0.00,
84.305,2,STOP_BEFORE_SPIN,0.099,0.000,0.000,0.000,0.000,0.000,0.000,0.000,0.0,0.0,0.8008,-0.2627,-36.25,0.0000,0.0000,0.00,0.0000,0.00,
84.353,2,STOP_BEFORE_SPIN,0.147,0.000,0.000,0.000,0.000,0.000,0.000,0.000,0.0,0.0,0.8008,-0.2627,-36.25,0.0000,0.0000,0.00,0.0000,0.00,
84.402,2,STOP_BEFORE_SPIN,0.196,0.000,0.000,0.000,0.000,0.000,0.000,0.000,0.0,0.0,0.8008,-0.2627,-36.25,0.0000,0.0000,0.00,0.0000,0.00,
84.453,2,STOP_BEFORE_SPIN,0.247,0.000,0.000,0.000,0.000,0.000,0.000,0.000,0.0,0.0,0.8008,-0.2627,-36.25,0.0000,0.0000,0.00,0.0000,0.00,
84.502,2,STOP_BEFORE_SPIN,0.296,0.000,0.000,0.000,0.000,0.000,0.000,0.000,0.0,0.0,0.8008,-0.2627,-36.25,0.0000,0.0000,0.00,0.0000,0.00,
84.552,2,STOP_BEFORE_SPIN,0.346,0.000,0.000,0.000,0.000,0.000,0.000,0.000,0.0,0.0,0.8008,-0.2627,-36.25,0.0000,0.0000,0.00,0.0000,0.00,
84.604,2,STOP_BEFORE_SPIN,0.398,0.000,0.000,0.000,0.000,0.000,0.000,0.000,0.0,0.0,0.8008,-0.2627,-36.25,0.0000,0.0000,0.00,0.0000,0.00,
84.652,2,STOP_BEFORE_SPIN,0.446,0.000,0.000,0.000,0.000,0.000,0.000,0.000,0.0,0.0,0.8008,-0.2627,-36.25,0.0000,0.0000,0.00,0.0000,0.00,
84.704,2,STOP_BEFORE_SPIN,0.498,0.000,0.000,0.000,0.000,0.000,0.000,0.000,0.0,0.0,0.8008,-0.2627,-36.25,0.0000,0.0000,0.00,0.0000,0.00,
84.752,2,STOP_BEFORE_SPIN,0.546,0.000,0.000,0.000,0.000,0.000,0.000,0.000,0.0,0.0,0.8008,-0.2627,-36.25,0.0000,0.0000,0.00,0.0000,0.00,
84.804,2,STOP_BEFORE_SPIN,0.598,0.000,0.000,0.000,0.000,0.000,0.000,0.000,0.0,0.0,0.8008,-0.2627,-36.25,0.0000,0.0000,0.00,0.0000,0.00,
84.852,2,STOP_BEFORE_SPIN,0.647,0.000,0.000,0.000,0.000,0.000,0.000,0.000,0.0,0.0,0.8008,-0.2627,-36.25,0.0000,0.0000,0.00,0.0000,0.00,
84.904,2,STOP_BEFORE_SPIN,0.698,0.000,0.000,0.000,0.000,0.000,0.000,0.000,0.0,0.0,0.8008,-0.2627,-36.25,0.0000,0.0000,0.00,0.0000,0.00,
84.953,2,STOP_BEFORE_SPIN,0.747,0.000,0.000,0.000,0.000,0.000,0.000,0.000,0.0,0.0,0.8008,-0.2627,-36.25,0.0000,0.0000,0.00,0.0000,0.00,
85.002,2,STOP_BEFORE_SPIN,0.797,0.000,0.000,0.000,0.000,0.000,0.000,0.000,0.0,0.0,0.8008,-0.2627,-36.25,0.0000,0.0000,0.00,0.0000,0.00,
85.053,2,STOP_BEFORE_SPIN,0.848,0.000,0.000,0.000,0.000,0.000,0.000,0.000,0.0,0.0,0.8008,-0.2627,-36.25,0.0000,0.0000,0.00,0.0000,0.00,
85.102,2,STOP_BEFORE_SPIN,0.896,0.000,0.000,0.000,0.000,0.000,0.000,0.000,0.0,0.0,0.8008,-0.2627,-36.25,0.0000,0.0000,0.00,0.0000,0.00,
85.153,2,STOP_BEFORE_SPIN,0.948,0.000,0.000,0.000,0.000,0.000,0.000,0.000,0.0,0.0,0.8008,-0.2627,-36.25,0.0000,0.0000,0.00,0.0000,0.00,
85.202,2,STOP_BEFORE_SPIN,0.997,0.000,0.000,0.000,0.000,0.000,0.000,0.000,0.0,0.0,0.8008,-0.2627,-36.25,0.0000,0.0000,0.00,0.0000,0.00,
85.254,2,STOP_BEFORE_SPIN,1.049,0.000,0.000,0.000,0.000,0.000,0.000,0.000,0.0,0.0,0.8008,-0.2627,-36.25,0.0000,0.0000,0.00,0.0000,0.00,INICIO_DRIFT_leg2
85.256,2,DRIFT,0.001,0.000,0.000,0.000,0.000,0.000,0.000,0.000,0.0,0.0,0.8008,-0.2627,-36.25,0.0000,0.0000,0.00,0.0000,0.00,
85.302,2,DRIFT,0.047,0.000,-0.000,1.000,0.000,0.000,0.000,0.000,0.0,0.0,0.8008,-0.2627,-36.25,0.0000,0.0000,0.00,0.0000,0.00,
85.352,2,DRIFT,0.097,0.000,-0.000,1.000,0.000,0.000,0.000,0.000,0.0,0.0,0.8008,-0.2627,-33.40,0.0000,0.0000,0.00,0.0000,0.00,
85.404,2,DRIFT,0.149,0.000,-0.000,1.000,0.000,0.000,0.000,0.000,0.0,0.0,0.8008,-0.2627,-30.40,0.0000,0.0000,0.00,0.0000,0.00,
85.453,2,DRIFT,0.198,0.000,-0.000,1.000,0.000,0.000,0.000,0.000,0.0,0.0,0.8008,-0.2627,-27.62,0.0000,0.0000,0.00,0.0000,0.00,
85.502,2,DRIFT,0.247,0.000,-0.000,1.000,0.000,0.000,0.000,0.000,0.0,0.0,0.8008,-0.2627,-24.82,0.0000,0.0000,0.00,0.0000,0.00,
85.555,2,DRIFT,0.300,0.000,-0.000,1.000,0.000,0.000,0.000,0.000,0.0,0.0,0.8008,-0.2627,-21.94,0.0000,0.0000,0.00,0.0000,0.00,
85.602,2,DRIFT,0.347,0.000,-0.000,1.000,0.000,0.000,0.000,0.000,0.0,0.0,0.8008,-0.2627,-19.07,0.0000,0.0000,0.00,0.0000,0.00,
85.654,2,DRIFT,0.399,0.000,-0.000,1.000,0.000,0.000,0.000,0.000,0.0,0.0,0.8008,-0.2627,-16.12,0.0000,0.0000,0.00,0.0000,0.00,
85.703,2,DRIFT,0.448,0.000,-0.000,1.000,0.000,0.000,0.000,0.000,0.0,0.0,0.8008,-0.2627,-13.31,0.0000,0.0000,0.00,0.0000,0.00,
85.752,2,DRIFT,0.497,0.000,-0.000,1.000,0.000,0.000,0.000,0.000,0.0,0.0,0.8008,-0.2627,-10.47,0.0000,0.0000,0.00,0.0000,0.00,
85.805,2,DRIFT,0.550,0.000,-0.000,1.000,0.000,0.000,0.000,0.000,0.0,0.0,0.8008,-0.2627,-7.61,0.0000,0.0000,0.00,0.0000,0.00,
85.852,2,DRIFT,0.597,0.000,-0.000,1.000,0.000,0.000,0.000,0.000,0.0,0.0,0.8008,-0.2627,-4.74,0.0000,0.0000,0.00,0.0000,0.00,
85.902,2,DRIFT,0.647,0.000,-0.000,1.000,0.000,0.000,0.000,0.000,0.0,0.0,0.8008,-0.2627,-1.88,0.0000,0.0000,0.00,0.0000,0.00,
85.952,2,DRIFT,0.697,0.000,-0.000,1.000,0.000,0.000,0.000,0.000,0.0,0.0,0.8008,-0.2627,0.99,0.0000,0.0000,0.00,0.0000,0.00,
86.002,2,DRIFT,0.747,0.000,-0.000,1.000,0.000,0.000,0.000,0.000,0.0,0.0,0.8008,-0.2627,3.85,0.0000,0.0000,0.00,0.0000,0.00,
86.055,2,DRIFT,0.800,0.000,-0.000,1.000,0.000,0.000,0.000,0.000,0.0,0.0,0.8008,-0.2627,6.71,0.0000,0.0000,0.00,0.0000,0.00,
86.104,2,DRIFT,0.849,0.000,-0.000,1.000,0.000,0.000,0.000,0.000,0.0,0.0,0.8008,-0.2627,9.70,0.0000,0.0000,0.00,0.0000,0.00,
86.152,2,DRIFT,0.897,0.000,-0.000,1.000,0.000,0.000,0.000,0.000,0.0,0.0,0.8008,-0.2627,12.44,0.0000,0.0000,0.00,0.0000,0.00,
86.202,2,DRIFT,0.947,0.000,-0.000,1.000,0.000,0.000,0.000,0.000,0.0,0.0,0.8008,-0.2627,15.30,0.0000,0.0000,0.00,0.0000,0.00,
86.252,2,DRIFT,0.997,0.000,-0.000,1.000,0.000,0.000,0.000,0.000,0.0,0.0,0.8008,-0.2627,18.17,0.0000,0.0000,0.00,0.0000,0.00,
86.304,2,DRIFT,1.049,0.000,-0.000,1.000,0.000,0.000,0.000,0.000,0.0,0.0,0.8008,-0.2627,21.03,0.0000,0.0000,0.00,0.0000,0.00,
86.352,2,DRIFT,1.097,0.000,-0.000,1.000,0.000,0.000,0.000,0.000,0.0,0.0,0.8008,-0.2627,23.91,0.0000,0.0000,0.00,0.0000,0.00,
86.403,2,DRIFT,1.148,0.000,-0.000,1.000,0.000,0.000,0.000,0.000,0.0,0.0,0.8008,-0.2627,26.80,0.0000,0.0000,0.00,0.0000,0.00,
86.452,2,DRIFT,1.197,0.000,-0.000,1.000,0.000,0.000,0.000,0.000,0.0,0.0,0.8008,-0.2627,29.63,0.0000,0.0000,0.00,0.0000,0.00,
86.502,2,DRIFT,1.247,0.000,-0.000,1.000,0.000,0.000,0.000,0.000,0.0,0.0,0.8008,-0.2627,32.49,0.0000,0.0000,0.00,0.0000,0.00,
86.555,2,DRIFT,1.300,0.000,-0.000,1.000,0.000,0.000,0.000,0.000,0.0,0.0,0.8008,-0.2627,35.36,0.0000,0.0000,0.00,0.0000,0.00,
86.602,2,DRIFT,1.347,0.000,-0.000,1.000,0.000,0.000,0.000,0.000,0.0,0.0,0.8008,-0.2627,38.22,0.0000,0.0000,0.00,0.0000,0.00,
86.652,2,DRIFT,1.397,0.000,-0.000,1.000,0.000,0.000,0.000,0.000,0.0,0.0,0.8008,-0.2627,41.09,0.0000,0.0000,0.00,0.0000,0.00,
86.702,2,DRIFT,1.447,0.000,-0.000,1.000,0.000,0.000,0.000,0.000,0.0,0.0,0.8008,-0.2627,43.95,0.0000,0.0000,0.00,0.0000,0.00,
86.752,2,DRIFT,1.497,0.000,-0.000,1.000,0.000,0.000,0.000,0.000,0.0,0.0,0.8008,-0.2627,46.81,0.0000,0.0000,0.00,0.0000,0.00,
86.805,2,DRIFT,1.550,0.000,-0.000,1.000,0.000,0.000,0.000,0.000,0.0,0.0,0.8008,-0.2627,49.69,0.0000,0.0000,0.00,0.0000,0.00,
86.852,2,DRIFT,1.597,0.000,-0.000,1.000,0.000,0.000,0.000,0.000,0.0,0.0,0.8008,-0.2627,52.54,0.0000,0.0000,0.00,0.0000,0.00,
86.902,2,DRIFT,1.647,0.000,-0.000,1.000,0.000,0.000,0.000,0.000,0.0,0.0,0.8008,-0.2627,55.41,0.0000,0.0000,0.00,0.0000,0.00,
86.952,2,DRIFT,1.697,0.000,-0.000,1.000,0.000,0.000,0.000,0.000,0.0,0.0,0.8008,-0.2627,58.27,0.0000,0.0000,0.00,0.0000,0.00,
87.002,2,DRIFT,1.747,0.000,-0.000,1.000,0.000,0.000,0.000,0.000,0.0,0.0,0.8008,-0.2627,61.15,0.0000,0.0000,0.00,0.0000,0.00,
87.055,2,DRIFT,1.800,0.000,-0.000,1.000,0.000,0.000,0.000,0.000,0.0,0.0,0.8008,-0.2627,64.00,0.0000,0.0000,0.00,0.0000,0.00,
87.102,2,DRIFT,1.847,0.000,-0.000,1.000,0.000,0.000,0.000,0.000,0.0,0.0,0.8008,-0.2627,66.87,0.0000,0.0000,0.00,0.0000,0.00,
87.152,2,DRIFT,1.897,0.000,-0.000,1.000,0.000,0.000,0.000,0.000,0.0,0.0,0.8008,-0.2627,69.74,0.0000,0.0000,0.00,0.0000,0.00,
87.202,2,DRIFT,1.947,0.000,-0.000,1.000,0.000,0.000,0.000,0.000,0.0,0.0,0.8008,-0.2627,72.60,0.0000,0.0000,0.00,0.0000,0.00,
87.252,2,DRIFT,1.997,0.000,-0.000,1.000,0.000,0.000,0.000,0.000,0.0,0.0,0.8008,-0.2627,75.46,0.0000,0.0000,0.00,0.0000,0.00,
87.305,2,DRIFT,2.050,0.000,-0.000,1.000,0.000,0.000,0.000,0.000,0.0,0.0,0.8008,-0.2627,78.33,0.0000,0.0000,0.00,0.0000,0.00,
87.352,2,DRIFT,2.097,0.000,-0.000,1.000,0.000,0.000,0.000,0.000,0.0,0.0,0.8008,-0.2627,81.19,0.0000,0.0000,0.00,0.0000,0.00,
87.402,2,DRIFT,2.147,0.000,-0.000,1.000,0.000,0.000,0.000,0.000,0.0,0.0,0.8008,-0.2627,84.06,0.0000,0.0000,0.00,0.0000,0.00,
87.452,2,DRIFT,2.197,0.000,-0.000,1.000,0.000,0.000,0.000,0.000,0.0,0.0,0.8008,-0.2627,86.92,0.0000,0.0000,0.00,0.0000,0.00,
87.502,2,DRIFT,2.247,0.000,-0.000,1.000,0.000,0.000,0.000,0.000,0.0,0.0,0.8008,-0.2627,89.80,0.0000,0.0000,0.00,0.0000,0.00,
87.555,2,DRIFT,2.300,0.000,-0.000,1.000,0.000,0.000,0.000,0.000,0.0,0.0,0.8008,-0.2627,92.69,0.0000,0.0000,0.00,0.0000,0.00,
87.602,2,DRIFT,2.347,0.000,-0.000,1.000,0.000,0.000,0.000,0.000,0.0,0.0,0.8008,-0.2627,95.53,0.0000,0.0000,0.00,0.0000,0.00,
87.652,2,DRIFT,2.397,0.000,-0.000,1.000,0.000,0.000,0.000,0.000,0.0,0.0,0.8008,-0.2627,98.38,0.0000,0.0000,0.00,0.0000,0.00,
87.702,2,DRIFT,2.447,0.000,-0.000,1.000,0.000,0.000,0.000,0.000,0.0,0.0,0.8008,-0.2627,101.25,0.0000,0.0000,0.00,0.0000,0.00,
87.754,3,DRIFT,2.499,0.000,0.000,0.000,0.000,0.000,0.000,0.000,0.0,0.0,0.8008,-0.2627,104.11,0.0000,0.0000,0.00,0.0000,0.00,FIN_DRIFT_leg2_TIMEOUT_2.5s_2.50s
87.758,3,STOP_BEFORE_DRIVE,0.001,0.000,0.000,0.000,0.000,0.000,0.000,0.000,0.0,0.0,0.8008,-0.2627,104.11,0.0000,0.0000,0.00,0.0000,0.00,
87.802,3,STOP_BEFORE_DRIVE,0.045,0.000,0.000,0.000,0.000,0.000,0.000,0.000,0.0,0.0,0.8008,-0.2627,104.11,0.0000,0.0000,0.00,0.0000,0.00,
87.852,3,STOP_BEFORE_DRIVE,0.095,0.000,0.000,0.000,0.000,0.000,0.000,0.000,0.0,0.0,0.8008,-0.2627,104.11,0.0000,0.0000,0.00,0.0000,0.00,
87.902,3,STOP_BEFORE_DRIVE,0.145,0.000,0.000,0.000,0.000,0.000,0.000,0.000,0.0,0.0,0.8008,-0.2627,104.11,0.0000,0.0000,0.00,0.0000,0.00,
87.952,3,STOP_BEFORE_DRIVE,0.195,0.000,0.000,0.000,0.000,0.000,0.000,0.000,0.0,0.0,0.8008,-0.2627,104.11,0.0000,0.0000,0.00,0.0000,0.00,
88.002,3,STOP_BEFORE_DRIVE,0.245,0.000,0.000,0.000,0.000,0.000,0.000,0.000,0.0,0.0,0.8008,-0.2627,104.11,0.0000,0.0000,0.00,0.0000,0.00,
88.052,3,STOP_BEFORE_DRIVE,0.295,0.000,0.000,0.000,0.000,0.000,0.000,0.000,0.0,0.0,0.8008,-0.2627,104.11,0.0000,0.0000,0.00,0.0000,0.00,
88.102,3,STOP_BEFORE_DRIVE,0.345,0.000,0.000,0.000,0.000,0.000,0.000,0.000,0.0,0.0,0.8008,-0.2627,104.11,0.0000,0.0000,0.00,0.0000,0.00,
88.152,3,STOP_BEFORE_DRIVE,0.395,0.000,0.000,0.000,0.000,0.000,0.000,0.000,0.0,0.0,0.8008,-0.2627,104.11,0.0000,0.0000,0.00,0.0000,0.00,
88.204,3,STOP_BEFORE_DRIVE,0.447,0.000,0.000,0.000,0.000,0.000,0.000,0.000,0.0,0.0,0.8008,-0.2627,104.11,0.0000,0.0000,0.00,0.0000,0.00,
88.252,3,STOP_BEFORE_DRIVE,0.495,0.000,0.000,0.000,0.000,0.000,0.000,0.000,0.0,0.0,0.8008,-0.2627,104.11,0.0000,0.0000,0.00,0.0000,0.00,
88.303,3,STOP_BEFORE_DRIVE,0.546,0.000,0.000,0.000,0.000,0.000,0.000,0.000,0.0,0.0,0.8008,-0.2627,104.11,0.0000,0.0000,0.00,0.0000,0.00,
88.354,3,STOP_BEFORE_DRIVE,0.597,0.000,0.000,0.000,0.000,0.000,0.000,0.000,0.0,0.0,0.8008,-0.2627,104.11,0.0000,0.0000,0.00,0.0000,0.00,
88.402,3,STOP_BEFORE_DRIVE,0.645,0.000,0.000,0.000,0.000,0.000,0.000,0.000,0.0,0.0,0.8008,-0.2627,104.11,0.0000,0.0000,0.00,0.0000,0.00,
88.452,3,STOP_BEFORE_DRIVE,0.695,0.000,0.000,0.000,0.000,0.000,0.000,0.000,0.0,0.0,0.8008,-0.2627,104.11,0.0000,0.0000,0.00,0.0000,0.00,
88.502,3,STOP_BEFORE_DRIVE,0.745,0.000,0.000,0.000,0.000,0.000,0.000,0.000,0.0,0.0,0.8008,-0.2627,104.11,0.0000,0.0000,0.00,0.0000,0.00,
88.552,3,STOP_BEFORE_DRIVE,0.795,0.000,0.000,0.000,0.000,0.000,0.000,0.000,0.0,0.0,0.8008,-0.2627,104.11,0.0000,0.0000,0.00,0.0000,0.00,
88.604,3,STOP_BEFORE_DRIVE,0.847,0.000,0.000,0.000,0.000,0.000,0.000,0.000,0.0,0.0,0.8008,-0.2627,104.11,0.0000,0.0000,0.00,0.0000,0.00,
88.652,3,STOP_BEFORE_DRIVE,0.895,0.000,0.000,0.000,0.000,0.000,0.000,0.000,0.0,0.0,0.8008,-0.2627,104.11,0.0000,0.0000,0.00,0.0000,0.00,
88.702,3,STOP_BEFORE_DRIVE,0.945,0.000,0.000,0.000,0.000,0.000,0.000,0.000,0.0,0.0,0.8008,-0.2627,104.11,0.0000,0.0000,0.00,0.0000,0.00,
88.752,3,STOP_BEFORE_DRIVE,0.995,0.000,0.000,0.000,0.000,0.000,0.000,0.000,0.0,0.0,0.8008,-0.2627,104.11,0.0000,0.0000,0.00,0.0000,0.00,
88.802,3,DRIVE,0.001,0.000,0.000,0.000,0.000,0.000,0.000,0.000,0.0,0.0,0.8008,-0.2627,104.11,0.0000,0.0000,0.00,-0.0000,0.00,
88.852,3,DRIVE,0.050,0.300,0.000,-0.000,0.000,0.000,0.000,0.000,0.0,0.0,0.8008,-0.2627,104.11,0.0000,0.0000,0.00,-0.0000,0.00,
88.903,3,DRIVE,0.101,0.300,0.000,-0.000,0.000,0.000,0.000,0.000,0.0,0.0,0.7971,-0.2480,104.11,0.0000,0.0000,0.00,-0.0000,0.00,
88.952,3,DRIVE,0.150,0.300,0.000,-0.000,0.000,0.000,0.000,0.000,0.0,0.0,0.7934,-0.2336,104.11,0.0000,0.0000,0.00,-0.0000,0.00,
89.002,3,DRIVE,0.200,0.300,0.000,-0.000,0.000,0.000,0.000,0.000,0.0,0.0,0.7898,-0.2191,104.11,0.0000,0.0000,0.00,-0.0000,0.00,
89.057,3,DRIVE,0.255,0.300,0.000,-0.000,0.000,0.000,0.000,0.000,0.0,0.0,0.7860,-0.2040,104.11,0.0000,0.0000,0.00,-0.0000,0.00,
89.102,3,DRIVE,0.300,0.300,0.000,-0.000,0.000,0.000,0.000,0.000,0.0,0.0,0.7825,-0.1900,104.11,0.0000,0.0000,0.00,-0.0000,0.00,
89.152,3,DRIVE,0.350,0.300,0.000,-0.000,0.000,0.000,0.000,0.000,0.0,0.0,0.7788,-0.1754,104.11,0.0000,0.0000,0.00,-0.0000,0.00,
89.202,3,DRIVE,0.400,0.300,0.000,-0.000,0.000,0.000,0.000,0.000,0.0,0.0,0.7752,-0.1609,104.11,0.0000,0.0000,0.00,-0.0000,0.00,
89.254,3,DRIVE,0.452,0.300,0.000,-0.000,0.000,0.000,0.000,0.000,0.0,0.0,0.7714,-0.1459,104.11,0.0000,0.0000,0.00,-0.0000,0.00,
89.305,3,DRIVE,0.503,0.300,0.000,-0.000,0.000,0.000,0.000,0.000,0.0,0.0,0.7678,-0.1317,104.11,0.0000,0.0000,0.00,-0.0000,0.00,
89.352,3,DRIVE,0.550,0.300,0.000,-0.000,0.000,0.000,0.000,0.000,0.0,0.0,0.7642,-0.1172,104.11,0.0000,0.0000,0.00,0.0000,0.00,
89.402,3,DRIVE,0.600,0.300,0.000,-0.000,0.000,0.000,0.000,0.000,0.0,0.0,0.7605,-0.1027,104.11,0.0000,0.0000,0.00,0.0000,0.00,
89.452,3,DRIVE,0.650,0.300,0.000,-0.000,0.000,0.000,0.000,0.000,0.0,0.0,0.7569,-0.0881,104.11,0.0000,0.0000,0.00,-0.0000,0.00,
89.502,3,DRIVE,0.700,0.300,0.000,-0.000,0.000,0.000,0.000,0.000,0.0,0.0,0.7532,-0.0736,104.11,0.0000,0.0000,0.00,0.0000,0.00,
89.555,3,DRIVE,0.753,0.300,0.000,-0.000,0.000,0.000,0.000,0.000,0.0,0.0,0.7495,-0.0589,104.11,0.0000,0.0000,0.00,0.0000,0.00,
89.602,3,DRIVE,0.800,0.300,0.000,-0.000,0.000,0.000,0.000,0.000,0.0,0.0,0.7459,-0.0445,104.11,0.0000,0.0000,0.00,0.0000,0.00,
89.653,3,DRIVE,0.851,0.300,0.000,-0.000,0.000,0.000,0.000,0.000,0.0,0.0,0.7422,-0.0297,104.11,0.0000,0.0000,0.00,-0.0000,0.00,
89.703,3,DRIVE,0.902,0.300,0.000,-0.000,0.000,0.000,0.000,0.000,0.0,0.0,0.7385,-0.0150,104.11,0.0000,0.0000,0.00,-0.0000,0.00,
89.752,3,DRIVE,0.950,0.300,0.000,-0.000,0.000,0.000,0.000,0.000,0.0,0.0,0.7349,-0.0009,104.11,0.0000,0.0000,0.00,-0.0000,0.00,
89.805,3,DRIVE,1.003,0.300,0.000,-0.000,0.000,0.000,0.000,0.000,0.0,0.0,0.7313,0.0137,104.11,0.0000,0.0000,0.00,-0.0000,0.00,
89.852,3,DRIVE,1.050,0.300,0.000,-0.000,0.000,0.000,0.000,0.000,0.0,0.0,0.7276,0.0282,104.11,0.0000,0.0000,0.00,0.0000,0.00,
89.902,3,DRIVE,1.100,0.300,0.000,-0.000,0.000,0.000,0.000,0.000,0.0,0.0,0.7240,0.0428,104.11,0.0000,0.0000,0.00,-0.0000,0.00,
89.952,3,DRIVE,1.150,0.300,0.000,-0.000,0.000,0.000,0.000,0.000,0.0,0.0,0.7203,0.0573,104.11,0.0000,0.0000,0.00,0.0000,0.00,
90.002,3,DRIVE,1.200,0.300,0.000,-0.000,0.000,0.000,0.000,0.000,0.0,0.0,0.7166,0.0719,104.11,0.0000,0.0000,0.00,0.0000,0.00,
90.055,3,DRIVE,1.253,0.300,0.000,-0.000,0.000,0.000,0.000,0.000,0.0,0.0,0.7130,0.0864,104.11,0.0000,0.0000,0.00,0.0000,0.00,
90.102,3,DRIVE,1.300,0.300,0.000,-0.000,0.000,0.000,0.000,0.000,0.0,0.0,0.7093,0.1010,104.11,0.0000,0.0000,0.00,0.0000,0.00,
90.152,3,DRIVE,1.350,0.300,0.000,-0.000,0.000,0.000,0.000,0.000,0.0,0.0,0.7057,0.1155,104.11,0.0000,0.0000,0.00,0.0000,0.00,
90.202,3,DRIVE,1.400,0.300,0.000,-0.000,0.000,0.000,0.000,0.000,0.0,0.0,0.7020,0.1301,104.11,0.0000,0.0000,0.00,0.0000,0.00,
90.252,3,DRIVE,1.450,0.300,0.000,-0.000,0.000,0.000,0.000,0.000,0.0,0.0,0.6984,0.1446,104.11,0.0000,0.0000,0.00,0.0000,0.00,
90.305,3,DRIVE,1.503,0.300,0.000,-0.000,0.000,0.000,0.000,0.000,0.0,0.0,0.6947,0.1592,104.11,0.0000,0.0000,0.00,0.0000,0.00,
90.354,3,DRIVE,1.553,0.300,0.000,-0.000,0.000,0.000,0.000,0.000,0.0,0.0,0.6909,0.1744,104.11,0.0000,0.0000,0.00,0.0000,0.00,
90.402,3,DRIVE,1.600,0.300,0.000,-0.000,0.000,0.000,0.000,0.000,0.0,0.0,0.6874,0.1883,104.11,0.0000,0.0000,0.00,0.0000,0.00,
90.452,3,DRIVE,1.650,0.300,0.000,-0.000,0.000,0.000,0.000,0.000,0.0,0.0,0.6837,0.2028,104.11,0.0000,0.0000,0.00,0.0000,0.00,
90.502,3,DRIVE,1.700,0.300,0.000,-0.000,0.000,0.000,0.000,0.000,0.0,0.0,0.6801,0.2173,104.11,0.0000,0.0000,0.00,0.0000,0.00,
90.557,3,DRIVE,1.755,0.300,0.000,-0.000,0.000,0.000,0.000,0.000,0.0,0.0,0.6763,0.2325,104.11,0.0000,0.0000,0.00,0.0000,0.00,
90.602,3,DRIVE,1.800,0.300,0.000,-0.000,0.000,0.000,0.000,0.000,0.0,0.0,0.6728,0.2465,104.11,0.0000,0.0000,0.00,0.0000,0.00,
90.653,3,DRIVE,1.851,0.300,0.000,-0.000,0.000,0.000,0.000,0.000,0.0,0.0,0.6690,0.2612,104.11,0.0000,0.0000,0.00,0.0000,0.00,
90.702,3,DRIVE,1.901,0.300,0.000,-0.000,0.000,0.000,0.000,0.000,0.0,0.0,0.6654,0.2756,104.11,0.0000,0.0000,0.00,0.0000,0.00,
90.752,3,DRIVE,1.950,0.300,0.000,-0.000,0.000,0.000,0.000,0.000,0.0,0.0,0.6618,0.2901,104.11,0.0000,0.0000,0.00,0.0000,0.00,
90.805,3,DRIVE,2.003,0.300,0.000,-0.000,0.000,0.000,0.000,0.000,0.0,0.0,0.6581,0.3047,104.11,0.0000,0.0000,0.00,0.0000,0.00,
90.852,3,DRIVE,2.050,0.300,0.000,-0.000,0.000,0.000,0.000,0.000,0.0,0.0,0.6545,0.3192,104.11,0.0000,0.0000,0.00,0.0000,0.00,
90.902,3,DRIVE,2.100,0.300,0.000,-0.000,0.000,0.000,0.000,0.000,0.0,0.0,0.6508,0.3337,104.11,0.0000,0.0000,0.00,0.0000,0.00,
90.952,3,DRIVE,2.150,0.300,0.000,-0.000,0.000,0.000,0.000,0.000,0.0,0.0,0.6472,0.3483,104.11,0.0000,0.0000,0.00,0.0000,0.00,
91.002,3,DRIVE,2.200,0.300,0.000,-0.000,0.000,0.000,0.000,0.000,0.0,0.0,0.6435,0.3628,104.11,0.0000,0.0000,0.00,0.0000,0.00,
91.056,3,DRIVE,2.254,0.300,0.000,-0.000,0.000,0.000,0.000,0.000,0.0,0.0,0.6397,0.3778,104.11,0.0000,0.0000,0.00,0.0000,0.00,
91.103,3,DRIVE,2.301,0.300,0.000,-0.000,0.000,0.000,0.000,0.000,0.0,0.0,0.6361,0.3922,104.11,0.0000,0.0000,0.00,0.0000,0.00,
91.154,3,DRIVE,2.352,0.300,0.000,-0.000,0.000,0.000,0.000,0.000,0.0,0.0,0.6324,0.4070,104.11,0.0000,0.0000,0.00,0.0000,0.00,
91.202,3,DRIVE,2.400,0.300,0.000,-0.000,0.000,0.000,0.000,0.000,0.0,0.0,0.6289,0.4210,104.11,0.0000,0.0000,0.00,0.0000,0.00,
91.252,3,DRIVE,2.450,0.300,0.000,-0.000,0.000,0.000,0.000,0.000,0.0,0.0,0.6252,0.4356,104.11,0.0000,0.0000,0.00,0.0000,0.00,
91.305,3,DRIVE,2.503,0.300,0.000,-0.000,0.000,0.000,0.000,0.000,0.0,0.0,0.6216,0.4501,104.11,0.0000,0.0000,0.00,0.0000,0.00,
91.352,3,DRIVE,2.550,0.300,0.000,-0.000,0.000,0.000,0.000,0.000,0.0,0.0,0.6179,0.4647,104.11,0.0000,0.0000,0.00,0.0000,0.00,
91.403,3,DRIVE,2.601,0.300,0.000,-0.000,0.000,0.000,0.000,0.000,0.0,0.0,0.6142,0.4795,104.11,0.0000,0.0000,0.00,0.0000,0.00,
91.452,3,DRIVE,2.650,0.300,0.000,-0.000,0.000,0.000,0.000,0.000,0.0,0.0,0.6106,0.4937,104.11,0.0000,0.0000,0.00,0.0000,0.00,
91.502,3,DRIVE,2.700,0.300,0.000,-0.000,0.000,0.000,0.000,0.000,0.0,0.0,0.6069,0.5083,104.11,0.0000,0.0000,0.00,0.0000,0.00,
91.555,3,DRIVE,2.753,0.300,0.000,-0.000,0.000,0.000,0.000,0.000,0.0,0.0,0.6033,0.5228,104.11,0.0000,0.0000,0.00,0.0000,0.00,
91.604,3,DRIVE,2.802,0.300,0.000,-0.000,0.000,0.000,0.000,0.000,0.0,0.0,0.5995,0.5379,104.11,0.0000,0.0000,0.00,0.0000,0.00,
91.652,3,DRIVE,2.850,0.300,0.000,-0.000,0.000,0.000,0.000,0.000,0.0,0.0,0.5960,0.5519,104.11,0.0000,0.0000,0.00,0.0000,0.00,
91.702,3,DRIVE,2.900,0.300,0.000,-0.000,0.000,0.000,0.000,0.000,0.0,0.0,0.5923,0.5665,104.11,0.0000,0.0000,0.00,0.0000,0.00,
91.752,3,DRIVE,2.950,0.300,0.000,-0.000,0.000,0.000,0.000,0.000,0.0,0.0,0.5887,0.5810,104.11,0.0000,0.0000,0.00,0.0000,0.00,
91.805,3,DRIVE,3.003,0.300,0.000,-0.000,0.000,0.000,0.000,0.000,0.0,0.0,0.5850,0.5957,104.11,0.0000,0.0000,0.00,0.0000,0.00,
91.852,3,DRIVE,3.050,0.300,0.000,-0.000,0.000,0.000,0.000,0.000,0.0,0.0,0.5813,0.6101,104.11,0.0000,0.0000,0.00,0.0000,0.00,
91.902,3,DRIVE,3.100,0.300,0.000,-0.000,0.000,0.000,0.000,0.000,0.0,0.0,0.5777,0.6247,104.11,0.0000,0.0000,0.00,0.0000,0.00,
91.952,3,DRIVE,3.150,0.300,0.000,-0.000,0.000,0.000,0.000,0.000,0.0,0.0,0.5740,0.6392,104.11,0.0000,0.0000,0.00,0.0000,0.00,
92.002,3,DRIVE,3.200,0.300,0.000,-0.000,0.000,0.000,0.000,0.000,0.0,0.0,0.5704,0.6538,104.11,0.0000,0.0000,0.00,0.0000,0.00,
92.055,3,DRIVE,3.253,0.300,0.000,-0.000,0.000,0.000,0.000,0.000,0.0,0.0,0.5667,0.6684,104.11,0.0000,0.0000,0.00,0.0000,0.00,
92.102,3,DRIVE,3.300,0.300,0.000,-0.000,0.000,0.000,0.000,0.000,0.0,0.0,0.5631,0.6829,104.11,0.0000,0.0000,0.00,0.0000,0.00,
92.152,3,DRIVE,3.351,0.300,0.000,-0.000,0.000,0.000,0.000,0.000,0.0,0.0,0.5594,0.6975,104.11,0.0000,0.0000,0.00,0.0000,0.00,
92.205,3,DRIVE,3.403,0.000,0.000,0.000,0.000,0.000,0.000,0.000,0.0,0.0,0.5557,0.7122,104.11,0.0000,0.0000,0.00,0.0000,0.00,FIN_DRIVE_leg3_KF_1.01m
92.206,3,STOP_BEFORE_SPIN,0.001,0.000,0.000,0.000,0.000,0.000,0.000,0.000,0.0,0.0,0.5557,0.7122,104.11,0.0000,0.0000,0.00,0.0000,0.00,
92.252,3,STOP_BEFORE_SPIN,0.046,0.000,0.000,0.000,0.000,0.000,0.000,0.000,0.0,0.0,0.5557,0.7122,104.11,0.0000,0.0000,0.00,0.0000,0.00,
92.304,3,STOP_BEFORE_SPIN,0.098,0.000,0.000,0.000,0.000,0.000,0.000,0.000,0.0,0.0,0.5557,0.7122,104.11,0.0000,0.0000,0.00,0.0000,0.00,
92.353,3,STOP_BEFORE_SPIN,0.147,0.000,0.000,0.000,0.000,0.000,0.000,0.000,0.0,0.0,0.5557,0.7122,104.11,0.0000,0.0000,0.00,0.0000,0.00,
92.402,3,STOP_BEFORE_SPIN,0.196,0.000,0.000,0.000,0.000,0.000,0.000,0.000,0.0,0.0,0.5557,0.7122,104.11,0.0000,0.0000,0.00,0.0000,0.00,
92.452,3,STOP_BEFORE_SPIN,0.246,0.000,0.000,0.000,0.000,0.000,0.000,0.000,0.0,0.0,0.5557,0.7122,104.11,0.0000,0.0000,0.00,0.0000,0.00,
92.502,3,STOP_BEFORE_SPIN,0.296,0.000,0.000,0.000,0.000,0.000,0.000,0.000,0.0,0.0,0.5557,0.7122,104.11,0.0000,0.0000,0.00,0.0000,0.00,
92.552,3,STOP_BEFORE_SPIN,0.346,0.000,0.000,0.000,0.000,0.000,0.000,0.000,0.0,0.0,0.5557,0.7122,104.11,0.0000,0.0000,0.00,0.0000,0.00,
92.602,3,STOP_BEFORE_SPIN,0.396,0.000,0.000,0.000,0.000,0.000,0.000,0.000,0.0,0.0,0.5557,0.7122,104.11,0.0000,0.0000,0.00,0.0000,0.00,
92.653,3,STOP_BEFORE_SPIN,0.447,0.000,0.000,0.000,0.000,0.000,0.000,0.000,0.0,0.0,0.5557,0.7122,104.11,0.0000,0.0000,0.00,0.0000,0.00,
92.702,3,STOP_BEFORE_SPIN,0.496,0.000,0.000,0.000,0.000,0.000,0.000,0.000,0.0,0.0,0.5557,0.7122,104.11,0.0000,0.0000,0.00,0.0000,0.00,
92.752,3,STOP_BEFORE_SPIN,0.546,0.000,0.000,0.000,0.000,0.000,0.000,0.000,0.0,0.0,0.5557,0.7122,104.11,0.0000,0.0000,0.00,0.0000,0.00,
92.803,3,STOP_BEFORE_SPIN,0.597,0.000,0.000,0.000,0.000,0.000,0.000,0.000,0.0,0.0,0.5557,0.7122,104.11,0.0000,0.0000,0.00,0.0000,0.00,
92.852,3,STOP_BEFORE_SPIN,0.646,0.000,0.000,0.000,0.000,0.000,0.000,0.000,0.0,0.0,0.5557,0.7122,104.11,0.0000,0.0000,0.00,0.0000,0.00,
92.902,3,STOP_BEFORE_SPIN,0.696,0.000,0.000,0.000,0.000,0.000,0.000,0.000,0.0,0.0,0.5557,0.7122,104.11,0.0000,0.0000,0.00,0.0000,0.00,
92.952,3,STOP_BEFORE_SPIN,0.746,0.000,0.000,0.000,0.000,0.000,0.000,0.000,0.0,0.0,0.5557,0.7122,104.11,0.0000,0.0000,0.00,0.0000,0.00,
93.002,3,STOP_BEFORE_SPIN,0.796,0.000,0.000,0.000,0.000,0.000,0.000,0.000,0.0,0.0,0.5557,0.7122,104.11,0.0000,0.0000,0.00,0.0000,0.00,
93.052,3,STOP_BEFORE_SPIN,0.846,0.000,0.000,0.000,0.000,0.000,0.000,0.000,0.0,0.0,0.5557,0.7122,104.11,0.0000,0.0000,0.00,0.0000,0.00,
93.103,3,STOP_BEFORE_SPIN,0.898,0.000,0.000,0.000,0.000,0.000,0.000,0.000,0.0,0.0,0.5557,0.7122,104.11,0.0000,0.0000,0.00,0.0000,0.00,
93.154,3,STOP_BEFORE_SPIN,0.948,0.000,0.000,0.000,0.000,0.000,0.000,0.000,0.0,0.0,0.5557,0.7122,104.11,0.0000,0.0000,0.00,0.0000,0.00,
93.203,3,STOP_BEFORE_SPIN,0.997,0.000,0.000,0.000,0.000,0.000,0.000,0.000,0.0,0.0,0.5557,0.7122,104.11,0.0000,0.0000,0.00,0.0000,0.00,
93.255,3,STOP_BEFORE_SPIN,1.049,0.000,0.000,0.000,0.000,0.000,0.000,0.000,0.0,0.0,0.5557,0.7122,104.11,0.0000,0.0000,0.00,0.0000,0.00,INICIO_DRIFT_leg3
93.256,3,DRIFT,0.001,0.000,0.000,0.000,0.000,0.000,0.000,0.000,0.0,0.0,0.5557,0.7122,104.11,0.0000,0.0000,0.00,0.0000,0.00,
93.302,3,DRIFT,0.046,0.000,-0.000,1.000,0.000,0.000,0.000,0.000,0.0,0.0,0.5557,0.7122,104.11,0.0000,0.0000,0.00,0.0000,0.00,
93.352,3,DRIFT,0.097,0.000,-0.000,1.000,0.000,0.000,0.000,0.000,0.0,0.0,0.5557,0.7122,106.98,0.0000,0.0000,0.00,0.0000,0.00,
93.403,3,DRIFT,0.147,0.000,-0.000,1.000,0.000,0.000,0.000,0.000,0.0,0.0,0.5557,0.7122,109.88,0.0000,0.0000,0.00,0.0000,0.00,
93.452,3,DRIFT,0.197,0.000,-0.000,1.000,0.000,0.000,0.000,0.000,0.0,0.0,0.5557,0.7122,112.70,0.0000,0.0000,0.00,0.0000,0.00,
93.502,3,DRIFT,0.247,0.000,-0.000,1.000,0.000,0.000,0.000,0.000,0.0,0.0,0.5557,0.7122,115.59,0.0000,0.0000,0.00,0.0000,0.00,
93.555,3,DRIFT,0.299,0.000,-0.000,1.000,0.000,0.000,0.000,0.000,0.0,0.0,0.5557,0.7122,118.43,0.0000,0.0000,0.00,0.0000,0.00,
93.602,3,DRIFT,0.347,0.000,-0.000,1.000,0.000,0.000,0.000,0.000,0.0,0.0,0.5557,0.7122,121.30,0.0000,0.0000,0.00,0.0000,0.00,
93.653,3,DRIFT,0.398,0.000,-0.000,1.000,0.000,0.000,0.000,0.000,0.0,0.0,0.5557,0.7122,124.22,0.0000,0.0000,0.00,0.0000,0.00,
93.703,3,DRIFT,0.448,0.000,-0.000,1.000,0.000,0.000,0.000,0.000,0.0,0.0,0.5557,0.7122,127.10,0.0000,0.0000,0.00,0.0000,0.00,
93.752,3,DRIFT,0.497,0.000,-0.000,1.000,0.000,0.000,0.000,0.000,0.0,0.0,0.5557,0.7122,129.90,0.0000,0.0000,0.00,0.0000,0.00,
93.806,3,DRIFT,0.550,0.000,-0.000,1.000,0.000,0.000,0.000,0.000,0.0,0.0,0.5557,0.7122,132.82,0.0000,0.0000,0.00,0.0000,0.00,
93.852,3,DRIFT,0.597,0.000,-0.000,1.000,0.000,0.000,0.000,0.000,0.0,0.0,0.5557,0.7122,135.62,0.0000,0.0000,0.00,0.0000,0.00,
93.902,3,DRIFT,0.647,0.000,-0.000,1.000,0.000,0.000,0.000,0.000,0.0,0.0,0.5557,0.7122,138.49,0.0000,0.0000,0.00,0.0000,0.00,
93.952,3,DRIFT,0.697,0.000,-0.000,1.000,0.000,0.000,0.000,0.000,0.0,0.0,0.5557,0.7122,141.35,0.0000,0.0000,0.00,0.0000,0.00,
94.002,3,DRIFT,0.747,0.000,-0.000,1.000,0.000,0.000,0.000,0.000,0.0,0.0,0.5557,0.7122,144.22,0.0000,0.0000,0.00,0.0000,0.00,
94.055,3,DRIFT,0.799,0.000,-0.000,1.000,0.000,0.000,0.000,0.000,0.0,0.0,0.5557,0.7122,147.08,0.0000,0.0000,0.00,0.0000,0.00,
94.105,3,DRIFT,0.849,0.000,-0.000,1.000,0.000,0.000,0.000,0.000,0.0,0.0,0.5557,0.7122,150.10,0.0000,0.0000,0.00,0.0000,0.00,
94.152,3,DRIFT,0.897,0.000,-0.000,1.000,0.000,0.000,0.000,0.000,0.0,0.0,0.5557,0.7122,152.82,0.0000,0.0000,0.00,0.0000,0.00,
94.202,3,DRIFT,0.947,0.000,-0.000,1.000,0.000,0.000,0.000,0.000,0.0,0.0,0.5557,0.7122,155.67,0.0000,0.0000,0.00,0.0000,0.00,
94.253,3,DRIFT,0.998,0.000,-0.000,1.000,0.000,0.000,0.000,0.000,0.0,0.0,0.5557,0.7122,158.59,0.0000,0.0000,0.00,0.0000,0.00,
94.305,3,DRIFT,1.049,0.000,-0.000,1.000,0.000,0.000,0.000,0.000,0.0,0.0,0.5557,0.7122,161.40,0.0000,0.0000,0.00,0.0000,0.00,
94.352,3,DRIFT,1.097,0.000,-0.000,1.000,0.000,0.000,0.000,0.000,0.0,0.0,0.5557,0.7122,164.27,0.0000,0.0000,0.00,0.0000,0.00,
94.402,3,DRIFT,1.147,0.000,-0.000,1.000,0.000,0.000,0.000,0.000,0.0,0.0,0.5557,0.7122,167.14,0.0000,0.0000,0.00,0.0000,0.00,
94.452,3,DRIFT,1.197,0.000,-0.000,1.000,0.000,0.000,0.000,0.000,0.0,0.0,0.5557,0.7122,170.00,0.0000,0.0000,0.00,0.0000,0.00,
94.502,3,DRIFT,1.247,0.000,-0.000,1.000,0.000,0.000,0.000,0.000,0.0,0.0,0.5557,0.7122,172.88,0.0000,0.0000,0.00,0.0000,0.00,
94.556,3,DRIFT,1.301,0.000,-0.000,1.000,0.000,0.000,0.000,0.000,0.0,0.0,0.5557,0.7122,175.83,0.0000,0.0000,0.00,0.0000,0.00,
94.603,3,DRIFT,1.348,0.000,-0.000,1.000,0.000,0.000,0.000,0.000,0.0,0.0,0.5557,0.7122,178.65,0.0000,0.0000,0.00,0.0000,0.00,
94.652,3,DRIFT,1.397,0.000,-0.000,1.000,0.000,0.000,0.000,0.000,0.0,0.0,0.5557,0.7122,-178.54,0.0000,0.0000,0.00,0.0000,0.00,
94.702,3,DRIFT,1.447,0.000,-0.000,1.000,0.000,0.000,0.000,0.000,0.0,0.0,0.5557,0.7122,-175.68,0.0000,0.0000,0.00,0.0000,0.00,
94.752,3,DRIFT,1.497,0.000,-0.000,1.000,0.000,0.000,0.000,0.000,0.0,0.0,0.5557,0.7122,-172.81,0.0000,0.0000,0.00,0.0000,0.00,
94.805,3,DRIFT,1.549,0.000,-0.000,1.000,0.000,0.000,0.000,0.000,0.0,0.0,0.5557,0.7122,-169.95,0.0000,0.0000,0.00,0.0000,0.00,
94.852,3,DRIFT,1.597,0.000,-0.000,1.000,0.000,0.000,0.000,0.000,0.0,0.0,0.5557,0.7122,-167.08,0.0000,0.0000,0.00,0.0000,0.00,
94.902,3,DRIFT,1.647,0.000,-0.000,1.000,0.000,0.000,0.000,0.000,0.0,0.0,0.5557,0.7122,-164.22,0.0000,0.0000,0.00,0.0000,0.00,
94.953,3,DRIFT,1.697,0.000,-0.000,1.000,0.000,0.000,0.000,0.000,0.0,0.0,0.5557,0.7122,-161.32,0.0000,0.0000,0.00,0.0000,0.00,
95.003,3,DRIFT,1.747,0.000,-0.000,1.000,0.000,0.000,0.000,0.000,0.0,0.0,0.5557,0.7122,-158.44,0.0000,0.0000,0.00,0.0000,0.00,
95.056,3,DRIFT,1.800,0.000,-0.000,1.000,0.000,0.000,0.000,0.000,0.0,0.0,0.5557,0.7122,-155.55,0.0000,0.0000,0.00,0.0000,0.00,
95.104,3,DRIFT,1.848,0.000,-0.000,1.000,0.000,0.000,0.000,0.000,0.0,0.0,0.5557,0.7122,-152.67,0.0000,0.0000,0.00,0.0000,0.00,
95.153,3,DRIFT,1.897,0.000,-0.000,1.000,0.000,0.000,0.000,0.000,0.0,0.0,0.5557,0.7122,-149.85,0.0000,0.0000,0.00,0.0000,0.00,
95.203,3,DRIFT,1.948,0.000,-0.000,1.000,0.000,0.000,0.000,0.000,0.0,0.0,0.5557,0.7122,-146.97,0.0000,0.0000,0.00,0.0000,0.00,
95.252,3,DRIFT,1.996,0.000,-0.000,1.000,0.000,0.000,0.000,0.000,0.0,0.0,0.5557,0.7122,-144.17,0.0000,0.0000,0.00,0.0000,0.00,
95.306,3,DRIFT,2.051,0.000,-0.000,1.000,0.000,0.000,0.000,0.000,0.0,0.0,0.5557,0.7122,-141.19,0.0000,0.0000,0.00,0.0000,0.00,
95.352,3,DRIFT,2.097,0.000,-0.000,1.000,0.000,0.000,0.000,0.000,0.0,0.0,0.5557,0.7122,-138.40,0.0000,0.0000,0.00,0.0000,0.00,
95.402,3,DRIFT,2.147,0.000,-0.000,1.000,0.000,0.000,0.000,0.000,0.0,0.0,0.5557,0.7122,-135.57,0.0000,0.0000,0.00,0.0000,0.00,
95.452,3,DRIFT,2.197,0.000,-0.000,1.000,0.000,0.000,0.000,0.000,0.0,0.0,0.5557,0.7122,-132.71,0.0000,0.0000,0.00,0.0000,0.00,
95.502,3,DRIFT,2.246,0.000,-0.000,1.000,0.000,0.000,0.000,0.000,0.0,0.0,0.5557,0.7122,-129.84,0.0000,0.0000,0.00,0.0000,0.00,
95.557,3,DRIFT,2.301,0.000,-0.000,1.000,0.000,0.000,0.000,0.000,0.0,0.0,0.5557,0.7122,-126.87,0.0000,0.0000,0.00,0.0000,0.00,
95.602,3,DRIFT,2.347,0.000,-0.000,1.000,0.000,0.000,0.000,0.000,0.0,0.0,0.5557,0.7122,-124.11,0.0000,0.0000,0.00,0.0000,0.00,
95.652,3,DRIFT,2.397,0.000,-0.000,1.000,0.000,0.000,0.000,0.000,0.0,0.0,0.5557,0.7122,-121.25,0.0000,0.0000,0.00,0.0000,0.00,
95.702,3,DRIFT,2.447,0.000,-0.000,1.000,0.000,0.000,0.000,0.000,0.0,0.0,0.5557,0.7122,-118.37,0.0000,0.0000,0.00,0.0000,0.00,
95.755,4,DRIFT,2.500,0.000,0.000,0.000,0.000,0.000,0.000,0.000,0.0,0.0,0.5557,0.7122,-115.47,0.0000,0.0000,0.00,0.0000,0.00,FIN_DRIFT_leg3_TIMEOUT_2.5s_2.50s
95.759,0,STOP_BEFORE_DRIVE,0.001,0.000,0.000,0.000,0.000,0.000,0.000,0.000,0.0,0.0,0.5557,0.7122,-115.47,0.0000,0.0000,0.00,0.0000,0.00,
95.802,0,STOP_BEFORE_DRIVE,0.044,0.000,0.000,0.000,0.000,0.000,0.000,0.000,0.0,0.0,0.5557,0.7122,-115.47,0.0000,0.0000,0.00,0.0000,0.00,
95.852,0,STOP_BEFORE_DRIVE,0.094,0.000,0.000,0.000,0.000,0.000,0.000,0.000,0.0,0.0,0.5557,0.7122,-115.47,0.0000,0.0000,0.00,0.0000,0.00,
95.902,0,STOP_BEFORE_DRIVE,0.144,0.000,0.000,0.000,0.000,0.000,0.000,0.000,0.0,0.0,0.5557,0.7122,-115.47,0.0000,0.0000,0.00,0.0000,0.00,
95.952,0,STOP_BEFORE_DRIVE,0.194,0.000,0.000,0.000,0.000,0.000,0.000,0.000,0.0,0.0,0.5557,0.7122,-115.47,0.0000,0.0000,0.00,0.0000,0.00,
96.002,0,STOP_BEFORE_DRIVE,0.244,0.000,0.000,0.000,0.000,0.000,0.000,0.000,0.0,0.0,0.5557,0.7122,-115.47,0.0000,0.0000,0.00,0.0000,0.00,
96.052,0,STOP_BEFORE_DRIVE,0.294,0.000,0.000,0.000,0.000,0.000,0.000,0.000,0.0,0.0,0.5557,0.7122,-115.47,0.0000,0.0000,0.00,0.0000,0.00,
96.102,0,STOP_BEFORE_DRIVE,0.344,0.000,0.000,0.000,0.000,0.000,0.000,0.000,0.0,0.0,0.5557,0.7122,-115.47,0.0000,0.0000,0.00,0.0000,0.00,
96.152,0,STOP_BEFORE_DRIVE,0.394,0.000,0.000,0.000,0.000,0.000,0.000,0.000,0.0,0.0,0.5557,0.7122,-115.47,0.0000,0.0000,0.00,0.0000,0.00,
96.202,0,STOP_BEFORE_DRIVE,0.444,0.000,0.000,0.000,0.000,0.000,0.000,0.000,0.0,0.0,0.5557,0.7122,-115.47,0.0000,0.0000,0.00,0.0000,0.00,
96.252,0,STOP_BEFORE_DRIVE,0.494,0.000,0.000,0.000,0.000,0.000,0.000,0.000,0.0,0.0,0.5557,0.7122,-115.47,0.0000,0.0000,0.00,0.0000,0.00,
96.302,0,STOP_BEFORE_DRIVE,0.544,0.000,0.000,0.000,0.000,0.000,0.000,0.000,0.0,0.0,0.5557,0.7122,-115.47,0.0000,0.0000,0.00,0.0000,0.00,
96.352,0,STOP_BEFORE_DRIVE,0.594,0.000,0.000,0.000,0.000,0.000,0.000,0.000,0.0,0.0,0.5557,0.7122,-115.47,0.0000,0.0000,0.00,0.0000,0.00,
96.402,0,STOP_BEFORE_DRIVE,0.644,0.000,0.000,0.000,0.000,0.000,0.000,0.000,0.0,0.0,0.5557,0.7122,-115.47,0.0000,0.0000,0.00,0.0000,0.00,
96.452,0,STOP_BEFORE_DRIVE,0.694,0.000,0.000,0.000,0.000,0.000,0.000,0.000,0.0,0.0,0.5557,0.7122,-115.47,0.0000,0.0000,0.00,0.0000,0.00,
96.502,0,STOP_BEFORE_DRIVE,0.744,0.000,0.000,0.000,0.000,0.000,0.000,0.000,0.0,0.0,0.5557,0.7122,-115.47,0.0000,0.0000,0.00,0.0000,0.00,
96.552,0,STOP_BEFORE_DRIVE,0.794,0.000,0.000,0.000,0.000,0.000,0.000,0.000,0.0,0.0,0.5557,0.7122,-115.47,0.0000,0.0000,0.00,0.0000,0.00,
96.602,0,STOP_BEFORE_DRIVE,0.844,0.000,0.000,0.000,0.000,0.000,0.000,0.000,0.0,0.0,0.5557,0.7122,-115.47,0.0000,0.0000,0.00,0.0000,0.00,
96.652,0,STOP_BEFORE_DRIVE,0.894,0.000,0.000,0.000,0.000,0.000,0.000,0.000,0.0,0.0,0.5557,0.7122,-115.47,0.0000,0.0000,0.00,0.0000,0.00,
96.702,0,STOP_BEFORE_DRIVE,0.944,0.000,0.000,0.000,0.000,0.000,0.000,0.000,0.0,0.0,0.5557,0.7122,-115.47,0.0000,0.0000,0.00,0.0000,0.00,
96.753,0,STOP_BEFORE_DRIVE,0.995,0.000,0.000,0.000,0.000,0.000,0.000,0.000,0.0,0.0,0.5557,0.7122,-115.47,0.0000,0.0000,0.00,0.0000,0.00,
96.802,0,DRIVE,0.001,0.000,0.000,0.000,0.000,0.000,0.000,0.000,0.0,0.0,0.5557,0.7122,-115.47,0.0000,0.0000,0.00,0.0000,0.00,
96.852,0,DRIVE,0.050,0.300,0.000,-0.000,0.000,0.000,0.000,0.000,0.0,0.0,0.5557,0.7122,-115.47,0.0000,0.0000,0.00,0.0000,0.00,
96.902,0,DRIVE,0.101,0.300,0.000,-0.000,0.000,0.000,0.000,0.000,0.0,0.0,0.5492,0.6987,-115.47,0.0000,0.0000,0.00,0.0000,0.00,
96.952,0,DRIVE,0.150,0.300,0.000,-0.000,0.000,0.000,0.000,0.000,0.0,0.0,0.5428,0.6851,-115.47,0.0000,0.0000,0.00,0.0000,0.00,
97.003,0,DRIVE,0.202,0.300,0.000,-0.000,0.000,0.000,0.000,0.000,0.0,0.0,0.5361,0.6712,-115.47,0.0000,0.0000,0.00,0.0000,0.00,
97.055,0,DRIVE,0.253,0.300,0.000,-0.000,0.000,0.000,0.000,0.000,0.0,0.0,0.5299,0.6581,-115.47,0.0000,0.0000,0.00,-0.0000,0.00,
97.102,0,DRIVE,0.301,0.300,0.000,-0.000,0.000,0.000,0.000,0.000,0.0,0.0,0.5234,0.6445,-115.47,0.0000,0.0000,0.00,-0.0000,0.00,
97.152,0,DRIVE,0.350,0.300,0.000,-0.000,0.000,0.000,0.000,0.000,0.0,0.0,0.5170,0.6310,-115.47,0.0000,0.0000,0.00,-0.0000,0.00,
97.202,0,DRIVE,0.400,0.300,0.000,-0.000,0.000,0.000,0.000,0.000,0.0,0.0,0.5105,0.6174,-115.47,0.0000,0.0000,0.00,0.0000,0.00,
97.252,0,DRIVE,0.450,0.300,0.000,-0.000,0.000,0.000,0.000,0.000,0.0,0.0,0.5041,0.6039,-115.47,0.0000,0.0000,0.00,0.0000,0.00,
97.305,0,DRIVE,0.503,0.300,0.000,-0.000,0.000,0.000,0.000,0.000,0.0,0.0,0.4976,0.5903,-115.47,0.0000,0.0000,0.00,0.0000,0.00,
97.352,0,DRIVE,0.550,0.300,0.000,-0.000,0.000,0.000,0.000,0.000,0.0,0.0,0.4912,0.5768,-115.47,0.0000,0.0000,0.00,0.0000,0.00,
97.403,0,DRIVE,0.602,0.300,0.000,-0.000,0.000,0.000,0.000,0.000,0.0,0.0,0.4846,0.5629,-115.47,0.0000,0.0000,0.00,0.0000,0.00,
97.452,0,DRIVE,0.650,0.300,0.000,-0.000,0.000,0.000,0.000,0.000,0.0,0.0,0.4783,0.5497,-115.47,0.0000,0.0000,0.00,0.0000,0.00,
97.502,0,DRIVE,0.700,0.300,0.000,-0.000,0.000,0.000,0.000,0.000,0.0,0.0,0.4718,0.5362,-115.47,0.0000,0.0000,0.00,0.0000,0.00,
97.555,0,DRIVE,0.753,0.300,0.000,-0.000,0.000,0.000,0.000,0.000,0.0,0.0,0.4654,0.5226,-115.47,0.0000,0.0000,0.00,0.0000,0.00,
97.604,0,DRIVE,0.802,0.300,0.000,-0.000,0.000,0.000,0.000,0.000,0.0,0.0,0.4587,0.5086,-115.47,0.0000,0.0000,0.00,0.0000,0.00,
97.652,0,DRIVE,0.850,0.300,0.000,-0.000,0.000,0.000,0.000,0.000,0.0,0.0,0.4525,0.4956,-115.47,0.0000,0.0000,0.00,0.0000,0.00,
97.703,0,DRIVE,0.902,0.300,0.000,-0.000,0.000,0.000,0.000,0.000,0.0,0.0,0.4459,0.4816,-115.47,0.0000,0.0000,0.00,0.0000,0.00,
97.752,0,DRIVE,0.950,0.300,0.000,-0.000,0.000,0.000,0.000,0.000,0.0,0.0,0.4396,0.4685,-115.47,0.0000,0.0000,0.00,0.0000,0.00,
97.805,0,DRIVE,1.003,0.300,0.000,-0.000,0.000,0.000,0.000,0.000,0.0,0.0,0.4331,0.4549,-115.47,0.0000,0.0000,0.00,0.0000,0.00,
97.853,0,DRIVE,1.051,0.300,0.000,-0.000,0.000,0.000,0.000,0.000,0.0,0.0,0.4266,0.4412,-115.47,0.0000,0.0000,0.00,0.0000,0.00,
97.902,0,DRIVE,1.101,0.300,0.000,-0.000,0.000,0.000,0.000,0.000,0.0,0.0,0.4202,0.4278,-115.47,0.0000,0.0000,0.00,0.0000,0.00,
97.953,0,DRIVE,1.151,0.300,0.000,-0.000,0.000,0.000,0.000,0.000,0.0,0.0,0.4137,0.4141,-115.47,0.0000,0.0000,0.00,0.0000,0.00,
98.002,0,DRIVE,1.200,0.300,0.000,-0.000,0.000,0.000,0.000,0.000,0.0,0.0,0.4073,0.4007,-115.47,0.0000,0.0000,0.00,-0.0000,0.00,
98.055,0,DRIVE,1.253,0.300,0.000,-0.000,0.000,0.000,0.000,0.000,0.0,0.0,0.4009,0.3872,-115.47,0.0000,0.0000,0.00,-0.0000,0.00,
98.102,0,DRIVE,1.301,0.300,0.000,-0.000,0.000,0.000,0.000,0.000,0.0,0.0,0.3944,0.3736,-115.47,0.0000,0.0000,0.00,-0.0000,0.00,
98.152,0,DRIVE,1.350,0.300,0.000,-0.000,0.000,0.000,0.000,0.000,0.0,0.0,0.3880,0.3601,-115.47,0.0000,0.0000,0.00,-0.0000,0.00,
98.202,0,DRIVE,1.400,0.300,0.000,-0.000,0.000,0.000,0.000,0.000,0.0,0.0,0.3815,0.3466,-115.47,0.0000,0.0000,0.00,-0.0000,0.00,
98.252,0,DRIVE,1.450,0.300,0.000,-0.000,0.000,0.000,0.000,0.000,0.0,0.0,0.3751,0.3330,-115.47,0.0000,0.0000,0.00,-0.0000,0.00,
98.306,0,DRIVE,1.504,0.300,0.000,-0.000,0.000,0.000,0.000,0.000,0.0,0.0,0.3685,0.3192,-115.47,0.0000,0.0000,0.00,-0.0000,0.00,
98.354,0,DRIVE,1.552,0.300,0.000,-0.000,0.000,0.000,0.000,0.000,0.0,0.0,0.3620,0.3056,-115.47,0.0000,0.0000,0.00,0.0000,0.00,
98.404,0,DRIVE,1.603,0.300,0.000,-0.000,0.000,0.000,0.000,0.000,0.0,0.0,0.3554,0.2918,-115.47,0.0000,0.0000,0.00,0.0000,0.00,
98.452,0,DRIVE,1.650,0.300,0.000,-0.000,0.000,0.000,0.000,0.000,0.0,0.0,0.3493,0.2789,-115.47,0.0000,0.0000,0.00,0.0000,0.00,
98.502,0,DRIVE,1.700,0.300,0.000,-0.000,0.000,0.000,0.000,0.000,0.0,0.0,0.3428,0.2653,-115.47,0.0000,0.0000,0.00,0.0000,0.00,
98.555,0,DRIVE,1.753,0.300,0.000,-0.000,0.000,0.000,0.000,0.000,0.0,0.0,0.3364,0.2518,-115.47,0.0000,0.0000,0.00,0.0000,0.00,
98.602,0,DRIVE,1.801,0.300,0.000,-0.000,0.000,0.000,0.000,0.000,0.0,0.0,0.3299,0.2382,-115.47,0.0000,0.0000,0.00,0.0000,0.00,
98.653,0,DRIVE,1.852,0.300,0.000,-0.000,0.000,0.000,0.000,0.000,0.0,0.0,0.3233,0.2244,-115.47,0.0000,0.0000,0.00,0.0000,0.00,
98.702,0,DRIVE,1.901,0.300,0.000,-0.000,0.000,0.000,0.000,0.000,0.0,0.0,0.3170,0.2111,-115.47,0.0000,0.0000,0.00,0.0000,0.00,
98.752,0,DRIVE,1.951,0.300,0.000,-0.000,0.000,0.000,0.000,0.000,0.0,0.0,0.3106,0.1976,-115.47,0.0000,0.0000,0.00,0.0000,0.00,
98.807,0,DRIVE,2.006,0.300,0.000,-0.000,0.000,0.000,0.000,0.000,0.0,0.0,0.3038,0.1835,-115.47,0.0000,0.0000,0.00,0.0000,0.00,
98.852,0,DRIVE,2.051,0.300,0.000,-0.000,0.000,0.000,0.000,0.000,0.0,0.0,0.2977,0.1705,-115.47,0.0000,0.0000,0.00,0.0000,0.00,
98.902,0,DRIVE,2.101,0.300,0.000,-0.000,0.000,0.000,0.000,0.000,0.0,0.0,0.2912,0.1569,-115.47,0.0000,0.0000,0.00,0.0000,0.00,
98.953,0,DRIVE,2.151,0.300,0.000,-0.000,0.000,0.000,0.000,0.000,0.0,0.0,0.2847,0.1433,-115.47,0.0000,0.0000,0.00,0.0000,0.00,
99.002,0,DRIVE,2.201,0.300,0.000,-0.000,0.000,0.000,0.000,0.000,0.0,0.0,0.2783,0.1298,-115.47,0.0000,0.0000,0.00,0.0000,0.00,
99.057,0,DRIVE,2.255,0.300,0.000,-0.000,0.000,0.000,0.000,0.000,0.0,0.0,0.2716,0.1158,-115.47,0.0000,0.0000,0.00,0.0000,0.00,
99.102,0,DRIVE,2.301,0.300,0.000,-0.000,0.000,0.000,0.000,0.000,0.0,0.0,0.2654,0.1028,-115.47,0.0000,0.0000,0.00,0.0000,0.00,
99.152,0,DRIVE,2.351,0.300,0.000,-0.000,0.000,0.000,0.000,0.000,0.0,0.0,0.2590,0.0893,-115.47,0.0000,0.0000,0.00,0.0000,0.00,
99.202,0,DRIVE,2.401,0.300,0.000,-0.000,0.000,0.000,0.000,0.000,0.0,0.0,0.2525,0.0757,-115.47,0.0000,0.0000,0.00,0.0000,0.00,
99.252,0,DRIVE,2.451,0.300,0.000,-0.000,0.000,0.000,0.000,0.000,0.0,0.0,0.2460,0.0621,-115.47,0.0000,0.0000,0.00,0.0000,0.00,
99.306,0,DRIVE,2.505,0.300,0.000,-0.000,0.000,0.000,0.000,0.000,0.0,0.0,0.2394,0.0482,-115.47,0.0000,0.0000,0.00,0.0000,0.00,
99.352,0,DRIVE,2.550,0.300,0.000,-0.000,0.000,0.000,0.000,0.000,0.0,0.0,0.2332,0.0351,-115.47,0.0000,0.0000,0.00,0.0000,0.00,
99.402,0,DRIVE,2.601,0.300,0.000,-0.000,0.000,0.000,0.000,0.000,0.0,0.0,0.2267,0.0215,-115.47,0.0000,0.0000,0.00,0.0000,0.00,
99.452,0,DRIVE,2.651,0.300,0.000,-0.000,0.000,0.000,0.000,0.000,0.0,0.0,0.2203,0.0080,-115.47,0.0000,0.0000,0.00,0.0000,0.00,
99.502,0,DRIVE,2.701,0.300,0.000,-0.000,0.000,0.000,0.000,0.000,0.0,0.0,0.2138,-0.0056,-115.47,0.0000,0.0000,0.00,0.0000,0.00,
99.555,0,DRIVE,2.754,0.300,0.000,-0.000,0.000,0.000,0.000,0.000,0.0,0.0,0.2073,-0.0193,-115.47,0.0000,0.0000,0.00,0.0000,0.00,
99.602,0,DRIVE,2.801,0.300,0.000,-0.000,0.000,0.000,0.000,0.000,0.0,0.0,0.2009,-0.0327,-115.47,0.0000,0.0000,0.00,0.0000,0.00,
99.654,0,DRIVE,2.852,0.300,0.000,-0.000,0.000,0.000,0.000,0.000,0.0,0.0,0.1942,-0.0467,-115.47,0.0000,0.0000,0.00,0.0000,0.00,
99.702,0,DRIVE,2.900,0.300,0.000,-0.000,0.000,0.000,0.000,0.000,0.0,0.0,0.1880,-0.0597,-115.47,0.0000,0.0000,0.00,0.0000,0.00,
99.753,0,DRIVE,2.952,0.300,0.000,-0.000,0.000,0.000,0.000,0.000,0.0,0.0,0.1814,-0.0736,-115.47,0.0000,0.0000,0.00,0.0000,0.00,
99.805,0,DRIVE,3.004,0.300,0.000,-0.000,0.000,0.000,0.000,0.000,0.0,0.0,0.1751,-0.0869,-115.47,0.0000,0.0000,0.00,0.0000,0.00,
99.852,0,DRIVE,3.051,0.300,0.000,-0.000,0.000,0.000,0.000,0.000,0.0,0.0,0.1687,-0.1004,-115.47,0.0000,0.0000,0.00,0.0000,0.00,
99.902,0,DRIVE,3.101,0.300,0.000,-0.000,0.000,0.000,0.000,0.000,0.0,0.0,0.1622,-0.1139,-115.47,0.0000,0.0000,0.00,0.0000,0.00,
99.953,0,DRIVE,3.152,0.300,0.000,-0.000,0.000,0.000,0.000,0.000,0.0,0.0,0.1557,-0.1277,-115.47,0.0000,0.0000,0.00,0.0000,0.00,
100.002,0,DRIVE,3.201,0.300,0.000,-0.000,0.000,0.000,0.000,0.000,0.0,0.0,0.1493,-0.1410,-115.47,0.0000,0.0000,0.00,0.0000,0.00,
100.055,0,DRIVE,3.253,0.300,0.000,-0.000,0.000,0.000,0.000,0.000,0.0,0.0,0.1429,-0.1545,-115.47,0.0000,0.0000,0.00,0.0000,0.00,
100.103,0,DRIVE,3.302,0.300,0.000,-0.000,0.000,0.000,0.000,0.000,0.0,0.0,0.1363,-0.1684,-115.47,0.0000,0.0000,0.00,0.0000,0.00,
100.152,0,DRIVE,3.350,0.300,0.000,-0.000,0.000,0.000,0.000,0.000,0.0,0.0,0.1300,-0.1816,-115.47,0.0000,0.0000,0.00,0.0000,0.00,
100.204,0,DRIVE,3.403,0.000,0.000,0.000,0.000,0.000,0.000,0.000,0.0,0.0,0.1235,-0.1951,-115.47,0.0000,0.0000,0.00,0.0000,0.00,FIN_DRIVE_leg0_KF_1.01m
100.206,0,STOP_BEFORE_SPIN,0.001,0.000,0.000,0.000,0.000,0.000,0.000,0.000,0.0,0.0,0.1235,-0.1951,-115.47,0.0000,0.0000,0.00,0.0000,0.00,
100.252,0,STOP_BEFORE_SPIN,0.047,0.000,0.000,0.000,0.000,0.000,0.000,0.000,0.0,0.0,0.1235,-0.1951,-115.47,0.0000,0.0000,0.00,0.0000,0.00,
100.303,0,STOP_BEFORE_SPIN,0.098,0.000,0.000,0.000,0.000,0.000,0.000,0.000,0.0,0.0,0.1235,-0.1951,-115.47,0.0000,0.0000,0.00,0.0000,0.00,
100.352,0,STOP_BEFORE_SPIN,0.147,0.000,0.000,0.000,0.000,0.000,0.000,0.000,0.0,0.0,0.1235,-0.1951,-115.47,0.0000,0.0000,0.00,0.0000,0.00,
100.402,0,STOP_BEFORE_SPIN,0.197,0.000,0.000,0.000,0.000,0.000,0.000,0.000,0.0,0.0,0.1235,-0.1951,-115.47,0.0000,0.0000,0.00,0.0000,0.00,
100.452,0,STOP_BEFORE_SPIN,0.247,0.000,0.000,0.000,0.000,0.000,0.000,0.000,0.0,0.0,0.1235,-0.1951,-115.47,0.0000,0.0000,0.00,0.0000,0.00,
100.503,0,STOP_BEFORE_SPIN,0.298,0.000,0.000,0.000,0.000,0.000,0.000,0.000,0.0,0.0,0.1235,-0.1951,-115.47,0.0000,0.0000,0.00,0.0000,0.00,
100.553,0,STOP_BEFORE_SPIN,0.348,0.000,0.000,0.000,0.000,0.000,0.000,0.000,0.0,0.0,0.1235,-0.1951,-115.47,0.0000,0.0000,0.00,0.0000,0.00,
100.602,0,STOP_BEFORE_SPIN,0.397,0.000,0.000,0.000,0.000,0.000,0.000,0.000,0.0,0.0,0.1235,-0.1951,-115.47,0.0000,0.0000,0.00,0.0000,0.00,
100.652,0,STOP_BEFORE_SPIN,0.447,0.000,0.000,0.000,0.000,0.000,0.000,0.000,0.0,0.0,0.1235,-0.1951,-115.47,0.0000,0.0000,0.00,0.0000,0.00,
100.702,0,STOP_BEFORE_SPIN,0.497,0.000,0.000,0.000,0.000,0.000,0.000,0.000,0.0,0.0,0.1235,-0.1951,-115.47,0.0000,0.0000,0.00,0.0000,0.00,
100.752,0,STOP_BEFORE_SPIN,0.547,0.000,0.000,0.000,0.000,0.000,0.000,0.000,0.0,0.0,0.1235,-0.1951,-115.47,0.0000,0.0000,0.00,0.0000,0.00,
100.804,0,STOP_BEFORE_SPIN,0.599,0.000,0.000,0.000,0.000,0.000,0.000,0.000,0.0,0.0,0.1235,-0.1951,-115.47,0.0000,0.0000,0.00,0.0000,0.00,
100.853,0,STOP_BEFORE_SPIN,0.648,0.000,0.000,0.000,0.000,0.000,0.000,0.000,0.0,0.0,0.1235,-0.1951,-115.47,0.0000,0.0000,0.00,0.0000,0.00,
100.903,0,STOP_BEFORE_SPIN,0.698,0.000,0.000,0.000,0.000,0.000,0.000,0.000,0.0,0.0,0.1235,-0.1951,-115.47,0.0000,0.0000,0.00,0.0000,0.00,
100.952,0,STOP_BEFORE_SPIN,0.747,0.000,0.000,0.000,0.000,0.000,0.000,0.000,0.0,0.0,0.1235,-0.1951,-115.47,0.0000,0.0000,0.00,0.0000,0.00,
101.002,0,STOP_BEFORE_SPIN,0.797,0.000,0.000,0.000,0.000,0.000,0.000,0.000,0.0,0.0,0.1235,-0.1951,-115.47,0.0000,0.0000,0.00,0.0000,0.00,
101.053,0,STOP_BEFORE_SPIN,0.848,0.000,0.000,0.000,0.000,0.000,0.000,0.000,0.0,0.0,0.1235,-0.1951,-115.47,0.0000,0.0000,0.00,0.0000,0.00,
101.103,0,STOP_BEFORE_SPIN,0.898,0.000,0.000,0.000,0.000,0.000,0.000,0.000,0.0,0.0,0.1235,-0.1951,-115.47,0.0000,0.0000,0.00,0.0000,0.00,
101.152,0,STOP_BEFORE_SPIN,0.947,0.000,0.000,0.000,0.000,0.000,0.000,0.000,0.0,0.0,0.1235,-0.1951,-115.47,0.0000,0.0000,0.00,0.0000,0.00,
101.202,0,STOP_BEFORE_SPIN,0.997,0.000,0.000,0.000,0.000,0.000,0.000,0.000,0.0,0.0,0.1235,-0.1951,-115.47,0.0000,0.0000,0.00,0.0000,0.00,
101.254,0,STOP_BEFORE_SPIN,1.050,0.000,0.000,0.000,0.000,0.000,0.000,0.000,0.0,0.0,0.1235,-0.1951,-115.47,0.0000,0.0000,0.00,0.0000,0.00,INICIO_DRIFT_leg0
101.256,0,DRIFT,0.001,0.000,0.000,0.000,0.000,0.000,0.000,0.000,0.0,0.0,0.1235,-0.1951,-115.47,0.0000,0.0000,0.00,0.0000,0.00,
101.302,0,DRIFT,0.047,0.000,-0.000,1.000,0.000,0.000,0.000,0.000,0.0,0.0,0.1235,-0.1951,-115.47,0.0000,0.0000,0.00,0.0000,0.00,
101.352,0,DRIFT,0.097,0.000,-0.000,1.000,0.000,0.000,0.000,0.000,0.0,0.0,0.1235,-0.1951,-112.60,0.0000,0.0000,0.00,0.0000,0.00,
101.402,0,DRIFT,0.147,0.000,-0.000,1.000,0.000,0.000,0.000,0.000,0.0,0.0,0.1235,-0.1951,-109.74,0.0000,0.0000,0.00,0.0000,0.00,
101.452,0,DRIFT,0.197,0.000,-0.000,1.000,0.000,0.000,0.000,0.000,0.0,0.0,0.1235,-0.1951,-106.87,0.0000,0.0000,0.00,0.0000,0.00,
101.502,0,DRIFT,0.247,0.000,-0.000,1.000,0.000,0.000,0.000,0.000,0.0,0.0,0.1235,-0.1951,-104.01,0.0000,0.0000,0.00,0.0000,0.00,
101.557,0,DRIFT,0.302,0.000,-0.000,1.000,0.000,0.000,0.000,0.000,0.0,0.0,0.1235,-0.1951,-101.03,0.0000,0.0000,0.00,0.0000,0.00,
101.602,0,DRIFT,0.347,0.000,-0.000,1.000,0.000,0.000,0.000,0.000,0.0,0.0,0.1235,-0.1951,-98.27,0.0000,0.0000,0.00,0.0000,0.00,
101.652,0,DRIFT,0.397,0.000,-0.000,1.000,0.000,0.000,0.000,0.000,0.0,0.0,0.1235,-0.1951,-95.41,0.0000,0.0000,0.00,0.0000,0.00,
101.703,0,DRIFT,0.448,0.000,-0.000,1.000,0.000,0.000,0.000,0.000,0.0,0.0,0.1235,-0.1951,-92.49,0.0000,0.0000,0.00,0.0000,0.00,
101.752,0,DRIFT,0.497,0.000,-0.000,1.000,0.000,0.000,0.000,0.000,0.0,0.0,0.1235,-0.1951,-89.68,0.0000,0.0000,0.00,0.0000,0.00,
101.806,0,DRIFT,0.551,0.000,-0.000,1.000,0.000,0.000,0.000,0.000,0.0,0.0,0.1235,-0.1951,-86.74,0.0000,0.0000,0.00,0.0000,0.00,
101.853,0,DRIFT,0.598,0.000,-0.000,1.000,0.000,0.000,0.000,0.000,0.0,0.0,0.1235,-0.1951,-83.92,0.0000,0.0000,0.00,0.0000,0.00,
101.902,0,DRIFT,0.647,0.000,-0.000,1.000,0.000,0.000,0.000,0.000,0.0,0.0,0.1235,-0.1951,-81.09,0.0000,0.0000,0.00,0.0000,0.00,
101.952,0,DRIFT,0.697,0.000,-0.000,1.000,0.000,0.000,0.000,0.000,0.0,0.0,0.1235,-0.1951,-78.23,0.0000,0.0000,0.00,0.0000,0.00,
102.003,0,DRIFT,0.748,0.000,-0.000,1.000,0.000,0.000,0.000,0.000,0.0,0.0,0.1235,-0.1951,-75.33,0.0000,0.0000,0.00,0.0000,0.00,
102.055,0,DRIFT,0.800,0.000,-0.000,1.000,0.000,0.000,0.000,0.000,0.0,0.0,0.1235,-0.1951,-72.46,0.0000,0.0000,0.00,0.0000,0.00,
102.102,0,DRIFT,0.847,0.000,-0.000,1.000,0.000,0.000,0.000,0.000,0.0,0.0,0.1235,-0.1951,-69.63,0.0000,0.0000,0.00,0.0000,0.00,
102.152,0,DRIFT,0.897,0.000,-0.000,1.000,0.000,0.000,0.000,0.000,0.0,0.0,0.1235,-0.1951,-66.75,0.0000,0.0000,0.00,0.0000,0.00,
102.203,0,DRIFT,0.948,0.000,-0.000,1.000,0.000,0.000,0.000,0.000,0.0,0.0,0.1235,-0.1951,-63.85,0.0000,0.0000,0.00,0.0000,0.00,
102.252,0,DRIFT,0.997,0.000,-0.000,1.000,0.000,0.000,0.000,0.000,0.0,0.0,0.1235,-0.1951,-61.04,0.0000,0.0000,0.00,0.0000,0.00,
102.305,0,DRIFT,1.050,0.000,-0.000,1.000,0.000,0.000,0.000,0.000,0.0,0.0,0.1235,-0.1951,-58.17,0.0000,0.0000,0.00,0.0000,0.00,
102.352,0,DRIFT,1.097,0.000,-0.000,1.000,0.000,0.000,0.000,0.000,0.0,0.0,0.1235,-0.1951,-55.31,0.0000,0.0000,0.00,0.0000,0.00,
102.402,0,DRIFT,1.147,0.000,-0.000,1.000,0.000,0.000,0.000,0.000,0.0,0.0,0.1235,-0.1951,-52.44,0.0000,0.0000,0.00,0.0000,0.00,
102.452,0,DRIFT,1.197,0.000,-0.000,1.000,0.000,0.000,0.000,0.000,0.0,0.0,0.1235,-0.1951,-49.58,0.0000,0.0000,0.00,0.0000,0.00,
102.502,0,DRIFT,1.247,0.000,-0.000,1.000,0.000,0.000,0.000,0.000,0.0,0.0,0.1235,-0.1951,-46.71,0.0000,0.0000,0.00,0.0000,0.00,
102.554,0,DRIFT,1.300,0.000,-0.000,1.000,0.000,0.000,0.000,0.000,0.0,0.0,0.1235,-0.1951,-43.86,0.0000,0.0000,0.00,0.0000,0.00,
102.602,0,DRIFT,1.347,0.000,-0.000,1.000,0.000,0.000,0.000,0.000,0.0,0.0,0.1235,-0.1951,-40.99,0.0000,0.0000,0.00,0.0000,0.00,
102.652,0,DRIFT,1.397,0.000,-0.000,1.000,0.000,0.000,0.000,0.000,0.0,0.0,0.1235,-0.1951,-38.12,0.0000,0.0000,0.00,0.0000,0.00,
102.702,0,DRIFT,1.447,0.000,-0.000,1.000,0.000,0.000,0.000,0.000,0.0,0.0,0.1235,-0.1951,-35.25,0.0000,0.0000,0.00,0.0000,0.00,
102.752,0,DRIFT,1.497,0.000,-0.000,1.000,0.000,0.000,0.000,0.000,0.0,0.0,0.1235,-0.1951,-32.39,0.0000,0.0000,0.00,0.0000,0.00,
102.805,0,DRIFT,1.550,0.000,-0.000,1.000,0.000,0.000,0.000,0.000,0.0,0.0,0.1235,-0.1951,-29.52,0.0000,0.0000,0.00,0.0000,0.00,
102.852,0,DRIFT,1.598,0.000,-0.000,1.000,0.000,0.000,0.000,0.000,0.0,0.0,0.1235,-0.1951,-26.64,0.0000,0.0000,0.00,0.0000,0.00,
102.902,0,DRIFT,1.647,0.000,-0.000,1.000,0.000,0.000,0.000,0.000,0.0,0.0,0.1235,-0.1951,-23.79,0.0000,0.0000,0.00,0.0000,0.00,
102.952,0,DRIFT,1.697,0.000,-0.000,1.000,0.000,0.000,0.000,0.000,0.0,0.0,0.1235,-0.1951,-20.92,0.0000,0.0000,0.00,0.0000,0.00,
103.002,0,DRIFT,1.747,0.000,-0.000,1.000,0.000,0.000,0.000,0.000,0.0,0.0,0.1235,-0.1951,-18.06,0.0000,0.0000,0.00,0.0000,0.00,
103.055,0,DRIFT,1.800,0.000,-0.000,1.000,0.000,0.000,0.000,0.000,0.0,0.0,0.1235,-0.1951,-15.20,0.0000,0.0000,0.00,0.0000,0.00,
103.102,0,DRIFT,1.847,0.000,-0.000,1.000,0.000,0.000,0.000,0.000,0.0,0.0,0.1235,-0.1951,-12.33,0.0000,0.0000,0.00,0.0000,0.00,
103.152,0,DRIFT,1.897,0.000,-0.000,1.000,0.000,0.000,0.000,0.000,0.0,0.0,0.1235,-0.1951,-9.47,0.0000,0.0000,0.00,0.0000,0.00,
103.202,0,DRIFT,1.947,0.000,-0.000,1.000,0.000,0.000,0.000,0.000,0.0,0.0,0.1235,-0.1951,-6.61,0.0000,0.0000,0.00,0.0000,0.00,
103.252,0,DRIFT,1.997,0.000,-0.000,1.000,0.000,0.000,0.000,0.000,0.0,0.0,0.1235,-0.1951,-3.74,0.0000,0.0000,0.00,0.0000,0.00,
103.305,0,DRIFT,2.050,0.000,-0.000,1.000,0.000,0.000,0.000,0.000,0.0,0.0,0.1235,-0.1951,-0.88,0.0000,0.0000,0.00,0.0000,0.00,
103.352,0,DRIFT,2.097,0.000,-0.000,1.000,0.000,0.000,0.000,0.000,0.0,0.0,0.1235,-0.1951,1.99,0.0000,0.0000,0.00,0.0000,0.00,
103.404,0,DRIFT,2.149,0.000,-0.000,1.000,0.000,0.000,0.000,0.000,0.0,0.0,0.1235,-0.1951,4.95,0.0000,0.0000,0.00,0.0000,0.00,
103.453,0,DRIFT,2.198,0.000,-0.000,1.000,0.000,0.000,0.000,0.000,0.0,0.0,0.1235,-0.1951,7.78,0.0000,0.0000,0.00,0.0000,0.00,
103.502,0,DRIFT,2.247,0.000,-0.000,1.000,0.000,0.000,0.000,0.000,0.0,0.0,0.1235,-0.1951,10.58,0.0000,0.0000,0.00,0.0000,0.00,
103.556,0,DRIFT,2.301,0.000,-0.000,1.000,0.000,0.000,0.000,0.000,0.0,0.0,0.1235,-0.1951,13.56,0.0000,0.0000,0.00,0.0000,0.00,
103.604,0,DRIFT,2.349,0.000,-0.000,1.000,0.000,0.000,0.000,0.000,0.0,0.0,0.1235,-0.1951,16.41,0.0000,0.0000,0.00,0.0000,0.00,
103.653,0,DRIFT,2.398,0.000,-0.000,1.000,0.000,0.000,0.000,0.000,0.0,0.0,0.1235,-0.1951,19.21,0.0000,0.0000,0.00,0.0000,0.00,
103.702,0,DRIFT,2.447,0.000,-0.000,1.000,0.000,0.000,0.000,0.000,0.0,0.0,0.1235,-0.1951,22.03,0.0000,0.0000,0.00,0.0000,0.00,
103.755,1,DRIFT,2.501,0.000,0.000,0.000,0.000,0.000,0.000,0.000,0.0,0.0,0.1235,-0.1951,24.97,0.0000,0.0000,0.00,0.0000,0.00,FIN_DRIFT_leg0_TIMEOUT_2.5s_2.50s
103.759,1,STOP_BEFORE_DRIVE,0.001,0.000,0.000,0.000,0.000,0.000,0.000,0.000,0.0,0.0,0.1235,-0.1951,24.97,0.0000,0.0000,0.00,0.0000,0.00,
103.802,1,STOP_BEFORE_DRIVE,0.043,0.000,0.000,0.000,0.000,0.000,0.000,0.000,0.0,0.0,0.1235,-0.1951,24.97,0.0000,0.0000,0.00,0.0000,0.00,
103.852,1,STOP_BEFORE_DRIVE,0.094,0.000,0.000,0.000,0.000,0.000,0.000,0.000,0.0,0.0,0.1235,-0.1951,24.97,0.0000,0.0000,0.00,0.0000,0.00,
103.902,1,STOP_BEFORE_DRIVE,0.144,0.000,0.000,0.000,0.000,0.000,0.000,0.000,0.0,0.0,0.1235,-0.1951,24.97,0.0000,0.0000,0.00,0.0000,0.00,
103.952,1,STOP_BEFORE_DRIVE,0.194,0.000,0.000,0.000,0.000,0.000,0.000,0.000,0.0,0.0,0.1235,-0.1951,24.97,0.0000,0.0000,0.00,0.0000,0.00,
104.004,1,STOP_BEFORE_DRIVE,0.246,0.000,0.000,0.000,0.000,0.000,0.000,0.000,0.0,0.0,0.1235,-0.1951,24.97,0.0000,0.0000,0.00,0.0000,0.00,
104.053,1,STOP_BEFORE_DRIVE,0.295,0.000,0.000,0.000,0.000,0.000,0.000,0.000,0.0,0.0,0.1235,-0.1951,24.97,0.0000,0.0000,0.00,0.0000,0.00,
104.102,1,STOP_BEFORE_DRIVE,0.344,0.000,0.000,0.000,0.000,0.000,0.000,0.000,0.0,0.0,0.1235,-0.1951,24.97,0.0000,0.0000,0.00,0.0000,0.00,
104.153,1,STOP_BEFORE_DRIVE,0.395,0.000,0.000,0.000,0.000,0.000,0.000,0.000,0.0,0.0,0.1235,-0.1951,24.97,0.0000,0.0000,0.00,0.0000,0.00,
104.202,1,STOP_BEFORE_DRIVE,0.444,0.000,0.000,0.000,0.000,0.000,0.000,0.000,0.0,0.0,0.1235,-0.1951,24.97,0.0000,0.0000,0.00,0.0000,0.00,
104.252,1,STOP_BEFORE_DRIVE,0.494,0.000,0.000,0.000,0.000,0.000,0.000,0.000,0.0,0.0,0.1235,-0.1951,24.97,0.0000,0.0000,0.00,0.0000,0.00,
104.303,1,STOP_BEFORE_DRIVE,0.545,0.000,0.000,0.000,0.000,0.000,0.000,0.000,0.0,0.0,0.1235,-0.1951,24.97,0.0000,0.0000,0.00,0.0000,0.00,
104.353,1,STOP_BEFORE_DRIVE,0.595,0.000,0.000,0.000,0.000,0.000,0.000,0.000,0.0,0.0,0.1235,-0.1951,24.97,0.0000,0.0000,0.00,0.0000,0.00,
104.402,1,STOP_BEFORE_DRIVE,0.644,0.000,0.000,0.000,0.000,0.000,0.000,0.000,0.0,0.0,0.1235,-0.1951,24.97,0.0000,0.0000,0.00,0.0000,0.00,
104.452,1,STOP_BEFORE_DRIVE,0.694,0.000,0.000,0.000,0.000,0.000,0.000,0.000,0.0,0.0,0.1235,-0.1951,24.97,0.0000,0.0000,0.00,0.0000,0.00,
104.502,1,STOP_BEFORE_DRIVE,0.744,0.000,0.000,0.000,0.000,0.000,0.000,0.000,0.0,0.0,0.1235,-0.1951,24.97,0.0000,0.0000,0.00,0.0000,0.00,
104.552,1,STOP_BEFORE_DRIVE,0.794,0.000,0.000,0.000,0.000,0.000,0.000,0.000,0.0,0.0,0.1235,-0.1951,24.97,0.0000,0.0000,0.00,0.0000,0.00,
104.602,1,STOP_BEFORE_DRIVE,0.844,0.000,0.000,0.000,0.000,0.000,0.000,0.000,0.0,0.0,0.1235,-0.1951,24.97,0.0000,0.0000,0.00,0.0000,0.00,
104.653,1,STOP_BEFORE_DRIVE,0.895,0.000,0.000,0.000,0.000,0.000,0.000,0.000,0.0,0.0,0.1235,-0.1951,24.97,0.0000,0.0000,0.00,0.0000,0.00,
104.702,1,STOP_BEFORE_DRIVE,0.944,0.000,0.000,0.000,0.000,0.000,0.000,0.000,0.0,0.0,0.1235,-0.1951,24.97,0.0000,0.0000,0.00,0.0000,0.00,
104.752,1,STOP_BEFORE_DRIVE,0.994,0.000,0.000,0.000,0.000,0.000,0.000,0.000,0.0,0.0,0.1235,-0.1951,24.97,0.0000,0.0000,0.00,0.0000,0.00,
104.803,1,DRIVE,0.001,0.000,0.000,0.000,0.000,0.000,0.000,0.000,0.0,0.0,0.1235,-0.1951,24.97,0.0000,0.0000,0.00,0.0000,0.00,
104.852,1,DRIVE,0.050,0.300,0.000,-0.000,0.000,0.000,0.000,0.000,0.0,0.0,0.1235,-0.1951,24.97,0.0000,0.0000,0.00,0.0000,0.00,
