t_s,leg,state,phase_elapsed_s,cmd_vx,cmd_vy,cmd_wz,raw_vx,raw_vy,raw_wz,enc_dist_m,imu_yaw_deg,est_x,est_y,est_yaw_deg,event
0.051,0,WARMUP,0.051,0.000,0.000,0.500,0.000,0.000,0.000,0.000,0.0,0.000,0.000,0.0,
0.101,0,WARMUP,0.101,0.000,0.000,0.500,0.000,0.000,0.000,0.000,0.0,0.000,0.000,0.0,
0.151,0,WARMUP,0.152,0.000,0.000,-0.500,0.000,0.000,0.000,0.000,0.0,0.000,0.000,0.0,
0.201,0,WARMUP,0.202,0.000,0.000,-0.500,0.000,0.000,0.000,0.000,0.0,0.000,0.000,0.0,
0.251,0,WARMUP,0.252,0.000,0.000,-0.500,0.000,0.000,0.000,0.000,0.0,0.000,0.000,0.0,
0.301,0,WARMUP,0.302,0.000,0.000,0.000,0.000,0.000,0.000,0.000,0.0,0.000,0.000,0.0,
0.351,0,WARMUP,0.352,0.000,0.000,0.000,0.000,0.000,0.000,0.000,0.0,0.000,0.000,0.0,
0.401,0,WARMUP,0.402,0.000,0.000,0.000,0.000,0.000,0.000,0.000,0.0,0.000,0.000,0.0,
0.451,0,WARMUP,0.452,0.000,0.000,0.000,0.000,0.000,0.000,0.000,0.0,0.000,0.000,0.0,
0.501,0,WARMUP,0.502,0.000,0.000,0.000,0.000,0.000,0.000,0.000,0.0,0.000,0.000,0.0,
0.551,0,WARMUP,0.552,0.000,0.000,0.000,0.000,0.000,0.000,0.000,0.0,0.000,0.000,0.0,
0.601,0,WARMUP,0.602,0.000,0.000,0.000,0.000,0.000,0.000,0.000,0.0,0.000,0.000,0.0,
0.651,0,WARMUP,0.652,0.000,0.000,0.000,0.000,0.000,0.000,0.000,0.0,0.000,0.000,0.0,
0.701,0,WARMUP,0.702,0.000,0.000,0.000,0.000,0.000,0.000,0.000,0.0,0.000,0.000,0.0,
0.751,0,WARMUP,0.752,0.000,0.000,0.000,0.000,0.000,0.000,0.000,0.0,0.000,0.000,0.0,
0.804,0,WARMUP,0.804,0.000,0.000,0.000,0.000,0.000,0.000,0.000,0.0,0.000,0.000,0.0,FIN_WARMUP
0.805,0,DRIVE,0.001,0.000,0.000,0.000,0.000,0.000,0.000,0.000,0.0,0.000,0.000,0.0,
0.852,0,DRIVE,0.047,0.300,0.000,0.000,0.000,0.000,0.000,0.000,0.0,0.000,0.000,0.0,
0.902,0,DRIVE,0.097,0.300,0.000,0.000,0.000,0.000,0.000,0.000,0.0,0.000,0.000,0.0,
0.952,0,DRIVE,0.147,0.300,0.000,0.000,0.000,0.000,0.000,0.000,0.0,0.000,0.000,0.0,
1.002,0,DRIVE,0.197,0.300,0.000,0.000,0.000,0.000,0.000,0.000,0.0,0.000,0.000,0.0,
1.052,0,DRIVE,0.247,0.300,0.000,0.000,0.000,0.000,0.000,0.000,0.0,0.000,0.000,0.0,
1.102,0,DRIVE,0.297,0.300,0.000,0.000,0.000,0.000,0.000,0.000,0.0,0.000,0.000,0.0,
1.152,0,DRIVE,0.347,0.300,0.000,0.000,0.000,0.000,0.000,0.000,0.0,0.000,0.000,0.0,
1.202,0,DRIVE,0.397,0.300,0.000,0.000,0.000,0.000,0.000,0.000,0.0,0.000,0.000,0.0,
1.252,0,DRIVE,0.447,0.300,0.000,0.000,0.000,0.000,0.000,0.000,0.0,0.000,0.000,0.0,
1.302,0,DRIVE,0.497,0.300,0.000,0.000,0.000,0.000,0.000,0.000,0.0,0.000,0.000,0.0,
1.352,0,DRIVE,0.547,0.300,0.000,0.000,0.000,0.000,0.000,0.000,0.0,0.000,0.000,0.0,
1.402,0,DRIVE,0.597,0.300,0.000,0.000,0.000,0.000,0.000,0.000,0.0,0.000,0.000,0.0,
1.452,0,DRIVE,0.647,0.300,0.000,0.000,0.000,0.000,0.000,0.000,0.0,0.000,0.000,0.0,
1.502,0,DRIVE,0.697,0.300,0.000,0.000,0.000,0.000,0.000,0.000,0.0,0.000,0.000,0.0,
1.552,0,DRIVE,0.747,0.300,0.000,0.000,0.000,0.000,0.000,0.000,0.0,0.000,0.000,0.0,
1.602,0,DRIVE,0.797,0.300,0.000,0.000,0.000,0.000,0.000,0.000,0.0,0.000,0.000,0.0,
1.652,0,DRIVE,0.847,0.300,0.000,0.000,0.000,0.000,0.000,0.000,0.0,0.000,0.000,0.0,
1.702,0,DRIVE,0.897,0.300,0.000,0.000,0.000,0.000,0.000,0.000,0.0,0.000,0.000,0.0,
1.752,0,DRIVE,0.947,0.300,0.000,0.000,0.000,0.000,0.000,0.000,0.0,0.000,0.000,0.0,
1.804,0,DRIVE,1.000,0.300,0.000,0.000,0.000,0.000,0.000,0.000,0.0,0.000,0.000,0.0,
1.852,0,DRIVE,1.047,0.300,0.000,0.000,0.000,0.000,0.000,0.000,0.0,0.000,0.000,0.0,
1.902,0,DRIVE,1.097,0.300,0.000,0.000,0.000,0.000,0.000,0.000,0.0,0.000,0.000,0.0,
1.952,0,DRIVE,1.147,0.300,0.000,0.000,0.000,0.000,0.000,0.000,0.0,0.000,0.000,0.0,
2.002,0,DRIVE,1.197,0.300,0.000,0.000,0.000,0.000,0.000,0.000,0.0,0.000,0.000,0.0,
2.052,0,DRIVE,1.247,0.300,0.000,0.000,0.000,0.000,0.000,0.000,0.0,0.000,0.000,0.0,
2.102,0,DRIVE,1.297,0.300,0.000,0.000,0.000,0.000,0.000,0.000,0.0,0.000,0.000,0.0,
2.152,0,DRIVE,1.347,0.300,0.000,0.000,0.000,0.000,0.000,0.000,0.0,0.000,0.000,0.0,
2.202,0,DRIVE,1.397,0.300,0.000,0.000,0.000,0.000,0.000,0.000,0.0,0.000,0.000,0.0,
2.252,0,DRIVE,1.447,0.300,0.000,0.000,0.000,0.000,0.000,0.000,0.0,0.000,0.000,0.0,
2.302,0,DRIVE,1.497,0.300,0.000,0.000,0.000,0.000,0.000,0.000,0.0,0.000,0.000,0.0,
2.352,0,DRIVE,1.547,0.300,0.000,0.000,0.000,0.000,0.000,0.000,0.0,0.000,0.000,0.0,
2.402,0,DRIVE,1.597,0.300,0.000,0.000,0.000,0.000,0.000,0.000,0.0,0.000,0.000,0.0,
2.452,0,DRIVE,1.647,0.300,0.000,0.000,0.000,0.000,0.000,0.000,0.0,0.000,0.000,0.0,
2.502,0,DRIVE,1.697,0.300,0.000,0.000,0.000,0.000,0.000,0.000,0.0,0.000,0.000,0.0,
2.552,0,DRIVE,1.747,0.300,0.000,0.000,0.000,0.000,0.000,0.000,0.0,0.000,0.000,0.0,
2.602,0,DRIVE,1.797,0.300,0.000,0.000,0.000,0.000,0.000,0.000,0.0,0.000,0.000,0.0,
2.652,0,DRIVE,1.847,0.300,0.000,0.000,0.000,0.000,0.000,0.000,0.0,0.000,0.000,0.0,
2.702,0,DRIVE,1.897,0.300,0.000,0.000,0.000,0.000,0.000,0.000,0.0,0.000,0.000,0.0,
2.752,0,DRIVE,1.947,0.300,0.000,0.000,0.000,0.000,0.000,0.000,0.0,0.000,0.000,0.0,
2.804,0,DRIVE,2.000,0.300,0.000,0.000,0.000,0.000,0.000,0.000,0.0,0.000,0.000,0.0,
2.852,0,DRIVE,2.047,0.300,0.000,0.000,0.000,0.000,0.000,0.000,0.0,0.000,0.000,0.0,
2.902,0,DRIVE,2.097,0.300,0.000,0.000,0.000,0.000,0.000,0.000,0.0,0.000,0.000,0.0,
2.952,0,DRIVE,2.147,0.300,0.000,0.000,0.000,0.000,0.000,0.000,0.0,0.000,0.000,0.0,
3.002,0,DRIVE,2.197,0.300,0.000,0.000,0.000,0.000,0.000,0.000,0.0,0.000,0.000,0.0,
3.052,0,DRIVE,2.247,0.300,0.000,0.000,0.000,0.000,0.000,0.000,0.0,0.000,0.000,0.0,
3.102,0,DRIVE,2.297,0.300,0.000,0.000,0.000,0.000,0.000,0.000,0.0,0.000,0.000,0.0,
3.152,0,DRIVE,2.347,0.300,0.000,0.000,0.000,0.000,0.000,0.000,0.0,0.000,0.000,0.0,
3.202,0,DRIVE,2.397,0.300,0.000,0.000,0.000,0.000,0.000,0.000,0.0,0.000,0.000,0.0,
3.252,0,DRIVE,2.447,0.300,0.000,0.000,0.000,0.000,0.000,0.000,0.0,0.000,0.000,0.0,
3.302,0,DRIVE,2.497,0.300,0.000,0.000,0.000,0.000,0.000,0.000,0.0,0.000,0.000,0.0,
3.352,0,DRIVE,2.547,0.300,0.000,0.000,0.000,0.000,0.000,0.000,0.0,0.000,0.000,0.0,
3.402,0,DRIVE,2.597,0.300,0.000,0.000,0.000,0.000,0.000,0.000,0.0,0.000,0.000,0.0,
3.452,0,DRIVE,2.647,0.300,0.000,0.000,0.000,0.000,0.000,0.000,0.0,0.000,0.000,0.0,
3.502,0,DRIVE,2.697,0.300,0.000,0.000,0.000,0.000,0.000,0.000,0.0,0.000,0.000,0.0,
3.552,0,DRIVE,2.747,0.300,0.000,0.000,0.000,0.000,0.000,0.000,0.0,0.000,0.000,0.0,
3.602,0,DRIVE,2.797,0.300,0.000,0.000,0.000,0.000,0.000,0.000,0.0,0.000,0.000,0.0,
3.652,0,DRIVE,2.847,0.300,0.000,0.000,0.000,0.000,0.000,0.000,0.0,0.000,0.000,0.0,
3.702,0,DRIVE,2.897,0.300,0.000,0.000,0.000,0.000,0.000,0.000,0.0,0.000,0.000,0.0,
3.752,0,DRIVE,2.947,0.300,0.000,0.000,0.000,0.000,0.000,0.000,0.0,0.000,0.000,0.0,
3.804,0,DRIVE,3.000,0.300,0.000,0.000,0.000,0.000,0.000,0.000,0.0,0.000,0.000,0.0,
3.852,0,DRIVE,3.047,0.300,0.000,0.000,0.000,0.000,0.000,0.000,0.0,0.000,0.000,0.0,
3.902,0,DRIVE,3.097,0.300,0.000,0.000,0.000,0.000,0.000,0.000,0.0,0.000,0.000,0.0,
3.952,0,DRIVE,3.147,0.300,0.000,0.000,0.000,0.000,0.000,0.000,0.0,0.000,0.000,0.0,
4.002,0,DRIVE,3.197,0.300,0.000,0.000,0.000,0.000,0.000,0.000,0.0,0.000,0.000,0.0,
4.052,0,DRIVE,3.247,0.300,0.000,0.000,0.000,0.000,0.000,0.000,0.0,0.000,0.000,0.0,
4.102,0,DRIVE,3.297,0.300,0.000,0.000,0.000,0.000,0.000,0.000,0.0,0.000,0.000,0.0,
4.152,0,DRIVE,3.347,0.300,0.000,0.000,0.000,0.000,0.000,0.000,0.0,0.000,0.000,0.0,
4.202,0,DRIVE,3.397,0.300,0.000,0.000,0.000,0.000,0.000,0.000,0.0,0.000,0.000,0.0,
4.252,0,DRIVE,3.447,0.300,0.000,0.000,0.000,0.000,0.000,0.000,0.0,0.000,0.000,0.0,
4.302,0,DRIVE,3.497,0.300,0.000,0.000,0.000,0.000,0.000,0.000,0.0,0.000,0.000,0.0,
4.352,0,DRIVE,3.547,0.300,0.000,0.000,0.000,0.000,0.000,0.000,0.0,0.000,0.000,0.0,
4.402,0,DRIVE,3.597,0.300,0.000,0.000,0.000,0.000,0.000,0.000,0.0,0.000,0.000,0.0,
4.452,0,DRIVE,3.647,0.300,0.000,0.000,0.000,0.000,0.000,0.000,0.0,0.000,0.000,0.0,
4.502,0,DRIVE,3.697,0.300,0.000,0.000,0.000,0.000,0.000,0.000,0.0,0.000,0.000,0.0,
4.552,0,DRIVE,3.747,0.300,0.000,0.000,0.000,0.000,0.000,0.000,0.0,0.000,0.000,0.0,
4.602,0,DRIVE,3.797,0.300,0.000,0.000,0.000,0.000,0.000,0.000,0.0,0.000,0.000,0.0,
4.652,0,DRIVE,3.847,0.300,0.000,0.000,0.000,0.000,0.000,0.000,0.0,0.000,0.000,0.0,
4.702,0,DRIVE,3.897,0.300,0.000,0.000,0.000,0.000,0.000,0.000,0.0,0.000,0.000,0.0,
4.752,0,DRIVE,3.947,0.300,0.000,0.000,0.000,0.000,0.000,0.000,0.0,0.000,0.000,0.0,
4.804,0,DRIVE,4.000,0.300,0.000,0.000,0.000,0.000,0.000,0.000,0.0,0.000,0.000,0.0,
4.852,0,DRIVE,4.047,0.300,0.000,0.000,0.000,0.000,0.000,0.000,0.0,0.000,0.000,0.0,
4.902,0,DRIVE,4.097,0.300,0.000,0.000,0.000,0.000,0.000,0.000,0.0,0.000,0.000,0.0,
4.952,0,DRIVE,4.147,0.300,0.000,0.000,0.000,0.000,0.000,0.000,0.0,0.000,0.000,0.0,
5.002,0,DRIVE,4.197,0.300,0.000,0.000,0.000,0.000,0.000,0.000,0.0,0.000,0.000,0.0,
5.052,0,DRIVE,4.247,0.300,0.000,0.000,0.000,0.000,0.000,0.000,0.0,0.000,0.000,0.0,
5.102,0,DRIVE,4.297,0.300,0.000,0.000,0.000,0.000,0.000,0.000,0.0,0.000,0.000,0.0,
5.152,0,DRIVE,4.347,0.300,0.000,0.000,0.000,0.000,0.000,0.000,0.0,0.000,0.000,0.0,
5.202,0,DRIVE,4.397,0.300,0.000,0.000,0.000,0.000,0.000,0.000,0.0,0.000,0.000,0.0,
5.252,0,DRIVE,4.447,0.300,0.000,0.000,0.000,0.000,0.000,0.000,0.0,0.000,0.000,0.0,
5.302,0,DRIVE,4.497,0.300,0.000,0.000,0.000,0.000,0.000,0.000,0.0,0.000,0.000,0.0,
5.352,0,DRIVE,4.547,0.300,0.000,0.000,0.000,0.000,0.000,0.000,0.0,0.000,0.000,0.0,
5.402,0,DRIVE,4.597,0.300,0.000,0.000,0.000,0.000,0.000,0.000,0.0,0.000,0.000,0.0,
5.452,0,DRIVE,4.647,0.300,0.000,0.000,0.000,0.000,0.000,0.000,0.0,0.000,0.000,0.0,
5.502,0,DRIVE,4.697,0.300,0.000,0.000,0.000,0.000,0.000,0.000,0.0,0.000,0.000,0.0,
5.552,0,DRIVE,4.747,0.300,0.000,0.000,0.000,0.000,0.000,0.000,0.0,0.000,0.000,0.0,
5.602,0,DRIVE,4.797,0.300,0.000,0.000,0.000,0.000,0.000,0.000,0.0,0.000,0.000,0.0,
5.652,0,DRIVE,4.847,0.300,0.000,0.000,0.000,0.000,0.000,0.000,0.0,0.000,0.000,0.0,
5.702,0,DRIVE,4.897,0.300,0.000,0.000,0.000,0.000,0.000,0.000,0.0,0.000,0.000,0.0,
5.752,0,DRIVE,4.947,0.300,0.000,0.000,0.000,0.000,0.000,0.000,0.0,0.000,0.000,0.0,
5.804,0,DRIVE,5.000,0.300,0.000,0.000,0.000,0.000,0.000,0.000,0.0,0.000,0.000,0.0,
5.852,0,DRIVE,5.047,0.300,0.000,0.000,0.000,0.000,0.000,0.000,0.0,0.000,0.000,0.0,
5.902,0,DRIVE,5.097,0.300,0.000,0.000,0.000,0.000,0.000,0.000,0.0,0.000,0.000,0.0,
5.952,0,DRIVE,5.147,0.300,0.000,0.000,0.000,0.000,0.000,0.000,0.0,0.000,0.000,0.0,
6.002,0,DRIVE,5.197,0.300,0.000,0.000,0.000,0.000,0.000,0.000,0.0,0.000,0.000,0.0,
6.052,0,DRIVE,5.247,0.300,0.000,0.000,0.000,0.000,0.000,0.000,0.0,0.000,0.000,0.0,
6.102,0,DRIVE,5.297,0.300,0.000,0.000,0.000,0.000,0.000,0.000,0.0,0.000,0.000,0.0,
6.152,0,DRIVE,5.347,0.300,0.000,0.000,0.000,0.000,0.000,0.000,0.0,0.000,0.000,0.0,
6.202,0,DRIVE,5.397,0.300,0.000,0.000,0.000,0.000,0.000,0.000,0.0,0.000,0.000,0.0,
6.252,0,DRIVE,5.447,0.300,0.000,0.000,0.000,0.000,0.000,0.000,0.0,0.000,0.000,0.0,
6.302,0,DRIVE,5.497,0.300,0.000,0.000,0.000,0.000,0.000,0.000,0.0,0.000,0.000,0.0,
6.352,0,DRIVE,5.547,0.300,0.000,0.000,0.000,0.000,0.000,0.000,0.0,0.000,0.000,0.0,
6.402,0,DRIVE,5.597,0.300,0.000,0.000,0.000,0.000,0.000,0.000,0.0,0.000,0.000,0.0,
6.452,0,DRIVE,5.647,0.300,0.000,0.000,0.000,0.000,0.000,0.000,0.0,0.000,0.000,0.0,
6.502,0,DRIVE,5.697,0.300,0.000,0.000,0.000,0.000,0.000,0.000,0.0,0.000,0.000,0.0,
6.552,0,DRIVE,5.747,0.300,0.000,0.000,0.000,0.000,0.000,0.000,0.0,0.000,0.000,0.0,
6.602,0,DRIVE,5.797,0.300,0.000,0.000,0.000,0.000,0.000,0.000,0.0,0.000,0.000,0.0,
6.652,0,DRIVE,5.847,0.300,0.000,0.000,0.000,0.000,0.000,0.000,0.0,0.000,0.000,0.0,
6.702,0,DRIVE,5.897,0.300,0.000,0.000,0.000,0.000,0.000,0.000,0.0,0.000,0.000,0.0,
6.752,0,DRIVE,5.947,0.300,0.000,0.000,0.000,0.000,0.000,0.000,0.0,0.000,0.000,0.0,
6.804,0,DRIVE,6.000,0.300,0.000,0.000,0.000,0.000,0.000,0.000,0.0,0.000,0.000,0.0,
6.852,0,DRIVE,6.047,0.300,0.000,0.000,0.000,0.000,0.000,0.000,0.0,0.000,0.000,0.0,
6.902,0,DRIVE,6.097,0.300,0.000,0.000,0.000,0.000,0.000,0.000,0.0,0.000,0.000,0.0,
6.952,0,DRIVE,6.147,0.300,0.000,0.000,0.000,0.000,0.000,0.000,0.0,0.000,0.000,0.0,
7.002,0,DRIVE,6.197,0.300,0.000,0.000,0.000,0.000,0.000,0.000,0.0,0.000,0.000,0.0,
7.052,0,DRIVE,6.247,0.300,0.000,0.000,0.000,0.000,0.000,0.000,0.0,0.000,0.000,0.0,
7.102,0,DRIVE,6.297,0.300,0.000,0.000,0.000,0.000,0.000,0.000,0.0,0.000,0.000,0.0,
7.152,0,DRIVE,6.347,0.300,0.000,0.000,0.000,0.000,0.000,0.000,0.0,0.000,0.000,0.0,
7.202,0,DRIVE,6.397,0.300,0.000,0.000,0.000,0.000,0.000,0.000,0.0,0.000,0.000,0.0,
7.252,0,DRIVE,6.447,0.300,0.000,0.000,0.000,0.000,0.000,0.000,0.0,0.000,0.000,0.0,
7.302,0,DRIVE,6.497,0.300,0.000,0.000,0.000,0.000,0.000,0.000,0.0,0.000,0.000,0.0,
7.352,0,DRIVE,6.547,0.300,0.000,0.000,0.000,0.000,0.000,0.000,0.0,0.000,0.000,0.0,
7.402,0,DRIVE,6.597,0.300,0.000,0.000,0.000,0.000,0.000,0.000,0.0,0.000,0.000,0.0,
7.451,0,DRIVE,6.647,0.300,0.000,0.000,0.000,0.000,0.000,0.000,0.0,0.000,0.000,0.0,
7.502,0,DRIVE,6.697,0.300,0.000,0.000,0.000,0.000,0.000,0.000,0.0,0.000,0.000,0.0,
7.552,0,DRIVE,6.747,0.300,0.000,0.000,0.000,0.000,0.000,0.000,0.0,0.000,0.000,0.0,
7.602,0,DRIVE,6.797,0.300,0.000,0.000,0.000,0.000,0.000,0.000,0.0,0.000,0.000,0.0,
7.652,0,DRIVE,6.847,0.300,0.000,0.000,0.000,0.000,0.000,0.000,0.0,0.000,0.000,0.0,
7.702,0,DRIVE,6.897,0.300,0.000,0.000,0.000,0.000,0.000,0.000,0.0,0.000,0.000,0.0,
7.752,0,DRIVE,6.947,0.300,0.000,0.000,0.000,0.000,0.000,0.000,0.0,0.000,0.000,0.0,
7.804,0,DRIVE,7.000,0.300,0.000,0.000,0.000,0.000,0.000,0.000,0.0,0.000,0.000,0.0,
7.852,0,DRIVE,7.047,0.300,0.000,0.000,0.000,0.000,0.000,0.000,0.0,0.000,0.000,0.0,
7.902,0,DRIVE,7.097,0.300,0.000,0.000,0.000,0.000,0.000,0.000,0.0,0.000,0.000,0.0,
7.952,0,DRIVE,7.147,0.300,0.000,0.000,0.000,0.000,0.000,0.000,0.0,0.000,0.000,0.0,
8.002,0,DRIVE,7.197,0.300,0.000,0.000,0.000,0.000,0.000,0.000,0.0,0.000,0.000,0.0,
8.052,0,DRIVE,7.247,0.300,0.000,0.000,0.000,0.000,0.000,0.000,0.0,0.000,0.000,0.0,
8.102,0,DRIVE,7.297,0.300,0.000,0.000,0.000,0.000,0.000,0.000,0.0,0.000,0.000,0.0,
8.152,0,DRIVE,7.347,0.300,0.000,0.000,0.000,0.000,0.000,0.000,0.0,0.000,0.000,0.0,
8.202,0,DRIVE,7.397,0.300,0.000,0.000,0.000,0.000,0.000,0.000,0.0,0.000,0.000,0.0,
8.252,0,DRIVE,7.447,0.300,0.000,0.000,0.000,0.000,0.000,0.000,0.0,0.000,0.000,0.0,
8.302,0,DRIVE,7.497,0.300,0.000,0.000,0.000,0.000,0.000,0.000,0.0,0.000,0.000,0.0,
8.352,0,DRIVE,7.547,0.300,0.000,0.000,0.000,0.000,0.000,0.000,0.0,0.000,0.000,0.0,
8.402,0,DRIVE,7.597,0.300,0.000,0.000,0.000,0.000,0.000,0.000,0.0,0.000,0.000,0.0,
8.452,0,DRIVE,7.647,0.300,0.000,0.000,0.000,0.000,0.000,0.000,0.0,0.000,0.000,0.0,
8.502,0,DRIVE,7.697,0.300,0.000,0.000,0.000,0.000,0.000,0.000,0.0,0.000,0.000,0.0,
8.552,0,DRIVE,7.747,0.300,0.000,0.000,0.000,0.000,0.000,0.000,0.0,0.000,0.000,0.0,
8.602,0,DRIVE,7.797,0.300,0.000,0.000,0.000,0.000,0.000,0.000,0.0,0.000,0.000,0.0,
8.652,0,DRIVE,7.847,0.300,0.000,0.000,0.000,0.000,0.000,0.000,0.0,0.000,0.000,0.0,
8.702,0,DRIVE,7.897,0.300,0.000,0.000,0.000,0.000,0.000,0.000,0.0,0.000,0.000,0.0,
8.752,0,DRIVE,7.947,0.300,0.000,0.000,0.000,0.000,0.000,0.000,0.0,0.000,0.000,0.0,
8.804,0,DRIVE,8.000,0.300,0.000,0.000,0.000,0.000,0.000,0.000,0.0,0.000,0.000,0.0,
8.852,0,DRIVE,8.047,0.300,0.000,0.000,0.000,0.000,0.000,0.000,0.0,0.000,0.000,0.0,
8.902,0,DRIVE,8.097,0.300,0.000,0.000,0.000,0.000,0.000,0.000,0.0,0.000,0.000,0.0,
8.952,0,DRIVE,8.147,0.300,0.000,0.000,0.000,0.000,0.000,0.000,0.0,0.000,0.000,0.0,
9.002,0,DRIVE,8.197,0.300,0.000,0.000,0.000,0.000,0.000,0.000,0.0,0.000,0.000,0.0,
9.052,0,DRIVE,8.247,0.300,0.000,0.000,0.000,0.000,0.000,0.000,0.0,0.000,0.000,0.0,
9.102,0,DRIVE,8.297,0.300,0.000,0.000,0.000,0.000,0.000,0.000,0.0,0.000,0.000,0.0,
9.154,0,DRIVE,8.350,0.000,0.000,0.000,0.000,0.000,0.000,0.000,0.0,1.000,0.000,0.0,FIN_DRIVE_leg0_TIMEOUT_8.3s
9.155,0,STOP_BEFORE_SPIN,0.001,0.000,0.000,0.000,0.000,0.000,0.000,0.000,0.0,1.000,0.000,0.0,
9.202,0,STOP_BEFORE_SPIN,0.047,0.000,0.000,0.000,0.000,0.000,0.000,0.000,0.0,1.000,0.000,0.0,
9.252,0,STOP_BEFORE_SPIN,0.097,0.000,0.000,0.000,0.000,0.000,0.000,0.000,0.0,1.000,0.000,0.0,
9.302,0,STOP_BEFORE_SPIN,0.147,0.000,0.000,0.000,0.000,0.000,0.000,0.000,0.0,1.000,0.000,0.0,
9.351,0,STOP_BEFORE_SPIN,0.197,0.000,0.000,0.000,0.000,0.000,0.000,0.000,0.0,1.000,0.000,0.0,
9.402,0,STOP_BEFORE_SPIN,0.247,0.000,0.000,0.000,0.000,0.000,0.000,0.000,0.0,1.000,0.000,0.0,
9.452,0,STOP_BEFORE_SPIN,0.297,0.000,0.000,0.000,0.000,0.000,0.000,0.000,0.0,1.000,0.000,0.0,
9.502,0,STOP_BEFORE_SPIN,0.347,0.000,0.000,0.000,0.000,0.000,0.000,0.000,0.0,1.000,0.000,0.0,
9.552,0,STOP_BEFORE_SPIN,0.397,0.000,0.000,0.000,0.000,0.000,0.000,0.000,0.0,1.000,0.000,0.0,
9.602,0,STOP_BEFORE_SPIN,0.447,0.000,0.000,0.000,0.000,0.000,0.000,0.000,0.0,1.000,0.000,0.0,
9.652,0,STOP_BEFORE_SPIN,0.497,0.000,0.000,0.000,0.000,0.000,0.000,0.000,0.0,1.000,0.000,0.0,
9.702,0,STOP_BEFORE_SPIN,0.547,0.000,0.000,0.000,0.000,0.000,0.000,0.000,0.0,1.000,0.000,0.0,
9.752,0,STOP_BEFORE_SPIN,0.597,0.000,0.000,0.000,0.000,0.000,0.000,0.000,0.0,1.000,0.000,0.0,
9.802,0,STOP_BEFORE_SPIN,0.647,0.000,0.000,0.000,0.000,0.000,0.000,0.000,0.0,1.000,0.000,0.0,
9.851,0,STOP_BEFORE_SPIN,0.697,0.000,0.000,0.000,0.000,0.000,0.000,0.000,0.0,1.000,0.000,0.0,
9.902,0,STOP_BEFORE_SPIN,0.747,0.000,0.000,0.000,0.000,0.000,0.000,0.000,0.0,1.000,0.000,0.0,
9.952,0,STOP_BEFORE_SPIN,0.797,0.000,0.000,0.000,0.000,0.000,0.000,0.000,0.0,1.000,0.000,0.0,
10.002,0,STOP_BEFORE_SPIN,0.847,0.000,0.000,0.000,0.000,0.000,0.000,0.000,0.0,1.000,0.000,0.0,
10.052,0,STOP_BEFORE_SPIN,0.897,0.000,0.000,0.000,0.000,0.000,0.000,0.000,0.0,1.000,0.000,0.0,
10.102,0,STOP_BEFORE_SPIN,0.947,0.000,0.000,0.000,0.000,0.000,0.000,0.000,0.0,1.000,0.000,0.0,
10.152,0,STOP_BEFORE_SPIN,0.997,0.000,0.000,0.000,0.000,0.000,0.000,0.000,0.0,1.000,0.000,0.0,
10.204,0,STOP_BEFORE_SPIN,1.049,0.000,0.000,0.000,0.000,0.000,0.000,0.000,0.0,1.000,0.000,0.0,INICIO_DRIFT_leg0
10.205,0,DRIFT,0.001,0.000,0.000,0.000,0.000,0.000,0.000,0.000,0.0,1.000,0.000,0.0,
10.252,0,DRIFT,0.047,0.000,-0.000,1.000,0.000,0.000,0.000,0.000,0.0,1.000,0.000,0.0,
10.302,0,DRIFT,0.097,0.000,-0.000,1.000,0.000,0.000,0.000,0.000,0.0,1.000,0.000,0.0,
10.352,0,DRIFT,0.147,0.000,-0.000,1.000,0.000,0.000,0.000,0.000,0.0,1.000,0.000,0.0,
10.402,0,DRIFT,0.197,0.000,-0.000,1.000,0.000,0.000,0.000,0.000,0.0,1.000,0.000,0.0,
10.452,0,DRIFT,0.247,0.000,-0.000,1.000,0.000,0.000,0.000,0.000,0.0,1.000,0.000,0.0,
10.502,0,DRIFT,0.297,0.000,-0.000,1.000,0.000,0.000,0.000,0.000,0.0,1.000,0.000,0.0,
10.552,0,DRIFT,0.347,0.000,-0.000,1.000,0.000,0.000,0.000,0.000,0.0,1.000,0.000,0.0,
10.602,0,DRIFT,0.397,0.000,-0.000,1.000,0.000,0.000,0.000,0.000,0.0,1.000,0.000,0.0,
10.652,0,DRIFT,0.447,0.000,-0.000,1.000,0.000,0.000,0.000,0.000,0.0,1.000,0.000,0.0,
10.702,0,DRIFT,0.497,0.000,-0.000,1.000,0.000,0.000,0.000,0.000,0.0,1.000,0.000,0.0,
10.752,0,DRIFT,0.547,0.000,-0.000,1.000,0.000,0.000,0.000,0.000,0.0,1.000,0.000,0.0,
10.802,0,DRIFT,0.597,0.000,-0.000,1.000,0.000,0.000,0.000,0.000,0.0,1.000,0.000,0.0,
10.852,0,DRIFT,0.647,0.000,-0.000,1.000,0.000,0.000,0.000,0.000,0.0,1.000,0.000,0.0,
10.902,0,DRIFT,0.697,0.000,-0.000,1.000,0.000,0.000,0.000,0.000,0.0,1.000,0.000,0.0,
10.952,0,DRIFT,0.747,0.000,-0.000,1.000,0.000,0.000,0.000,0.000,0.0,1.000,0.000,0.0,
11.002,0,DRIFT,0.797,0.000,-0.000,1.000,0.000,0.000,0.000,0.000,0.0,1.000,0.000,0.0,
11.052,0,DRIFT,0.847,0.000,-0.000,1.000,0.000,0.000,0.000,0.000,0.0,1.000,0.000,0.0,
11.102,0,DRIFT,0.897,0.000,-0.000,1.000,0.000,0.000,0.000,0.000,0.0,1.000,0.000,0.0,
11.152,0,DRIFT,0.947,0.000,-0.000,1.000,0.000,0.000,0.000,0.000,0.0,1.000,0.000,0.0,
11.202,0,DRIFT,0.997,0.000,-0.000,1.000,0.000,0.000,0.000,0.000,0.0,1.000,0.000,0.0,
11.252,0,DRIFT,1.047,0.000,-0.000,1.000,0.000,0.000,0.000,0.000,0.0,1.000,0.000,0.0,
11.302,0,DRIFT,1.097,0.000,-0.000,1.000,0.000,0.000,0.000,0.000,0.0,1.000,0.000,0.0,
11.352,0,DRIFT,1.147,0.000,-0.000,1.000,0.000,0.000,0.000,0.000,0.0,1.000,0.000,0.0,
11.402,0,DRIFT,1.197,0.000,-0.000,1.000,0.000,0.000,0.000,0.000,0.0,1.000,0.000,0.0,
11.452,0,DRIFT,1.247,0.000,-0.000,1.000,0.000,0.000,0.000,0.000,0.0,1.000,0.000,0.0,
11.502,0,DRIFT,1.297,0.000,-0.000,1.000,0.000,0.000,0.000,0.000,0.0,1.000,0.000,0.0,
11.552,0,DRIFT,1.347,0.000,-0.000,1.000,0.000,0.000,0.000,0.000,0.0,1.000,0.000,0.0,
11.602,0,DRIFT,1.397,0.000,-0.000,1.000,0.000,0.000,0.000,0.000,0.0,1.000,0.000,0.0,
11.652,0,DRIFT,1.447,0.000,-0.000,1.000,0.000,0.000,0.000,0.000,0.0,1.000,0.000,0.0,
11.702,0,DRIFT,1.497,0.000,-0.000,1.000,0.000,0.000,0.000,0.000,0.0,1.000,0.000,0.0,
11.752,0,DRIFT,1.547,0.000,-0.000,1.000,0.000,0.000,0.000,0.000,0.0,1.000,0.000,0.0,
11.802,0,DRIFT,1.597,0.000,-0.000,1.000,0.000,0.000,0.000,0.000,0.0,1.000,0.000,0.0,
11.852,0,DRIFT,1.647,0.000,-0.000,1.000,0.000,0.000,0.000,0.000,0.0,1.000,0.000,0.0,
11.902,0,DRIFT,1.697,0.000,-0.000,1.000,0.000,0.000,0.000,0.000,0.0,1.000,0.000,0.0,
11.952,0,DRIFT,1.747,0.000,-0.000,1.000,0.000,0.000,0.000,0.000,0.0,1.000,0.000,0.0,
12.002,0,DRIFT,1.797,0.000,-0.000,1.000,0.000,0.000,0.000,0.000,0.0,1.000,0.000,0.0,
12.052,0,DRIFT,1.847,0.000,-0.000,1.000,0.000,0.000,0.000,0.000,0.0,1.000,0.000,0.0,
12.102,0,DRIFT,1.897,0.000,-0.000,1.000,0.000,0.000,0.000,0.000,0.0,1.000,0.000,0.0,
12.152,0,DRIFT,1.947,0.000,-0.000,1.000,0.000,0.000,0.000,0.000,0.0,1.000,0.000,0.0,
12.202,0,DRIFT,1.997,0.000,-0.000,1.000,0.000,0.000,0.000,0.000,0.0,1.000,0.000,0.0,
12.252,0,DRIFT,2.047,0.000,-0.000,1.000,0.000,0.000,0.000,0.000,0.0,1.000,0.000,0.0,
12.302,0,DRIFT,2.097,0.000,-0.000,1.000,0.000,0.000,0.000,0.000,0.0,1.000,0.000,0.0,
12.352,0,DRIFT,2.147,0.000,-0.000,1.000,0.000,0.000,0.000,0.000,0.0,1.000,0.000,0.0,
12.402,0,DRIFT,2.197,0.000,-0.000,1.000,0.000,0.000,0.000,0.000,0.0,1.000,0.000,0.0,
12.452,0,DRIFT,2.247,0.000,-0.000,1.000,0.000,0.000,0.000,0.000,0.0,1.000,0.000,0.0,
12.502,0,DRIFT,2.297,0.000,-0.000,1.000,0.000,0.000,0.000,0.000,0.0,1.000,0.000,0.0,
12.552,0,DRIFT,2.347,0.000,-0.000,1.000,0.000,0.000,0.000,0.000,0.0,1.000,0.000,0.0,
12.602,0,DRIFT,2.397,0.000,-0.000,1.000,0.000,0.000,0.000,0.000,0.0,1.000,0.000,0.0,
12.652,0,DRIFT,2.447,0.000,-0.000,1.000,0.000,0.000,0.000,0.000,0.0,1.000,0.000,0.0,
12.702,0,DRIFT,2.497,0.000,-0.000,1.000,0.000,0.000,0.000,0.000,0.0,1.000,0.000,0.0,
12.752,0,DRIFT,2.547,0.000,-0.000,1.000,0.000,0.000,0.000,0.000,0.0,1.000,0.000,0.0,
12.802,0,DRIFT,2.597,0.000,-0.000,1.000,0.000,0.000,0.000,0.000,0.0,1.000,0.000,0.0,
12.852,0,DRIFT,2.647,0.000,-0.000,1.000,0.000,0.000,0.000,0.000,0.0,1.000,0.000,0.0,
12.902,0,DRIFT,2.697,0.000,-0.000,1.000,0.000,0.000,0.000,0.000,0.0,1.000,0.000,0.0,
12.952,0,DRIFT,2.747,0.000,-0.000,1.000,0.000,0.000,0.000,0.000,0.0,1.000,0.000,0.0,
13.002,0,DRIFT,2.797,0.000,-0.000,1.000,0.000,0.000,0.000,0.000,0.0,1.000,0.000,0.0,
13.052,0,DRIFT,2.847,0.000,-0.000,1.000,0.000,0.000,0.000,0.000,0.0,1.000,0.000,0.0,
13.102,0,DRIFT,2.897,0.000,-0.000,1.000,0.000,0.000,0.000,0.000,0.0,1.000,0.000,0.0,
13.152,0,DRIFT,2.947,0.000,-0.000,1.000,0.000,0.000,0.000,0.000,0.0,1.000,0.000,0.0,
13.202,0,DRIFT,2.997,0.000,-0.000,1.000,0.000,0.000,0.000,0.000,0.0,1.000,0.000,0.0,
13.252,0,DRIFT,3.047,0.000,-0.000,1.000,0.000,0.000,0.000,0.000,0.0,1.000,0.000,0.0,
13.302,0,DRIFT,3.097,0.000,-0.000,1.000,0.000,0.000,0.000,0.000,0.0,1.000,0.000,0.0,
13.352,0,DRIFT,3.147,0.000,-0.000,1.000,0.000,0.000,0.000,0.000,0.0,1.000,0.000,0.0,
13.402,0,DRIFT,3.197,0.000,-0.000,1.000,0.000,0.000,0.000,0.000,0.0,1.000,0.000,0.0,
13.452,0,DRIFT,3.247,0.000,-0.000,1.000,0.000,0.000,0.000,0.000,0.0,1.000,0.000,0.0,
13.502,0,DRIFT,3.297,0.000,-0.000,1.000,0.000,0.000,0.000,0.000,0.0,1.000,0.000,0.0,
13.552,0,DRIFT,3.347,0.000,-0.000,1.000,0.000,0.000,0.000,0.000,0.0,1.000,0.000,0.0,
13.602,0,DRIFT,3.397,0.000,-0.000,1.000,0.000,0.000,0.000,0.000,0.0,1.000,0.000,0.0,
13.652,0,DRIFT,3.447,0.000,-0.000,1.000,0.000,0.000,0.000,0.000,0.0,1.000,0.000,0.0,
13.702,0,DRIFT,3.497,0.000,-0.000,1.000,0.000,0.000,0.000,0.000,0.0,1.000,0.000,0.0,
13.752,0,DRIFT,3.547,0.000,-0.000,1.000,0.000,0.000,0.000,0.000,0.0,1.000,0.000,0.0,
13.802,0,DRIFT,3.597,0.000,-0.000,1.000,0.000,0.000,0.000,0.000,0.0,1.000,0.000,0.0,
13.852,0,DRIFT,3.647,0.000,-0.000,1.000,0.000,0.000,0.000,0.000,0.0,1.000,0.000,0.0,
13.902,0,DRIFT,3.697,0.000,-0.000,1.000,0.000,0.000,0.000,0.000,0.0,1.000,0.000,0.0,
13.952,0,DRIFT,3.747,0.000,-0.000,1.000,0.000,0.000,0.000,0.000,0.0,1.000,0.000,0.0,
14.002,0,DRIFT,3.797,0.000,-0.000,1.000,0.000,0.000,0.000,0.000,0.0,1.000,0.000,0.0,
14.052,0,DRIFT,3.847,0.000,-0.000,1.000,0.000,0.000,0.000,0.000,0.0,1.000,0.000,0.0,
14.102,0,DRIFT,3.897,0.000,-0.000,1.000,0.000,0.000,0.000,0.000,0.0,1.000,0.000,0.0,
14.152,0,DRIFT,3.947,0.000,-0.000,1.000,0.000,0.000,0.000,0.000,0.0,1.000,0.000,0.0,
14.202,0,DRIFT,3.997,0.000,-0.000,1.000,0.000,0.000,0.000,0.000,0.0,1.000,0.000,0.0,
14.252,0,DRIFT,4.047,0.000,-0.000,1.000,0.000,0.000,0.000,0.000,0.0,1.000,0.000,0.0,
14.302,0,DRIFT,4.097,0.000,-0.000,1.000,0.000,0.000,0.000,0.000,0.0,1.000,0.000,0.0,
14.352,0,DRIFT,4.147,0.000,-0.000,1.000,0.000,0.000,0.000,0.000,0.0,1.000,0.000,0.0,
14.402,0,DRIFT,4.197,0.000,-0.000,1.000,0.000,0.000,0.000,0.000,0.0,1.000,0.000,0.0,
14.452,0,DRIFT,4.247,0.000,-0.000,1.000,0.000,0.000,0.000,0.000,0.0,1.000,0.000,0.0,
14.502,0,DRIFT,4.297,0.000,-0.000,1.000,0.000,0.000,0.000,0.000,0.0,1.000,0.000,0.0,
14.552,0,DRIFT,4.347,0.000,-0.000,1.000,0.000,0.000,0.000,0.000,0.0,1.000,0.000,0.0,
14.602,0,DRIFT,4.397,0.000,-0.000,1.000,0.000,0.000,0.000,0.000,0.0,1.000,0.000,0.0,
14.652,0,DRIFT,4.447,0.000,-0.000,1.000,0.000,0.000,0.000,0.000,0.0,1.000,0.000,0.0,
14.702,0,DRIFT,4.497,0.000,-0.000,1.000,0.000,0.000,0.000,0.000,0.0,1.000,0.000,0.0,
14.752,0,DRIFT,4.547,0.000,-0.000,1.000,0.000,0.000,0.000,0.000,0.0,1.000,0.000,0.0,
14.802,0,DRIFT,4.597,0.000,-0.000,1.000,0.000,0.000,0.000,0.000,0.0,1.000,0.000,0.0,
14.852,0,DRIFT,4.647,0.000,-0.000,1.000,0.000,0.000,0.000,0.000,0.0,1.000,0.000,0.0,
14.902,0,DRIFT,4.697,0.000,-0.000,1.000,0.000,0.000,0.000,0.000,0.0,1.000,0.000,0.0,
14.951,1,DRIFT,4.747,0.000,0.000,0.000,0.000,0.000,0.000,0.000,0.0,1.000,0.000,90.0,FIN_DRIFT_leg0_TIMEOUT_4.7s_4.75s
14.955,1,STOP_BEFORE_DRIVE,0.001,0.000,0.000,0.000,0.000,0.000,0.000,0.000,0.0,1.000,0.000,90.0,
15.002,1,STOP_BEFORE_DRIVE,0.047,0.000,0.000,0.000,0.000,0.000,0.000,0.000,0.0,1.000,0.000,90.0,
15.052,1,STOP_BEFORE_DRIVE,0.097,0.000,0.000,0.000,0.000,0.000,0.000,0.000,0.0,1.000,0.000,90.0,
15.102,1,STOP_BEFORE_DRIVE,0.147,0.000,0.000,0.000,0.000,0.000,0.000,0.000,0.0,1.000,0.000,90.0,
15.152,1,STOP_BEFORE_DRIVE,0.197,0.000,0.000,0.000,0.000,0.000,0.000,0.000,0.0,1.000,0.000,90.0,
15.202,1,STOP_BEFORE_DRIVE,0.247,0.000,0.000,0.000,0.000,0.000,0.000,0.000,0.0,1.000,0.000,90.0,
15.251,1,STOP_BEFORE_DRIVE,0.297,0.000,0.000,0.000,0.000,0.000,0.000,0.000,0.0,1.000,0.000,90.0,
15.302,1,STOP_BEFORE_DRIVE,0.347,0.000,0.000,0.000,0.000,0.000,0.000,0.000,0.0,1.000,0.000,90.0,
15.351,1,STOP_BEFORE_DRIVE,0.397,0.000,0.000,0.000,0.000,0.000,0.000,0.000,0.0,1.000,0.000,90.0,
15.402,1,STOP_BEFORE_DRIVE,0.447,0.000,0.000,0.000,0.000,0.000,0.000,0.000,0.0,1.000,0.000,90.0,
15.452,1,STOP_BEFORE_DRIVE,0.497,0.000,0.000,0.000,0.000,0.000,0.000,0.000,0.0,1.000,0.000,90.0,
15.502,1,STOP_BEFORE_DRIVE,0.547,0.000,0.000,0.000,0.000,0.000,0.000,0.000,0.0,1.000,0.000,90.0,
15.552,1,STOP_BEFORE_DRIVE,0.597,0.000,0.000,0.000,0.000,0.000,0.000,0.000,0.0,1.000,0.000,90.0,
15.602,1,STOP_BEFORE_DRIVE,0.647,0.000,0.000,0.000,0.000,0.000,0.000,0.000,0.0,1.000,0.000,90.0,
15.651,1,STOP_BEFORE_DRIVE,0.697,0.000,0.000,0.000,0.000,0.000,0.000,0.000,0.0,1.000,0.000,90.0,
15.702,1,STOP_BEFORE_DRIVE,0.747,0.000,0.000,0.000,0.000,0.000,0.000,0.000,0.0,1.000,0.000,90.0,
15.752,1,STOP_BEFORE_DRIVE,0.797,0.000,0.000,0.000,0.000,0.000,0.000,0.000,0.0,1.000,0.000,90.0,
15.802,1,STOP_BEFORE_DRIVE,0.847,0.000,0.000,0.000,0.000,0.000,0.000,0.000,0.0,1.000,0.000,90.0,
15.852,1,STOP_BEFORE_DRIVE,0.897,0.000,0.000,0.000,0.000,0.000,0.000,0.000,0.0,1.000,0.000,90.0,
15.902,1,STOP_BEFORE_DRIVE,0.947,0.000,0.000,0.000,0.000,0.000,0.000,0.000,0.0,1.000,0.000,90.0,
15.952,1,STOP_BEFORE_DRIVE,0.997,0.000,0.000,0.000,0.000,0.000,0.000,0.000,0.0,1.000,0.000,90.0,
16.002,1,DRIVE,0.001,0.000,0.000,0.000,0.000,0.000,0.000,0.000,0.0,1.000,0.000,90.0,
16.052,1,DRIVE,0.050,0.300,0.000,0.000,0.000,0.000,0.000,0.000,0.0,1.000,0.000,90.0,
16.102,1,DRIVE,0.100,0.300,0.000,0.000,0.000,0.000,0.000,0.000,0.0,1.000,0.000,90.0,
16.152,1,DRIVE,0.150,0.300,0.000,0.000,0.000,0.000,0.000,0.000,0.0,1.000,0.000,90.0,
16.202,1,DRIVE,0.200,0.300,0.000,0.000,0.000,0.000,0.000,0.000,0.0,1.000,0.000,90.0,
16.252,1,DRIVE,0.250,0.300,0.000,0.000,0.000,0.000,0.000,0.000,0.0,1.000,0.000,90.0,
16.302,1,DRIVE,0.300,0.300,0.000,0.000,0.000,0.000,0.000,0.000,0.0,1.000,0.000,90.0,
16.352,1,DRIVE,0.350,0.300,0.000,0.000,0.000,0.000,0.000,0.000,0.0,1.000,0.000,90.0,
16.402,1,DRIVE,0.400,0.300,0.000,0.000,0.000,0.000,0.000,0.000,0.0,1.000,0.000,90.0,
16.452,1,DRIVE,0.450,0.300,0.000,0.000,0.000,0.000,0.000,0.000,0.0,1.000,0.000,90.0,
16.502,1,DRIVE,0.500,0.300,0.000,0.000,0.000,0.000,0.000,0.000,0.0,1.000,0.000,90.0,
16.552,1,DRIVE,0.550,0.300,0.000,0.000,0.000,0.000,0.000,0.000,0.0,1.000,0.000,90.0,
16.602,1,DRIVE,0.600,0.300,0.000,0.000,0.000,0.000,0.000,0.000,0.0,1.000,0.000,90.0,
16.652,1,DRIVE,0.650,0.300,0.000,0.000,0.000,0.000,0.000,0.000,0.0,1.000,0.000,90.0,
16.702,1,DRIVE,0.700,0.300,0.000,0.000,0.000,0.000,0.000,0.000,0.0,1.000,0.000,90.0,
16.752,1,DRIVE,0.750,0.300,0.000,0.000,0.000,0.000,0.000,0.000,0.0,1.000,0.000,90.0,
16.802,1,DRIVE,0.800,0.300,0.000,0.000,0.000,0.000,0.000,0.000,0.0,1.000,0.000,90.0,
16.852,1,DRIVE,0.850,0.300,0.000,0.000,0.000,0.000,0.000,0.000,0.0,1.000,0.000,90.0,
16.902,1,DRIVE,0.900,0.300,0.000,0.000,0.000,0.000,0.000,0.000,0.0,1.000,0.000,90.0,
16.952,1,DRIVE,0.950,0.300,0.000,0.000,0.000,0.000,0.000,0.000,0.0,1.000,0.000,90.0,
17.004,1,DRIVE,1.003,0.300,0.000,0.000,0.000,0.000,0.000,0.000,0.0,1.000,0.000,90.0,
17.052,1,DRIVE,1.050,0.300,0.000,0.000,0.000,0.000,0.000,0.000,0.0,1.000,0.000,90.0,
17.102,1,DRIVE,1.100,0.300,0.000,0.000,0.000,0.000,0.000,0.000,0.0,1.000,0.000,90.0,
17.152,1,DRIVE,1.150,0.300,0.000,0.000,0.000,0.000,0.000,0.000,0.0,1.000,0.000,90.0,
17.202,1,DRIVE,1.201,0.300,0.000,0.000,0.000,0.000,0.000,0.000,0.0,1.000,0.000,90.0,
17.252,1,DRIVE,1.251,0.300,0.000,0.000,0.000,0.000,0.000,0.000,0.0,1.000,0.000,90.0,
17.302,1,DRIVE,1.301,0.300,0.000,0.000,0.000,0.000,0.000,0.000,0.0,1.000,0.000,90.0,
17.352,1,DRIVE,1.350,0.300,0.000,0.000,0.000,0.000,0.000,0.000,0.0,1.000,0.000,90.0,
17.402,1,DRIVE,1.401,0.300,0.000,0.000,0.000,0.000,0.000,0.000,0.0,1.000,0.000,90.0,
17.452,1,DRIVE,1.450,0.300,0.000,0.000,0.000,0.000,0.000,0.000,0.0,1.000,0.000,90.0,
17.502,1,DRIVE,1.501,0.300,0.000,0.000,0.000,0.000,0.000,0.000,0.0,1.000,0.000,90.0,
17.552,1,DRIVE,1.550,0.300,0.000,0.000,0.000,0.000,0.000,0.000,0.0,1.000,0.000,90.0,
17.602,1,DRIVE,1.600,0.300,0.000,0.000,0.000,0.000,0.000,0.000,0.0,1.000,0.000,90.0,
17.652,1,DRIVE,1.650,0.300,0.000,0.000,0.000,0.000,0.000,0.000,0.0,1.000,0.000,90.0,
17.702,1,DRIVE,1.700,0.300,0.000,0.000,0.000,0.000,0.000,0.000,0.0,1.000,0.000,90.0,
17.752,1,DRIVE,1.750,0.300,0.000,0.000,0.000,0.000,0.000,0.000,0.0,1.000,0.000,90.0,
17.802,1,DRIVE,1.800,0.300,0.000,0.000,0.000,0.000,0.000,0.000,0.0,1.000,0.000,90.0,
17.852,1,DRIVE,1.850,0.300,0.000,0.000,0.000,0.000,0.000,0.000,0.0,1.000,0.000,90.0,
17.902,1,DRIVE,1.900,0.300,0.000,0.000,0.000,0.000,0.000,0.000,0.0,1.000,0.000,90.0,
17.952,1,DRIVE,1.950,0.300,0.000,0.000,0.000,0.000,0.000,0.000,0.0,1.000,0.000,90.0,
18.004,1,DRIVE,2.003,0.300,0.000,0.000,0.000,0.000,0.000,0.000,0.0,1.000,0.000,90.0,
18.052,1,DRIVE,2.050,0.300,0.000,0.000,0.000,0.000,0.000,0.000,0.0,1.000,0.000,90.0,
18.102,1,DRIVE,2.101,0.300,0.000,0.000,0.000,0.000,0.000,0.000,0.0,1.000,0.000,90.0,
18.152,1,DRIVE,2.151,0.300,0.000,0.000,0.000,0.000,0.000,0.000,0.0,1.000,0.000,90.0,
18.202,1,DRIVE,2.200,0.300,0.000,0.000,0.000,0.000,0.000,0.000,0.0,1.000,0.000,90.0,
18.252,1,DRIVE,2.250,0.300,0.000,0.000,0.000,0.000,0.000,0.000,0.0,1.000,0.000,90.0,
18.302,1,DRIVE,2.300,0.300,0.000,0.000,0.000,0.000,0.000,0.000,0.0,1.000,0.000,90.0,
18.352,1,DRIVE,2.350,0.300,0.000,0.000,0.000,0.000,0.000,0.000,0.0,1.000,0.000,90.0,
18.402,1,DRIVE,2.400,0.300,0.000,0.000,0.000,0.000,0.000,0.000,0.0,1.000,0.000,90.0,
18.452,1,DRIVE,2.451,0.300,0.000,0.000,0.000,0.000,0.000,0.000,0.0,1.000,0.000,90.0,
18.502,1,DRIVE,2.500,0.300,0.000,0.000,0.000,0.000,0.000,0.000,0.0,1.000,0.000,90.0,
18.552,1,DRIVE,2.550,0.300,0.000,0.000,0.000,0.000,0.000,0.000,0.0,1.000,0.000,90.0,
18.602,1,DRIVE,2.600,0.300,0.000,0.000,0.000,0.000,0.000,0.000,0.0,1.000,0.000,90.0,
18.652,1,DRIVE,2.650,0.300,0.000,0.000,0.000,0.000,0.000,0.000,0.0,1.000,0.000,90.0,
18.702,1,DRIVE,2.700,0.300,0.000,0.000,0.000,0.000,0.000,0.000,0.0,1.000,0.000,90.0,
18.752,1,DRIVE,2.750,0.300,0.000,0.000,0.000,0.000,0.000,0.000,0.0,1.000,0.000,90.0,
18.802,1,DRIVE,2.800,0.300,0.000,0.000,0.000,0.000,0.000,0.000,0.0,1.000,0.000,90.0,
18.852,1,DRIVE,2.851,0.300,0.000,0.000,0.000,0.000,0.000,0.000,0.0,1.000,0.000,90.0,
18.902,1,DRIVE,2.900,0.300,0.000,0.000,0.000,0.000,0.000,0.000,0.0,1.000,0.000,90.0,
18.952,1,DRIVE,2.950,0.300,0.000,0.000,0.000,0.000,0.000,0.000,0.0,1.000,0.000,90.0,
19.004,1,DRIVE,3.003,0.300,0.000,0.000,0.000,0.000,0.000,0.000,0.0,1.000,0.000,90.0,
19.052,1,DRIVE,3.050,0.300,0.000,0.000,0.000,0.000,0.000,0.000,0.0,1.000,0.000,90.0,
19.102,1,DRIVE,3.100,0.300,0.000,0.000,0.000,0.000,0.000,0.000,0.0,1.000,0.000,90.0,
19.152,1,DRIVE,3.150,0.300,0.000,0.000,0.000,0.000,0.000,0.000,0.0,1.000,0.000,90.0,
19.202,1,DRIVE,3.200,0.300,0.000,0.000,0.000,0.000,0.000,0.000,0.0,1.000,0.000,90.0,
19.252,1,DRIVE,3.251,0.300,0.000,0.000,0.000,0.000,0.000,0.000,0.0,1.000,0.000,90.0,
19.302,1,DRIVE,3.301,0.300,0.000,0.000,0.000,0.000,0.000,0.000,0.0,1.000,0.000,90.0,
19.352,1,DRIVE,3.350,0.300,0.000,0.000,0.000,0.000,0.000,0.000,0.0,1.000,0.000,90.0,
19.402,1,DRIVE,3.401,0.300,0.000,0.000,0.000,0.000,0.000,0.000,0.0,1.000,0.000,90.0,
19.452,1,DRIVE,3.450,0.300,0.000,0.000,0.000,0.000,0.000,0.000,0.0,1.000,0.000,90.0,
19.502,1,DRIVE,3.501,0.300,0.000,0.000,0.000,0.000,0.000,0.000,0.0,1.000,0.000,90.0,
19.552,1,DRIVE,3.551,0.300,0.000,0.000,0.000,0.000,0.000,0.000,0.0,1.000,0.000,90.0,
19.602,1,DRIVE,3.601,0.300,0.000,0.000,0.000,0.000,0.000,0.000,0.0,1.000,0.000,90.0,
19.652,1,DRIVE,3.650,0.300,0.000,0.000,0.000,0.000,0.000,0.000,0.0,1.000,0.000,90.0,
19.702,1,DRIVE,3.700,0.300,0.000,0.000,0.000,0.000,0.000,0.000,0.0,1.000,0.000,90.0,
19.752,1,DRIVE,3.750,0.300,0.000,0.000,0.000,0.000,0.000,0.000,0.0,1.000,0.000,90.0,
19.802,1,DRIVE,3.801,0.300,0.000,0.000,0.000,0.000,0.000,0.000,0.0,1.000,0.000,90.0,
19.852,1,DRIVE,3.850,0.300,0.000,0.000,0.000,0.000,0.000,0.000,0.0,1.000,0.000,90.0,
19.902,1,DRIVE,3.900,0.300,0.000,0.000,0.000,0.000,0.000,0.000,0.0,1.000,0.000,90.0,
19.952,1,DRIVE,3.950,0.300,0.000,0.000,0.000,0.000,0.000,0.000,0.0,1.000,0.000,90.0,
20.004,1,DRIVE,4.003,0.300,0.000,0.000,0.000,0.000,0.000,0.000,0.0,1.000,0.000,90.0,
20.052,1,DRIVE,4.050,0.300,0.000,0.000,0.000,0.000,0.000,0.000,0.0,1.000,0.000,90.0,
20.102,1,DRIVE,4.100,0.300,0.000,0.000,0.000,0.000,0.000,0.000,0.0,1.000,0.000,90.0,
20.152,1,DRIVE,4.150,0.300,0.000,0.000,0.000,0.000,0.000,0.000,0.0,1.000,0.000,90.0,
20.202,1,DRIVE,4.201,0.300,0.000,0.000,0.000,0.000,0.000,0.000,0.0,1.000,0.000,90.0,
20.252,1,DRIVE,4.250,0.300,0.000,0.000,0.000,0.000,0.000,0.000,0.0,1.000,0.000,90.0,
20.302,1,DRIVE,4.300,0.300,0.000,0.000,0.000,0.000,0.000,0.000,0.0,1.000,0.000,90.0,
20.352,1,DRIVE,4.350,0.300,0.000,0.000,0.000,0.000,0.000,0.000,0.0,1.000,0.000,90.0,
20.402,1,DRIVE,4.400,0.300,0.000,0.000,0.000,0.000,0.000,0.000,0.0,1.000,0.000,90.0,
20.452,1,DRIVE,4.450,0.300,0.000,0.000,0.000,0.000,0.000,0.000,0.0,1.000,0.000,90.0,
20.502,1,DRIVE,4.500,0.300,0.000,0.000,0.000,0.000,0.000,0.000,0.0,1.000,0.000,90.0,
20.552,1,DRIVE,4.550,0.300,0.000,0.000,0.000,0.000,0.000,0.000,0.0,1.000,0.000,90.0,
20.602,1,DRIVE,4.600,0.300,0.000,0.000,0.000,0.000,0.000,0.000,0.0,1.000,0.000,90.0,
20.652,1,DRIVE,4.650,0.300,0.000,0.000,0.000,0.000,0.000,0.000,0.0,1.000,0.000,90.0,
20.702,1,DRIVE,4.701,0.300,0.000,0.000,0.000,0.000,0.000,0.000,0.0,1.000,0.000,90.0,
20.752,1,DRIVE,4.750,0.300,0.000,0.000,0.000,0.000,0.000,0.000,0.0,1.000,0.000,90.0,
20.802,1,DRIVE,4.800,0.300,0.000,0.000,0.000,0.000,0.000,0.000,0.0,1.000,0.000,90.0,
20.852,1,DRIVE,4.851,0.300,0.000,0.000,0.000,0.000,0.000,0.000,0.0,1.000,0.000,90.0,
20.902,1,DRIVE,4.900,0.300,0.000,0.000,0.000,0.000,0.000,0.000,0.0,1.000,0.000,90.0,
20.952,1,DRIVE,4.950,0.300,0.000,0.000,0.000,0.000,0.000,0.000,0.0,1.000,0.000,90.0,
21.004,1,DRIVE,5.003,0.300,0.000,0.000,0.000,0.000,0.000,0.000,0.0,1.000,0.000,90.0,
21.052,1,DRIVE,5.050,0.300,0.000,0.000,0.000,0.000,0.000,0.000,0.0,1.000,0.000,90.0,
21.102,1,DRIVE,5.100,0.300,0.000,0.000,0.000,0.000,0.000,0.000,0.0,1.000,0.000,90.0,
21.152,1,DRIVE,5.150,0.300,0.000,0.000,0.000,0.000,0.000,0.000,0.0,1.000,0.000,90.0,
21.202,1,DRIVE,5.200,0.300,0.000,0.000,0.000,0.000,0.000,0.000,0.0,1.000,0.000,90.0,
21.252,1,DRIVE,5.250,0.300,0.000,0.000,0.000,0.000,0.000,0.000,0.0,1.000,0.000,90.0,
21.302,1,DRIVE,5.300,0.300,0.000,0.000,0.000,0.000,0.000,0.000,0.0,1.000,0.000,90.0,
21.352,1,DRIVE,5.350,0.300,0.000,0.000,0.000,0.000,0.000,0.000,0.0,1.000,0.000,90.0,
21.402,1,DRIVE,5.400,0.300,0.000,0.000,0.000,0.000,0.000,0.000,0.0,1.000,0.000,90.0,
21.452,1,DRIVE,5.450,0.300,0.000,0.000,0.000,0.000,0.000,0.000,0.0,1.000,0.000,90.0,
21.502,1,DRIVE,5.500,0.300,0.000,0.000,0.000,0.000,0.000,0.000,0.0,1.000,0.000,90.0,
21.552,1,DRIVE,5.550,0.300,0.000,0.000,0.000,0.000,0.000,0.000,0.0,1.000,0.000,90.0,
21.602,1,DRIVE,5.600,0.300,0.000,0.000,0.000,0.000,0.000,0.000,0.0,1.000,0.000,90.0,
21.652,1,DRIVE,5.650,0.300,0.000,0.000,0.000,0.000,0.000,0.000,0.0,1.000,0.000,90.0,
21.702,1,DRIVE,5.700,0.300,0.000,0.000,0.000,0.000,0.000,0.000,0.0,1.000,0.000,90.0,
21.752,1,DRIVE,5.750,0.300,0.000,0.000,0.000,0.000,0.000,0.000,0.0,1.000,0.000,90.0,
21.802,1,DRIVE,5.800,0.300,0.000,0.000,0.000,0.000,0.000,0.000,0.0,1.000,0.000,90.0,
21.852,1,DRIVE,5.850,0.300,0.000,0.000,0.000,0.000,0.000,0.000,0.0,1.000,0.000,90.0,
21.902,1,DRIVE,5.900,0.300,0.000,0.000,0.000,0.000,0.000,0.000,0.0,1.000,0.000,90.0,
21.952,1,DRIVE,5.950,0.300,0.000,0.000,0.000,0.000,0.000,0.000,0.0,1.000,0.000,90.0,
22.004,1,DRIVE,6.003,0.300,0.000,0.000,0.000,0.000,0.000,0.000,0.0,1.000,0.000,90.0,
22.052,1,DRIVE,6.050,0.300,0.000,0.000,0.000,0.000,0.000,0.000,0.0,1.000,0.000,90.0,
22.102,1,DRIVE,6.100,0.300,0.000,0.000,0.000,0.000,0.000,0.000,0.0,1.000,0.000,90.0,
22.152,1,DRIVE,6.150,0.300,0.000,0.000,0.000,0.000,0.000,0.000,0.0,1.000,0.000,90.0,
22.202,1,DRIVE,6.201,0.300,0.000,0.000,0.000,0.000,0.000,0.000,0.0,1.000,0.000,90.0,
22.252,1,DRIVE,6.250,0.300,0.000,0.000,0.000,0.000,0.000,0.000,0.0,1.000,0.000,90.0,
22.302,1,DRIVE,6.300,0.300,0.000,0.000,0.000,0.000,0.000,0.000,0.0,1.000,0.000,90.0,
22.352,1,DRIVE,6.351,0.300,0.000,0.000,0.000,0.000,0.000,0.000,0.0,1.000,0.000,90.0,
22.402,1,DRIVE,6.401,0.300,0.000,0.000,0.000,0.000,0.000,0.000,0.0,1.000,0.000,90.0,
22.452,1,DRIVE,6.450,0.300,0.000,0.000,0.000,0.000,0.000,0.000,0.0,1.000,0.000,90.0,
22.502,1,DRIVE,6.500,0.300,0.000,0.000,0.000,0.000,0.000,0.000,0.0,1.000,0.000,90.0,
22.552,1,DRIVE,6.550,0.300,0.000,0.000,0.000,0.000,0.000,0.000,0.0,1.000,0.000,90.0,
22.602,1,DRIVE,6.600,0.300,0.000,0.000,0.000,0.000,0.000,0.000,0.0,1.000,0.000,90.0,
22.652,1,DRIVE,6.651,0.300,0.000,0.000,0.000,0.000,0.000,0.000,0.0,1.000,0.000,90.0,
22.702,1,DRIVE,6.700,0.300,0.000,0.000,0.000,0.000,0.000,0.000,0.0,1.000,0.000,90.0,
22.752,1,DRIVE,6.750,0.300,0.000,0.000,0.000,0.000,0.000,0.000,0.0,1.000,0.000,90.0,
22.802,1,DRIVE,6.800,0.300,0.000,0.000,0.000,0.000,0.000,0.000,0.0,1.000,0.000,90.0,
22.852,1,DRIVE,6.850,0.300,0.000,0.000,0.000,0.000,0.000,0.000,0.0,1.000,0.000,90.0,
22.902,1,DRIVE,6.900,0.300,0.000,0.000,0.000,0.000,0.000,0.000,0.0,1.000,0.000,90.0,
22.952,1,DRIVE,6.950,0.300,0.000,0.000,0.000,0.000,0.000,0.000,0.0,1.000,0.000,90.0,
23.004,1,DRIVE,7.003,0.300,0.000,0.000,0.000,0.000,0.000,0.000,0.0,1.000,0.000,90.0,
23.052,1,DRIVE,7.050,0.300,0.000,0.000,0.000,0.000,0.000,0.000,0.0,1.000,0.000,90.0,
23.102,1,DRIVE,7.100,0.300,0.000,0.000,0.000,0.000,0.000,0.000,0.0,1.000,0.000,90.0,
23.152,1,DRIVE,7.150,0.300,0.000,0.000,0.000,0.000,0.000,0.000,0.0,1.000,0.000,90.0,
23.202,1,DRIVE,7.201,0.300,0.000,0.000,0.000,0.000,0.000,0.000,0.0,1.000,0.000,90.0,
23.252,1,DRIVE,7.250,0.300,0.000,0.000,0.000,0.000,0.000,0.000,0.0,1.000,0.000,90.0,
23.302,1,DRIVE,7.301,0.300,0.000,0.000,0.000,0.000,0.000,0.000,0.0,1.000,0.000,90.0,
23.352,1,DRIVE,7.350,0.300,0.000,0.000,0.000,0.000,0.000,0.000,0.0,1.000,0.000,90.0,
23.402,1,DRIVE,7.400,0.300,0.000,0.000,0.000,0.000,0.000,0.000,0.0,1.000,0.000,90.0,
23.452,1,DRIVE,7.450,0.300,0.000,0.000,0.000,0.000,0.000,0.000,0.0,1.000,0.000,90.0,
23.502,1,DRIVE,7.500,0.300,0.000,0.000,0.000,0.000,0.000,0.000,0.0,1.000,0.000,90.0,
23.552,1,DRIVE,7.550,0.300,0.000,0.000,0.000,0.000,0.000,0.000,0.0,1.000,0.000,90.0,
23.602,1,DRIVE,7.601,0.300,0.000,0.000,0.000,0.000,0.000,0.000,0.0,1.000,0.000,90.0,
23.652,1,DRIVE,7.651,0.300,0.000,0.000,0.000,0.000,0.000,0.000,0.0,1.000,0.000,90.0,
23.702,1,DRIVE,7.701,0.300,0.000,0.000,0.000,0.000,0.000,0.000,0.0,1.000,0.000,90.0,
23.752,1,DRIVE,7.750,0.300,0.000,0.000,0.000,0.000,0.000,0.000,0.0,1.000,0.000,90.0,
23.802,1,DRIVE,7.800,0.300,0.000,0.000,0.000,0.000,0.000,0.000,0.0,1.000,0.000,90.0,
23.852,1,DRIVE,7.850,0.300,0.000,0.000,0.000,0.000,0.000,0.000,0.0,1.000,0.000,90.0,
23.902,1,DRIVE,7.900,0.300,0.000,0.000,0.000,0.000,0.000,0.000,0.0,1.000,0.000,90.0,
23.952,1,DRIVE,7.950,0.300,0.000,0.000,0.000,0.000,0.000,0.000,0.0,1.000,0.000,90.0,
24.004,1,DRIVE,8.003,0.300,0.000,0.000,0.000,0.000,0.000,0.000,0.0,1.000,0.000,90.0,
24.052,1,DRIVE,8.051,0.300,0.000,0.000,0.000,0.000,0.000,0.000,0.0,1.000,0.000,90.0,
24.102,1,DRIVE,8.100,0.300,0.000,0.000,0.000,0.000,0.000,0.000,0.0,1.000,0.000,90.0,
24.152,1,DRIVE,8.150,0.300,0.000,0.000,0.000,0.000,0.000,0.000,0.0,1.000,0.000,90.0,
24.202,1,DRIVE,8.200,0.300,0.000,0.000,0.000,0.000,0.000,0.000,0.0,1.000,0.000,90.0,
24.252,1,DRIVE,8.250,0.300,0.000,0.000,0.000,0.000,0.000,0.000,0.0,1.000,0.000,90.0,
24.302,1,DRIVE,8.300,0.300,0.000,0.000,0.000,0.000,0.000,0.000,0.0,1.000,0.000,90.0,
24.354,1,DRIVE,8.353,0.000,0.000,0.000,0.000,0.000,0.000,0.000,0.0,1.000,1.000,90.0,FIN_DRIVE_leg1_TIMEOUT_8.3s
24.355,1,STOP_BEFORE_SPIN,0.001,0.000,0.000,0.000,0.000,0.000,0.000,0.000,0.0,1.000,1.000,90.0,
24.402,1,STOP_BEFORE_SPIN,0.047,0.000,0.000,0.000,0.000,0.000,0.000,0.000,0.0,1.000,1.000,90.0,
24.452,1,STOP_BEFORE_SPIN,0.097,0.000,0.000,0.000,0.000,0.000,0.000,0.000,0.0,1.000,1.000,90.0,
24.502,1,STOP_BEFORE_SPIN,0.147,0.000,0.000,0.000,0.000,0.000,0.000,0.000,0.0,1.000,1.000,90.0,
24.552,1,STOP_BEFORE_SPIN,0.197,0.000,0.000,0.000,0.000,0.000,0.000,0.000,0.0,1.000,1.000,90.0,
24.602,1,STOP_BEFORE_SPIN,0.247,0.000,0.000,0.000,0.000,0.000,0.000,0.000,0.0,1.000,1.000,90.0,
24.652,1,STOP_BEFORE_SPIN,0.297,0.000,0.000,0.000,0.000,0.000,0.000,0.000,0.0,1.000,1.000,90.0,
24.702,1,STOP_BEFORE_SPIN,0.347,0.000,0.000,0.000,0.000,0.000,0.000,0.000,0.0,1.000,1.000,90.0,
24.752,1,STOP_BEFORE_SPIN,0.397,0.000,0.000,0.000,0.000,0.000,0.000,0.000,0.0,1.000,1.000,90.0,
24.802,1,STOP_BEFORE_SPIN,0.447,0.000,0.000,0.000,0.000,0.000,0.000,0.000,0.0,1.000,1.000,90.0,
24.852,1,STOP_BEFORE_SPIN,0.497,0.000,0.000,0.000,0.000,0.000,0.000,0.000,0.0,1.000,1.000,90.0,
24.902,1,STOP_BEFORE_SPIN,0.547,0.000,0.000,0.000,0.000,0.000,0.000,0.000,0.0,1.000,1.000,90.0,
24.952,1,STOP_BEFORE_SPIN,0.597,0.000,0.000,0.000,0.000,0.000,0.000,0.000,0.0,1.000,1.000,90.0,
25.002,1,STOP_BEFORE_SPIN,0.647,0.000,0.000,0.000,0.000,0.000,0.000,0.000,0.0,1.000,1.000,90.0,
25.052,1,STOP_BEFORE_SPIN,0.697,0.000,0.000,0.000,0.000,0.000,0.000,0.000,0.0,1.000,1.000,90.0,
25.102,1,STOP_BEFORE_SPIN,0.747,0.000,0.000,0.000,0.000,0.000,0.000,0.000,0.0,1.000,1.000,90.0,
25.152,1,STOP_BEFORE_SPIN,0.797,0.000,0.000,0.000,0.000,0.000,0.000,0.000,0.0,1.000,1.000,90.0,
25.202,1,STOP_BEFORE_SPIN,0.847,0.000,0.000,0.000,0.000,0.000,0.000,0.000,0.0,1.000,1.000,90.0,
25.252,1,STOP_BEFORE_SPIN,0.897,0.000,0.000,0.000,0.000,0.000,0.000,0.000,0.0,1.000,1.000,90.0,
25.302,1,STOP_BEFORE_SPIN,0.947,0.000,0.000,0.000,0.000,0.000,0.000,0.000,0.0,1.000,1.000,90.0,
25.352,1,STOP_BEFORE_SPIN,0.997,0.000,0.000,0.000,0.000,0.000,0.000,0.000,0.0,1.000,1.000,90.0,
25.404,1,STOP_BEFORE_SPIN,1.050,0.000,0.000,0.000,0.000,0.000,0.000,0.000,0.0,1.000,1.000,90.0,INICIO_DRIFT_leg1
25.405,1,DRIFT,0.001,0.000,0.000,0.000,0.000,0.000,0.000,0.000,0.0,1.000,1.000,90.0,
25.452,1,DRIFT,0.047,0.000,-0.000,1.000,0.000,0.000,0.000,0.000,0.0,1.000,1.000,90.0,
25.502,1,DRIFT,0.097,0.000,-0.000,1.000,0.000,0.000,0.000,0.000,0.0,1.000,1.000,90.0,
25.552,1,DRIFT,0.147,0.000,-0.000,1.000,0.000,0.000,0.000,0.000,0.0,1.000,1.000,90.0,
25.602,1,DRIFT,0.197,0.000,-0.000,1.000,0.000,0.000,0.000,0.000,0.0,1.000,1.000,90.0,
25.652,1,DRIFT,0.247,0.000,-0.000,1.000,0.000,0.000,0.000,0.000,0.0,1.000,1.000,90.0,
25.702,1,DRIFT,0.297,0.000,-0.000,1.000,0.000,0.000,0.000,0.000,0.0,1.000,1.000,90.0,
25.752,1,DRIFT,0.347,0.000,-0.000,1.000,0.000,0.000,0.000,0.000,0.0,1.000,1.000,90.0,
25.802,1,DRIFT,0.397,0.000,-0.000,1.000,0.000,0.000,0.000,0.000,0.0,1.000,1.000,90.0,
25.852,1,DRIFT,0.447,0.000,-0.000,1.000,0.000,0.000,0.000,0.000,0.0,1.000,1.000,90.0,
25.902,1,DRIFT,0.497,0.000,-0.000,1.000,0.000,0.000,0.000,0.000,0.0,1.000,1.000,90.0,
25.952,1,DRIFT,0.547,0.000,-0.000,1.000,0.000,0.000,0.000,0.000,0.0,1.000,1.000,90.0,
26.002,1,DRIFT,0.597,0.000,-0.000,1.000,0.000,0.000,0.000,0.000,0.0,1.000,1.000,90.0,
26.052,1,DRIFT,0.647,0.000,-0.000,1.000,0.000,0.000,0.000,0.000,0.0,1.000,1.000,90.0,
26.102,1,DRIFT,0.697,0.000,-0.000,1.000,0.000,0.000,0.000,0.000,0.0,1.000,1.000,90.0,
26.152,1,DRIFT,0.747,0.000,-0.000,1.000,0.000,0.000,0.000,0.000,0.0,1.000,1.000,90.0,
26.202,1,DRIFT,0.797,0.000,-0.000,1.000,0.000,0.000,0.000,0.000,0.0,1.000,1.000,90.0,
26.252,1,DRIFT,0.847,0.000,-0.000,1.000,0.000,0.000,0.000,0.000,0.0,1.000,1.000,90.0,
26.302,1,DRIFT,0.897,0.000,-0.000,1.000,0.000,0.000,0.000,0.000,0.0,1.000,1.000,90.0,
26.352,1,DRIFT,0.947,0.000,-0.000,1.000,0.000,0.000,0.000,0.000,0.0,1.000,1.000,90.0,
26.402,1,DRIFT,0.997,0.000,-0.000,1.000,0.000,0.000,0.000,0.000,0.0,1.000,1.000,90.0,
26.452,1,DRIFT,1.047,0.000,-0.000,1.000,0.000,0.000,0.000,0.000,0.0,1.000,1.000,90.0,
26.502,1,DRIFT,1.097,0.000,-0.000,1.000,0.000,0.000,0.000,0.000,0.0,1.000,1.000,90.0,
26.552,1,DRIFT,1.147,0.000,-0.000,1.000,0.000,0.000,0.000,0.000,0.0,1.000,1.000,90.0,
26.602,1,DRIFT,1.197,0.000,-0.000,1.000,0.000,0.000,0.000,0.000,0.0,1.000,1.000,90.0,
26.652,1,DRIFT,1.247,0.000,-0.000,1.000,0.000,0.000,0.000,0.000,0.0,1.000,1.000,90.0,
26.702,1,DRIFT,1.297,0.000,-0.000,1.000,0.000,0.000,0.000,0.000,0.0,1.000,1.000,90.0,
26.752,1,DRIFT,1.347,0.000,-0.000,1.000,0.000,0.000,0.000,0.000,0.0,1.000,1.000,90.0,
26.802,1,DRIFT,1.397,0.000,-0.000,1.000,0.000,0.000,0.000,0.000,0.0,1.000,1.000,90.0,
26.852,1,DRIFT,1.447,0.000,-0.000,1.000,0.000,0.000,0.000,0.000,0.0,1.000,1.000,90.0,
26.902,1,DRIFT,1.497,0.000,-0.000,1.000,0.000,0.000,0.000,0.000,0.0,1.000,1.000,90.0,
26.952,1,DRIFT,1.547,0.000,-0.000,1.000,0.000,0.000,0.000,0.000,0.0,1.000,1.000,90.0,
27.002,1,DRIFT,1.597,0.000,-0.000,1.000,0.000,0.000,0.000,0.000,0.0,1.000,1.000,90.0,
27.052,1,DRIFT,1.647,0.000,-0.000,1.000,0.000,0.000,0.000,0.000,0.0,1.000,1.000,90.0,
27.102,1,DRIFT,1.697,0.000,-0.000,1.000,0.000,0.000,0.000,0.000,0.0,1.000,1.000,90.0,
27.152,1,DRIFT,1.747,0.000,-0.000,1.000,0.000,0.000,0.000,0.000,0.0,1.000,1.000,90.0,
27.202,1,DRIFT,1.797,0.000,-0.000,1.000,0.000,0.000,0.000,0.000,0.0,1.000,1.000,90.0,
27.252,1,DRIFT,1.847,0.000,-0.000,1.000,0.000,0.000,0.000,0.000,0.0,1.000,1.000,90.0,
27.302,1,DRIFT,1.897,0.000,-0.000,1.000,0.000,0.000,0.000,0.000,0.0,1.000,1.000,90.0,
27.352,1,DRIFT,1.947,0.000,-0.000,1.000,0.000,0.000,0.000,0.000,0.0,1.000,1.000,90.0,
27.402,1,DRIFT,1.997,0.000,-0.000,1.000,0.000,0.000,0.000,0.000,0.0,1.000,1.000,90.0,
27.452,1,DRIFT,2.047,0.000,-0.000,1.000,0.000,0.000,0.000,0.000,0.0,1.000,1.000,90.0,
27.502,1,DRIFT,2.097,0.000,-0.000,1.000,0.000,0.000,0.000,0.000,0.0,1.000,1.000,90.0,
27.552,1,DRIFT,2.147,0.000,-0.000,1.000,0.000,0.000,0.000,0.000,0.0,1.000,1.000,90.0,
27.602,1,DRIFT,2.197,0.000,-0.000,1.000,0.000,0.000,0.000,0.000,0.0,1.000,1.000,90.0,
27.652,1,DRIFT,2.247,0.000,-0.000,1.000,0.000,0.000,0.000,0.000,0.0,1.000,1.000,90.0,
27.702,1,DRIFT,2.297,0.000,-0.000,1.000,0.000,0.000,0.000,0.000,0.0,1.000,1.000,90.0,
27.752,1,DRIFT,2.347,0.000,-0.000,1.000,0.000,0.000,0.000,0.000,0.0,1.000,1.000,90.0,
27.802,1,DRIFT,2.397,0.000,-0.000,1.000,0.000,0.000,0.000,0.000,0.0,1.000,1.000,90.0,
27.852,1,DRIFT,2.447,0.000,-0.000,1.000,0.000,0.000,0.000,0.000,0.0,1.000,1.000,90.0,
27.902,1,DRIFT,2.497,0.000,-0.000,1.000,0.000,0.000,0.000,0.000,0.0,1.000,1.000,90.0,
27.952,1,DRIFT,2.547,0.000,-0.000,1.000,0.000,0.000,0.000,0.000,0.0,1.000,1.000,90.0,
28.002,1,DRIFT,2.597,0.000,-0.000,1.000,0.000,0.000,0.000,0.000,0.0,1.000,1.000,90.0,
28.052,1,DRIFT,2.647,0.000,-0.000,1.000,0.000,0.000,0.000,0.000,0.0,1.000,1.000,90.0,
28.102,1,DRIFT,2.697,0.000,-0.000,1.000,0.000,0.000,0.000,0.000,0.0,1.000,1.000,90.0,
28.152,1,DRIFT,2.747,0.000,-0.000,1.000,0.000,0.000,0.000,0.000,0.0,1.000,1.000,90.0,
28.202,1,DRIFT,2.797,0.000,-0.000,1.000,0.000,0.000,0.000,0.000,0.0,1.000,1.000,90.0,
28.252,1,DRIFT,2.847,0.000,-0.000,1.000,0.000,0.000,0.000,0.000,0.0,1.000,1.000,90.0,
28.302,1,DRIFT,2.897,0.000,-0.000,1.000,0.000,0.000,0.000,0.000,0.0,1.000,1.000,90.0,
28.352,1,DRIFT,2.947,0.000,-0.000,1.000,0.000,0.000,0.000,0.000,0.0,1.000,1.000,90.0,
28.402,1,DRIFT,2.997,0.000,-0.000,1.000,0.000,0.000,0.000,0.000,0.0,1.000,1.000,90.0,
28.452,1,DRIFT,3.047,0.000,-0.000,1.000,0.000,0.000,0.000,0.000,0.0,1.000,1.000,90.0,
28.502,1,DRIFT,3.097,0.000,-0.000,1.000,0.000,0.000,0.000,0.000,0.0,1.000,1.000,90.0,
28.552,1,DRIFT,3.147,0.000,-0.000,1.000,0.000,0.000,0.000,0.000,0.0,1.000,1.000,90.0,
28.602,1,DRIFT,3.197,0.000,-0.000,1.000,0.000,0.000,0.000,0.000,0.0,1.000,1.000,90.0,
28.652,1,DRIFT,3.247,0.000,-0.000,1.000,0.000,0.000,0.000,0.000,0.0,1.000,1.000,90.0,
28.702,1,DRIFT,3.297,0.000,-0.000,1.000,0.000,0.000,0.000,0.000,0.0,1.000,1.000,90.0,
28.752,1,DRIFT,3.347,0.000,-0.000,1.000,0.000,0.000,0.000,0.000,0.0,1.000,1.000,90.0,
28.802,1,DRIFT,3.397,0.000,-0.000,1.000,0.000,0.000,0.000,0.000,0.0,1.000,1.000,90.0,
28.852,1,DRIFT,3.447,0.000,-0.000,1.000,0.000,0.000,0.000,0.000,0.0,1.000,1.000,90.0,
28.902,1,DRIFT,3.497,0.000,-0.000,1.000,0.000,0.000,0.000,0.000,0.0,1.000,1.000,90.0,
28.952,1,DRIFT,3.547,0.000,-0.000,1.000,0.000,0.000,0.000,0.000,0.0,1.000,1.000,90.0,
29.002,1,DRIFT,3.597,0.000,-0.000,1.000,0.000,0.000,0.000,0.000,0.0,1.000,1.000,90.0,
29.052,1,DRIFT,3.647,0.000,-0.000,1.000,0.000,0.000,0.000,0.000,0.0,1.000,1.000,90.0,
29.102,1,DRIFT,3.697,0.000,-0.000,1.000,0.000,0.000,0.000,0.000,0.0,1.000,1.000,90.0,
29.152,1,DRIFT,3.747,0.000,-0.000,1.000,0.000,0.000,0.000,0.000,0.0,1.000,1.000,90.0,
29.202,1,DRIFT,3.797,0.000,-0.000,1.000,0.000,0.000,0.000,0.000,0.0,1.000,1.000,90.0,
29.252,1,DRIFT,3.847,0.000,-0.000,1.000,0.000,0.000,0.000,0.000,0.0,1.000,1.000,90.0,
29.302,1,DRIFT,3.897,0.000,-0.000,1.000,0.000,0.000,0.000,0.000,0.0,1.000,1.000,90.0,
29.352,1,DRIFT,3.947,0.000,-0.000,1.000,0.000,0.000,0.000,0.000,0.0,1.000,1.000,90.0,
29.402,1,DRIFT,3.997,0.000,-0.000,1.000,0.000,0.000,0.000,0.000,0.0,1.000,1.000,90.0,
29.452,1,DRIFT,4.047,0.000,-0.000,1.000,0.000,0.000,0.000,0.000,0.0,1.000,1.000,90.0,
29.502,1,DRIFT,4.097,0.000,-0.000,1.000,0.000,0.000,0.000,0.000,0.0,1.000,1.000,90.0,
29.552,1,DRIFT,4.147,0.000,-0.000,1.000,0.000,0.000,0.000,0.000,0.0,1.000,1.000,90.0,
29.602,1,DRIFT,4.197,0.000,-0.000,1.000,0.000,0.000,0.000,0.000,0.0,1.000,1.000,90.0,
29.652,1,DRIFT,4.247,0.000,-0.000,1.000,0.000,0.000,0.000,0.000,0.0,1.000,1.000,90.0,
29.702,1,DRIFT,4.297,0.000,-0.000,1.000,0.000,0.000,0.000,0.000,0.0,1.000,1.000,90.0,
29.752,1,DRIFT,4.347,0.000,-0.000,1.000,0.000,0.000,0.000,0.000,0.0,1.000,1.000,90.0,
29.802,1,DRIFT,4.397,0.000,-0.000,1.000,0.000,0.000,0.000,0.000,0.0,1.000,1.000,90.0,
29.852,1,DRIFT,4.447,0.000,-0.000,1.000,0.000,0.000,0.000,0.000,0.0,1.000,1.000,90.0,
29.902,1,DRIFT,4.497,0.000,-0.000,1.000,0.000,0.000,0.000,0.000,0.0,1.000,1.000,90.0,
29.952,1,DRIFT,4.547,0.000,-0.000,1.000,0.000,0.000,0.000,0.000,0.0,1.000,1.000,90.0,
30.002,1,DRIFT,4.597,0.000,-0.000,1.000,0.000,0.000,0.000,0.000,0.0,1.000,1.000,90.0,
30.052,1,DRIFT,4.647,0.000,-0.000,1.000,0.000,0.000,0.000,0.000,0.0,1.000,1.000,90.0,
30.102,1,DRIFT,4.697,0.000,-0.000,1.000,0.000,0.000,0.000,0.000,0.0,1.000,1.000,90.0,
30.151,2,DRIFT,4.747,0.000,0.000,0.000,0.000,0.000,0.000,0.000,0.0,1.000,1.000,180.0,FIN_DRIFT_leg1_TIMEOUT_4.7s_4.75s
30.155,2,STOP_BEFORE_DRIVE,0.001,0.000,0.000,0.000,0.000,0.000,0.000,0.000,0.0,1.000,1.000,180.0,
30.202,2,STOP_BEFORE_DRIVE,0.047,0.000,0.000,0.000,0.000,0.000,0.000,0.000,0.0,1.000,1.000,180.0,
30.252,2,STOP_BEFORE_DRIVE,0.097,0.000,0.000,0.000,0.000,0.000,0.000,0.000,0.0,1.000,1.000,180.0,
30.302,2,STOP_BEFORE_DRIVE,0.147,0.000,0.000,0.000,0.000,0.000,0.000,0.000,0.0,1.000,1.000,180.0,
30.352,2,STOP_BEFORE_DRIVE,0.197,0.000,0.000,0.000,0.000,0.000,0.000,0.000,0.0,1.000,1.000,180.0,
30.402,2,STOP_BEFORE_DRIVE,0.247,0.000,0.000,0.000,0.000,0.000,0.000,0.000,0.0,1.000,1.000,180.0,
30.452,2,STOP_BEFORE_DRIVE,0.297,0.000,0.000,0.000,0.000,0.000,0.000,0.000,0.0,1.000,1.000,180.0,
30.502,2,STOP_BEFORE_DRIVE,0.347,0.000,0.000,0.000,0.000,0.000,0.000,0.000,0.0,1.000,1.000,180.0,
30.552,2,STOP_BEFORE_DRIVE,0.397,0.000,0.000,0.000,0.000,0.000,0.000,0.000,0.0,1.000,1.000,180.0,
30.602,2,STOP_BEFORE_DRIVE,0.447,0.000,0.000,0.000,0.000,0.000,0.000,0.000,0.0,1.000,1.000,180.0,
30.652,2,STOP_BEFORE_DRIVE,0.497,0.000,0.000,0.000,0.000,0.000,0.000,0.000,0.0,1.000,1.000,180.0,
30.702,2,STOP_BEFORE_DRIVE,0.547,0.000,0.000,0.000,0.000,0.000,0.000,0.000,0.0,1.000,1.000,180.0,
30.751,2,STOP_BEFORE_DRIVE,0.597,0.000,0.000,0.000,0.000,0.000,0.000,0.000,0.0,1.000,1.000,180.0,
30.802,2,STOP_BEFORE_DRIVE,0.647,0.000,0.000,0.000,0.000,0.000,0.000,0.000,0.0,1.000,1.000,180.0,
30.852,2,STOP_BEFORE_DRIVE,0.697,0.000,0.000,0.000,0.000,0.000,0.000,0.000,0.0,1.000,1.000,180.0,
30.902,2,STOP_BEFORE_DRIVE,0.747,0.000,0.000,0.000,0.000,0.000,0.000,0.000,0.0,1.000,1.000,180.0,
30.952,2,STOP_BEFORE_DRIVE,0.797,0.000,0.000,0.000,0.000,0.000,0.000,0.000,0.0,1.000,1.000,180.0,
31.002,2,STOP_BEFORE_DRIVE,0.847,0.000,0.000,0.000,0.000,0.000,0.000,0.000,0.0,1.000,1.000,180.0,
31.052,2,STOP_BEFORE_DRIVE,0.897,0.000,0.000,0.000,0.000,0.000,0.000,0.000,0.0,1.000,1.000,180.0,
31.102,2,STOP_BEFORE_DRIVE,0.947,0.000,0.000,0.000,0.000,0.000,0.000,0.000,0.0,1.000,1.000,180.0,
31.152,2,STOP_BEFORE_DRIVE,0.997,0.000,0.000,0.000,0.000,0.000,0.000,0.000,0.0,1.000,1.000,180.0,
31.202,2,DRIVE,0.001,0.000,0.000,0.000,0.000,0.000,0.000,0.000,0.0,1.000,1.000,180.0,
31.252,2,DRIVE,0.051,0.300,0.000,0.000,0.000,0.000,0.000,0.000,0.0,1.000,1.000,180.0,
31.302,2,DRIVE,0.101,0.300,0.000,0.000,0.000,0.000,0.000,0.000,0.0,1.000,1.000,180.0,
31.352,2,DRIVE,0.150,0.300,0.000,0.000,0.000,0.000,0.000,0.000,0.0,1.000,1.000,180.0,
31.402,2,DRIVE,0.200,0.300,0.000,0.000,0.000,0.000,0.000,0.000,0.0,1.000,1.000,180.0,
31.452,2,DRIVE,0.251,0.300,0.000,0.000,0.000,0.000,0.000,0.000,0.0,1.000,1.000,180.0,
31.502,2,DRIVE,0.300,0.300,0.000,0.000,0.000,0.000,0.000,0.000,0.0,1.000,1.000,180.0,
31.552,2,DRIVE,0.350,0.300,0.000,0.000,0.000,0.000,0.000,0.000,0.0,1.000,1.000,180.0,
31.602,2,DRIVE,0.401,0.300,0.000,0.000,0.000,0.000,0.000,0.000,0.0,1.000,1.000,180.0,
31.652,2,DRIVE,0.450,0.300,0.000,0.000,0.000,0.000,0.000,0.000,0.0,1.000,1.000,180.0,
31.702,2,DRIVE,0.501,0.300,0.000,0.000,0.000,0.000,0.000,0.000,0.0,1.000,1.000,180.0,
31.752,2,DRIVE,0.551,0.300,0.000,0.000,0.000,0.000,0.000,0.000,0.0,1.000,1.000,180.0,
31.802,2,DRIVE,0.600,0.300,0.000,0.000,0.000,0.000,0.000,0.000,0.0,1.000,1.000,180.0,
31.852,2,DRIVE,0.650,0.300,0.000,0.000,0.000,0.000,0.000,0.000,0.0,1.000,1.000,180.0,
31.902,2,DRIVE,0.701,0.300,0.000,0.000,0.000,0.000,0.000,0.000,0.0,1.000,1.000,180.0,
31.952,2,DRIVE,0.751,0.300,0.000,0.000,0.000,0.000,0.000,0.000,0.0,1.000,1.000,180.0,
32.002,2,DRIVE,0.801,0.300,0.000,0.000,0.000,0.000,0.000,0.000,0.0,1.000,1.000,180.0,
32.052,2,DRIVE,0.850,0.300,0.000,0.000,0.000,0.000,0.000,0.000,0.0,1.000,1.000,180.0,
32.102,2,DRIVE,0.900,0.300,0.000,0.000,0.000,0.000,0.000,0.000,0.0,1.000,1.000,180.0,
32.152,2,DRIVE,0.950,0.300,0.000,0.000,0.000,0.000,0.000,0.000,0.0,1.000,1.000,180.0,
32.204,2,DRIVE,1.003,0.300,0.000,0.000,0.000,0.000,0.000,0.000,0.0,1.000,1.000,180.0,
32.252,2,DRIVE,1.051,0.300,0.000,0.000,0.000,0.000,0.000,0.000,0.0,1.000,1.000,180.0,
32.302,2,DRIVE,1.101,0.300,0.000,0.000,0.000,0.000,0.000,0.000,0.0,1.000,1.000,180.0,
32.352,2,DRIVE,1.151,0.300,0.000,0.000,0.000,0.000,0.000,0.000,0.0,1.000,1.000,180.0,
32.402,2,DRIVE,1.200,0.300,0.000,0.000,0.000,0.000,0.000,0.000,0.0,1.000,1.000,180.0,
32.452,2,DRIVE,1.251,0.300,0.000,0.000,0.000,0.000,0.000,0.000,0.0,1.000,1.000,180.0,
32.502,2,DRIVE,1.301,0.300,0.000,0.000,0.000,0.000,0.000,0.000,0.0,1.000,1.000,180.0,
32.552,2,DRIVE,1.351,0.300,0.000,0.000,0.000,0.000,0.000,0.000,0.0,1.000,1.000,180.0,
32.602,2,DRIVE,1.401,0.300,0.000,0.000,0.000,0.000,0.000,0.000,0.0,1.000,1.000,180.0,
32.652,2,DRIVE,1.450,0.300,0.000,0.000,0.000,0.000,0.000,0.000,0.0,1.000,1.000,180.0,
32.702,2,DRIVE,1.501,0.300,0.000,0.000,0.000,0.000,0.000,0.000,0.0,1.000,1.000,180.0,
32.752,2,DRIVE,1.551,0.300,0.000,0.000,0.000,0.000,0.000,0.000,0.0,1.000,1.000,180.0,
32.802,2,DRIVE,1.601,0.300,0.000,0.000,0.000,0.000,0.000,0.000,0.0,1.000,1.000,180.0,
32.852,2,DRIVE,1.651,0.300,0.000,0.000,0.000,0.000,0.000,0.000,0.0,1.000,1.000,180.0,
32.902,2,DRIVE,1.701,0.300,0.000,0.000,0.000,0.000,0.000,0.000,0.0,1.000,1.000,180.0,
32.952,2,DRIVE,1.751,0.300,0.000,0.000,0.000,0.000,0.000,0.000,0.0,1.000,1.000,180.0,
33.002,2,DRIVE,1.800,0.300,0.000,0.000,0.000,0.000,0.000,0.000,0.0,1.000,1.000,180.0,
33.052,2,DRIVE,1.850,0.300,0.000,0.000,0.000,0.000,0.000,0.000,0.0,1.000,1.000,180.0,
33.102,2,DRIVE,1.900,0.300,0.000,0.000,0.000,0.000,0.000,0.000,0.0,1.000,1.000,180.0,
33.152,2,DRIVE,1.950,0.300,0.000,0.000,0.000,0.000,0.000,0.000,0.0,1.000,1.000,180.0,
33.204,2,DRIVE,2.003,0.300,0.000,0.000,0.000,0.000,0.000,0.000,0.0,1.000,1.000,180.0,
33.252,2,DRIVE,2.051,0.300,0.000,0.000,0.000,0.000,0.000,0.000,0.0,1.000,1.000,180.0,
33.302,2,DRIVE,2.100,0.300,0.000,0.000,0.000,0.000,0.000,0.000,0.0,1.000,1.000,180.0,
33.352,2,DRIVE,2.150,0.300,0.000,0.000,0.000,0.000,0.000,0.000,0.0,1.000,1.000,180.0,
33.402,2,DRIVE,2.200,0.300,0.000,0.000,0.000,0.000,0.000,0.000,0.0,1.000,1.000,180.0,
33.452,2,DRIVE,2.250,0.300,0.000,0.000,0.000,0.000,0.000,0.000,0.0,1.000,1.000,180.0,
33.502,2,DRIVE,2.301,0.300,0.000,0.000,0.000,0.000,0.000,0.000,0.0,1.000,1.000,180.0,
33.552,2,DRIVE,2.351,0.300,0.000,0.000,0.000,0.000,0.000,0.000,0.0,1.000,1.000,180.0,
33.602,2,DRIVE,2.401,0.300,0.000,0.000,0.000,0.000,0.000,0.000,0.0,1.000,1.000,180.0,
33.652,2,DRIVE,2.450,0.300,0.000,0.000,0.000,0.000,0.000,0.000,0.0,1.000,1.000,180.0,
33.702,2,DRIVE,2.500,0.300,0.000,0.000,0.000,0.000,0.000,0.000,0.0,1.000,1.000,180.0,
33.752,2,DRIVE,2.550,0.300,0.000,0.000,0.000,0.000,0.000,0.000,0.0,1.000,1.000,180.0,
33.802,2,DRIVE,2.601,0.300,0.000,0.000,0.000,0.000,0.000,0.000,0.0,1.000,1.000,180.0,
33.852,2,DRIVE,2.650,0.300,0.000,0.000,0.000,0.000,0.000,0.000,0.0,1.000,1.000,180.0,
33.902,2,DRIVE,2.701,0.300,0.000,0.000,0.000,0.000,0.000,0.000,0.0,1.000,1.000,180.0,
33.952,2,DRIVE,2.750,0.300,0.000,0.000,0.000,0.000,0.000,0.000,0.0,1.000,1.000,180.0,
34.002,2,DRIVE,2.801,0.300,0.000,0.000,0.000,0.000,0.000,0.000,0.0,1.000,1.000,180.0,
34.052,2,DRIVE,2.850,0.300,0.000,0.000,0.000,0.000,0.000,0.000,0.0,1.000,1.000,180.0,
34.102,2,DRIVE,2.901,0.300,0.000,0.000,0.000,0.000,0.000,0.000,0.0,1.000,1.000,180.0,
34.152,2,DRIVE,2.950,0.300,0.000,0.000,0.000,0.000,0.000,0.000,0.0,1.000,1.000,180.0,
34.204,2,DRIVE,3.003,0.300,0.000,0.000,0.000,0.000,0.000,0.000,0.0,1.000,1.000,180.0,
34.252,2,DRIVE,3.050,0.300,0.000,0.000,0.000,0.000,0.000,0.000,0.0,1.000,1.000,180.0,
34.302,2,DRIVE,3.100,0.300,0.000,0.000,0.000,0.000,0.000,0.000,0.0,1.000,1.000,180.0,
34.352,2,DRIVE,3.150,0.300,0.000,0.000,0.000,0.000,0.000,0.000,0.0,1.000,1.000,180.0,
34.402,2,DRIVE,3.201,0.300,0.000,0.000,0.000,0.000,0.000,0.000,0.0,1.000,1.000,180.0,
34.452,2,DRIVE,3.251,0.300,0.000,0.000,0.000,0.000,0.000,0.000,0.0,1.000,1.000,180.0,
34.502,2,DRIVE,3.300,0.300,0.000,0.000,0.000,0.000,0.000,0.000,0.0,1.000,1.000,180.0,
34.552,2,DRIVE,3.350,0.300,0.000,0.000,0.000,0.000,0.000,0.000,0.0,1.000,1.000,180.0,
34.602,2,DRIVE,3.400,0.300,0.000,0.000,0.000,0.000,0.000,0.000,0.0,1.000,1.000,180.0,
34.652,2,DRIVE,3.450,0.300,0.000,0.000,0.000,0.000,0.000,0.000,0.0,1.000,1.000,180.0,
34.702,2,DRIVE,3.500,0.300,0.000,0.000,0.000,0.000,0.000,0.000,0.0,1.000,1.000,180.0,
34.752,2,DRIVE,3.551,0.300,0.000,0.000,0.000,0.000,0.000,0.000,0.0,1.000,1.000,180.0,
34.802,2,DRIVE,3.601,0.300,0.000,0.000,0.000,0.000,0.000,0.000,0.0,1.000,1.000,180.0,
34.852,2,DRIVE,3.651,0.300,0.000,0.000,0.000,0.000,0.000,0.000,0.0,1.000,1.000,180.0,
34.902,2,DRIVE,3.700,0.300,0.000,0.000,0.000,0.000,0.000,0.000,0.0,1.000,1.000,180.0,
34.952,2,DRIVE,3.750,0.300,0.000,0.000,0.000,0.000,0.000,0.000,0.0,1.000,1.000,180.0,
35.002,2,DRIVE,3.801,0.300,0.000,0.000,0.000,0.000,0.000,0.000,0.0,1.000,1.000,180.0,
35.052,2,DRIVE,3.850,0.300,0.000,0.000,0.000,0.000,0.000,0.000,0.0,1.000,1.000,180.0,
35.102,2,DRIVE,3.900,0.300,0.000,0.000,0.000,0.000,0.000,0.000,0.0,1.000,1.000,180.0,
35.152,2,DRIVE,3.951,0.300,0.000,0.000,0.000,0.000,0.000,0.000,0.0,1.000,1.000,180.0,
35.204,2,DRIVE,4.003,0.300,0.000,0.000,0.000,0.000,0.000,0.000,0.0,1.000,1.000,180.0,
35.252,2,DRIVE,4.050,0.300,0.000,0.000,0.000,0.000,0.000,0.000,0.0,1.000,1.000,180.0,
35.302,2,DRIVE,4.100,0.300,0.000,0.000,0.000,0.000,0.000,0.000,0.0,1.000,1.000,180.0,
35.352,2,DRIVE,4.151,0.300,0.000,0.000,0.000,0.000,0.000,0.000,0.0,1.000,1.000,180.0,
35.402,2,DRIVE,4.200,0.300,0.000,0.000,0.000,0.000,0.000,0.000,0.0,1.000,1.000,180.0,
35.452,2,DRIVE,4.250,0.300,0.000,0.000,0.000,0.000,0.000,0.000,0.0,1.000,1.000,180.0,
35.502,2,DRIVE,4.300,0.300,0.000,0.000,0.000,0.000,0.000,0.000,0.0,1.000,1.000,180.0,
35.552,2,DRIVE,4.350,0.300,0.000,0.000,0.000,0.000,0.000,0.000,0.0,1.000,1.000,180.0,
35.602,2,DRIVE,4.401,0.300,0.000,0.000,0.000,0.000,0.000,0.000,0.0,1.000,1.000,180.0,
35.652,2,DRIVE,4.450,0.300,0.000,0.000,0.000,0.000,0.000,0.000,0.0,1.000,1.000,180.0,
35.702,2,DRIVE,4.501,0.300,0.000,0.000,0.000,0.000,0.000,0.000,0.0,1.000,1.000,180.0,
35.752,2,DRIVE,4.550,0.300,0.000,0.000,0.000,0.000,0.000,0.000,0.0,1.000,1.000,180.0,
35.802,2,DRIVE,4.600,0.300,0.000,0.000,0.000,0.000,0.000,0.000,0.0,1.000,1.000,180.0,
35.852,2,DRIVE,4.650,0.300,0.000,0.000,0.000,0.000,0.000,0.000,0.0,1.000,1.000,180.0,
35.902,2,DRIVE,4.701,0.300,0.000,0.000,0.000,0.000,0.000,0.000,0.0,1.000,1.000,180.0,
35.952,2,DRIVE,4.750,0.300,0.000,0.000,0.000,0.000,0.000,0.000,0.0,1.000,1.000,180.0,
36.002,2,DRIVE,4.801,0.300,0.000,0.000,0.000,0.000,0.000,0.000,0.0,1.000,1.000,180.0,
36.052,2,DRIVE,4.851,0.300,0.000,0.000,0.000,0.000,0.000,0.000,0.0,1.000,1.000,180.0,
36.102,2,DRIVE,4.901,0.300,0.000,0.000,0.000,0.000,0.000,0.000,0.0,1.000,1.000,180.0,
36.152,2,DRIVE,4.950,0.300,0.000,0.000,0.000,0.000,0.000,0.000,0.0,1.000,1.000,180.0,
36.204,2,DRIVE,5.003,0.300,0.000,0.000,0.000,0.000,0.000,0.000,0.0,1.000,1.000,180.0,
36.252,2,DRIVE,5.050,0.300,0.000,0.000,0.000,0.000,0.000,0.000,0.0,1.000,1.000,180.0,
36.302,2,DRIVE,5.101,0.300,0.000,0.000,0.000,0.000,0.000,0.000,0.0,1.000,1.000,180.0,
36.352,2,DRIVE,5.150,0.300,0.000,0.000,0.000,0.000,0.000,0.000,0.0,1.000,1.000,180.0,
36.402,2,DRIVE,5.200,0.300,0.000,0.000,0.000,0.000,0.000,0.000,0.0,1.000,1.000,180.0,
36.452,2,DRIVE,5.250,0.300,0.000,0.000,0.000,0.000,0.000,0.000,0.0,1.000,1.000,180.0,
36.502,2,DRIVE,5.301,0.300,0.000,0.000,0.000,0.000,0.000,0.000,0.0,1.000,1.000,180.0,
36.552,2,DRIVE,5.350,0.300,0.000,0.000,0.000,0.000,0.000,0.000,0.0,1.000,1.000,180.0,
36.602,2,DRIVE,5.400,0.300,0.000,0.000,0.000,0.000,0.000,0.000,0.0,1.000,1.000,180.0,
36.652,2,DRIVE,5.450,0.300,0.000,0.000,0.000,0.000,0.000,0.000,0.0,1.000,1.000,180.0,
36.702,2,DRIVE,5.500,0.300,0.000,0.000,0.000,0.000,0.000,0.000,0.0,1.000,1.000,180.0,
36.752,2,DRIVE,5.550,0.300,0.000,0.000,0.000,0.000,0.000,0.000,0.0,1.000,1.000,180.0,
36.802,2,DRIVE,5.601,0.300,0.000,0.000,0.000,0.000,0.000,0.000,0.0,1.000,1.000,180.0,
36.852,2,DRIVE,5.650,0.300,0.000,0.000,0.000,0.000,0.000,0.000,0.0,1.000,1.000,180.0,
36.902,2,DRIVE,5.701,0.300,0.000,0.000,0.000,0.000,0.000,0.000,0.0,1.000,1.000,180.0,
36.952,2,DRIVE,5.750,0.300,0.000,0.000,0.000,0.000,0.000,0.000,0.0,1.000,1.000,180.0,
37.002,2,DRIVE,5.801,0.300,0.000,0.000,0.000,0.000,0.000,0.000,0.0,1.000,1.000,180.0,
37.052,2,DRIVE,5.850,0.300,0.000,0.000,0.000,0.000,0.000,0.000,0.0,1.000,1.000,180.0,
37.102,2,DRIVE,5.901,0.300,0.000,0.000,0.000,0.000,0.000,0.000,0.0,1.000,1.000,180.0,
37.152,2,DRIVE,5.950,0.300,0.000,0.000,0.000,0.000,0.000,0.000,0.0,1.000,1.000,180.0,
37.204,2,DRIVE,6.003,0.300,0.000,0.000,0.000,0.000,0.000,0.000,0.0,1.000,1.000,180.0,
37.252,2,DRIVE,6.051,0.300,0.000,0.000,0.000,0.000,0.000,0.000,0.0,1.000,1.000,180.0,
37.302,2,DRIVE,6.100,0.300,0.000,0.000,0.000,0.000,0.000,0.000,0.0,1.000,1.000,180.0,
37.352,2,DRIVE,6.150,0.300,0.000,0.000,0.000,0.000,0.000,0.000,0.0,1.000,1.000,180.0,
37.402,2,DRIVE,6.201,0.300,0.000,0.000,0.000,0.000,0.000,0.000,0.0,1.000,1.000,180.0,
37.452,2,DRIVE,6.250,0.300,0.000,0.000,0.000,0.000,0.000,0.000,0.0,1.000,1.000,180.0,
37.502,2,DRIVE,6.300,0.300,0.000,0.000,0.000,0.000,0.000,0.000,0.0,1.000,1.000,180.0,
37.552,2,DRIVE,6.351,0.300,0.000,0.000,0.000,0.000,0.000,0.000,0.0,1.000,1.000,180.0,
37.602,2,DRIVE,6.401,0.300,0.000,0.000,0.000,0.000,0.000,0.000,0.0,1.000,1.000,180.0,
37.652,2,DRIVE,6.451,0.300,0.000,0.000,0.000,0.000,0.000,0.000,0.0,1.000,1.000,180.0,
37.702,2,DRIVE,6.501,0.300,0.000,0.000,0.000,0.000,0.000,0.000,0.0,1.000,1.000,180.0,
37.752,2,DRIVE,6.551,0.300,0.000,0.000,0.000,0.000,0.000,0.000,0.0,1.000,1.000,180.0,
37.802,2,DRIVE,6.601,0.300,0.000,0.000,0.000,0.000,0.000,0.000,0.0,1.000,1.000,180.0,
37.852,2,DRIVE,6.650,0.300,0.000,0.000,0.000,0.000,0.000,0.000,0.0,1.000,1.000,180.0,
37.902,2,DRIVE,6.701,0.300,0.000,0.000,0.000,0.000,0.000,0.000,0.0,1.000,1.000,180.0,
37.952,2,DRIVE,6.750,0.300,0.000,0.000,0.000,0.000,0.000,0.000,0.0,1.000,1.000,180.0,
38.002,2,DRIVE,6.801,0.300,0.000,0.000,0.000,0.000,0.000,0.000,0.0,1.000,1.000,180.0,
38.052,2,DRIVE,6.851,0.300,0.000,0.000,0.000,0.000,0.000,0.000,0.0,1.000,1.000,180.0,
38.102,2,DRIVE,6.900,0.300,0.000,0.000,0.000,0.000,0.000,0.000,0.0,1.000,1.000,180.0,
38.152,2,DRIVE,6.950,0.300,0.000,0.000,0.000,0.000,0.000,0.000,0.0,1.000,1.000,180.0,
38.204,2,DRIVE,7.003,0.300,0.000,0.000,0.000,0.000,0.000,0.000,0.0,1.000,1.000,180.0,
38.252,2,DRIVE,7.051,0.300,0.000,0.000,0.000,0.000,0.000,0.000,0.0,1.000,1.000,180.0,
38.302,2,DRIVE,7.100,0.300,0.000,0.000,0.000,0.000,0.000,0.000,0.0,1.000,1.000,180.0,
38.352,2,DRIVE,7.151,0.300,0.000,0.000,0.000,0.000,0.000,0.000,0.0,1.000,1.000,180.0,
38.402,2,DRIVE,7.201,0.300,0.000,0.000,0.000,0.000,0.000,0.000,0.0,1.000,1.000,180.0,
38.452,2,DRIVE,7.250,0.300,0.000,0.000,0.000,0.000,0.000,0.000,0.0,1.000,1.000,180.0,
38.502,2,DRIVE,7.301,0.300,0.000,0.000,0.000,0.000,0.000,0.000,0.0,1.000,1.000,180.0,
38.552,2,DRIVE,7.351,0.300,0.000,0.000,0.000,0.000,0.000,0.000,0.0,1.000,1.000,180.0,
38.602,2,DRIVE,7.401,0.300,0.000,0.000,0.000,0.000,0.000,0.000,0.0,1.000,1.000,180.0,
38.652,2,DRIVE,7.450,0.300,0.000,0.000,0.000,0.000,0.000,0.000,0.0,1.000,1.000,180.0,
38.702,2,DRIVE,7.501,0.300,0.000,0.000,0.000,0.000,0.000,0.000,0.0,1.000,1.000,180.0,
38.752,2,DRIVE,7.550,0.300,0.000,0.000,0.000,0.000,0.000,0.000,0.0,1.000,1.000,180.0,
38.802,2,DRIVE,7.600,0.300,0.000,0.000,0.000,0.000,0.000,0.000,0.0,1.000,1.000,180.0,
38.852,2,DRIVE,7.651,0.300,0.000,0.000,0.000,0.000,0.000,0.000,0.0,1.000,1.000,180.0,
38.902,2,DRIVE,7.701,0.300,0.000,0.000,0.000,0.000,0.000,0.000,0.0,1.000,1.000,180.0,
38.952,2,DRIVE,7.750,0.300,0.000,0.000,0.000,0.000,0.000,0.000,0.0,1.000,1.000,180.0,
39.002,2,DRIVE,7.801,0.300,0.000,0.000,0.000,0.000,0.000,0.000,0.0,1.000,1.000,180.0,
39.052,2,DRIVE,7.850,0.300,0.000,0.000,0.000,0.000,0.000,0.000,0.0,1.000,1.000,180.0,
39.102,2,DRIVE,7.901,0.300,0.000,0.000,0.000,0.000,0.000,0.000,0.0,1.000,1.000,180.0,
39.152,2,DRIVE,7.951,0.300,0.000,0.000,0.000,0.000,0.000,0.000,0.0,1.000,1.000,180.0,
39.204,2,DRIVE,8.003,0.300,0.000,0.000,0.000,0.000,0.000,0.000,0.0,1.000,1.000,180.0,
39.252,2,DRIVE,8.050,0.300,0.000,0.000,0.000,0.000,0.000,0.000,0.0,1.000,1.000,180.0,
39.302,2,DRIVE,8.101,0.300,0.000,0.000,0.000,0.000,0.000,0.000,0.0,1.000,1.000,180.0,
39.352,2,DRIVE,8.150,0.300,0.000,0.000,0.000,0.000,0.000,0.000,0.0,1.000,1.000,180.0,
39.402,2,DRIVE,8.201,0.300,0.000,0.000,0.000,0.000,0.000,0.000,0.0,1.000,1.000,180.0,
39.452,2,DRIVE,8.250,0.300,0.000,0.000,0.000,0.000,0.000,0.000,0.0,1.000,1.000,180.0,
39.502,2,DRIVE,8.301,0.300,0.000,0.000,0.000,0.000,0.000,0.000,0.0,1.000,1.000,180.0,
39.554,2,DRIVE,8.353,0.000,0.000,0.000,0.000,0.000,0.000,0.000,0.0,0.000,1.000,180.0,FIN_DRIVE_leg2_TIMEOUT_8.3s
39.555,2,STOP_BEFORE_SPIN,0.001,0.000,0.000,0.000,0.000,0.000,0.000,0.000,0.0,0.000,1.000,180.0,
39.602,2,STOP_BEFORE_SPIN,0.047,0.000,0.000,0.000,0.000,0.000,0.000,0.000,0.0,0.000,1.000,180.0,
39.652,2,STOP_BEFORE_SPIN,0.097,0.000,0.000,0.000,0.000,0.000,0.000,0.000,0.0,0.000,1.000,180.0,
39.702,2,STOP_BEFORE_SPIN,0.147,0.000,0.000,0.000,0.000,0.000,0.000,0.000,0.0,0.000,1.000,180.0,
39.752,2,STOP_BEFORE_SPIN,0.197,0.000,0.000,0.000,0.000,0.000,0.000,0.000,0.0,0.000,1.000,180.0,
39.802,2,STOP_BEFORE_SPIN,0.247,0.000,0.000,0.000,0.000,0.000,0.000,0.000,0.0,0.000,1.000,180.0,
39.852,2,STOP_BEFORE_SPIN,0.297,0.000,0.000,0.000,0.000,0.000,0.000,0.000,0.0,0.000,1.000,180.0,
39.902,2,STOP_BEFORE_SPIN,0.347,0.000,0.000,0.000,0.000,0.000,0.000,0.000,0.0,0.000,1.000,180.0,
39.951,2,STOP_BEFORE_SPIN,0.397,0.000,0.000,0.000,0.000,0.000,0.000,0.000,0.0,0.000,1.000,180.0,
40.002,2,STOP_BEFORE_SPIN,0.447,0.000,0.000,0.000,0.000,0.000,0.000,0.000,0.0,0.000,1.000,180.0,
40.052,2,STOP_BEFORE_SPIN,0.497,0.000,0.000,0.000,0.000,0.000,0.000,0.000,0.0,0.000,1.000,180.0,
40.102,2,STOP_BEFORE_SPIN,0.547,0.000,0.000,0.000,0.000,0.000,0.000,0.000,0.0,0.000,1.000,180.0,
40.152,2,STOP_BEFORE_SPIN,0.597,0.000,0.000,0.000,0.000,0.000,0.000,0.000,0.0,0.000,1.000,180.0,
40.202,2,STOP_BEFORE_SPIN,0.647,0.000,0.000,0.000,0.000,0.000,0.000,0.000,0.0,0.000,1.000,180.0,
40.252,2,STOP_BEFORE_SPIN,0.697,0.000,0.000,0.000,0.000,0.000,0.000,0.000,0.0,0.000,1.000,180.0,
40.302,2,STOP_BEFORE_SPIN,0.747,0.000,0.000,0.000,0.000,0.000,0.000,0.000,0.0,0.000,1.000,180.0,
40.352,2,STOP_BEFORE_SPIN,0.797,0.000,0.000,0.000,0.000,0.000,0.000,0.000,0.0,0.000,1.000,180.0,
40.402,2,STOP_BEFORE_SPIN,0.847,0.000,0.000,0.000,0.000,0.000,0.000,0.000,0.0,0.000,1.000,180.0,
40.452,2,STOP_BEFORE_SPIN,0.897,0.000,0.000,0.000,0.000,0.000,0.000,0.000,0.0,0.000,1.000,180.0,
40.502,2,STOP_BEFORE_SPIN,0.947,0.000,0.000,0.000,0.000,0.000,0.000,0.000,0.0,0.000,1.000,180.0,
40.552,2,STOP_BEFORE_SPIN,0.997,0.000,0.000,0.000,0.000,0.000,0.000,0.000,0.0,0.000,1.000,180.0,
40.604,2,STOP_BEFORE_SPIN,1.050,0.000,0.000,0.000,0.000,0.000,0.000,0.000,0.0,0.000,1.000,180.0,INICIO_DRIFT_leg2
40.605,2,DRIFT,0.001,0.000,0.000,0.000,0.000,0.000,0.000,0.000,0.0,0.000,1.000,180.0,
40.652,2,DRIFT,0.047,0.000,-0.000,1.000,0.000,0.000,0.000,0.000,0.0,0.000,1.000,180.0,
40.702,2,DRIFT,0.097,0.000,-0.000,1.000,0.000,0.000,0.000,0.000,0.0,0.000,1.000,180.0,
40.752,2,DRIFT,0.147,0.000,-0.000,1.000,0.000,0.000,0.000,0.000,0.0,0.000,1.000,180.0,
40.802,2,DRIFT,0.197,0.000,-0.000,1.000,0.000,0.000,0.000,0.000,0.0,0.000,1.000,180.0,
40.852,2,DRIFT,0.247,0.000,-0.000,1.000,0.000,0.000,0.000,0.000,0.0,0.000,1.000,180.0,
40.902,2,DRIFT,0.297,0.000,-0.000,1.000,0.000,0.000,0.000,0.000,0.0,0.000,1.000,180.0,
40.952,2,DRIFT,0.347,0.000,-0.000,1.000,0.000,0.000,0.000,0.000,0.0,0.000,1.000,180.0,
41.002,2,DRIFT,0.397,0.000,-0.000,1.000,0.000,0.000,0.000,0.000,0.0,0.000,1.000,180.0,
41.052,2,DRIFT,0.447,0.000,-0.000,1.000,0.000,0.000,0.000,0.000,0.0,0.000,1.000,180.0,
41.102,2,DRIFT,0.497,0.000,-0.000,1.000,0.000,0.000,0.000,0.000,0.0,0.000,1.000,180.0,
41.152,2,DRIFT,0.547,0.000,-0.000,1.000,0.000,0.000,0.000,0.000,0.0,0.000,1.000,180.0,
41.202,2,DRIFT,0.597,0.000,-0.000,1.000,0.000,0.000,0.000,0.000,0.0,0.000,1.000,180.0,
41.252,2,DRIFT,0.647,0.000,-0.000,1.000,0.000,0.000,0.000,0.000,0.0,0.000,1.000,180.0,
41.302,2,DRIFT,0.697,0.000,-0.000,1.000,0.000,0.000,0.000,0.000,0.0,0.000,1.000,180.0,
41.352,2,DRIFT,0.747,0.000,-0.000,1.000,0.000,0.000,0.000,0.000,0.0,0.000,1.000,180.0,
41.402,2,DRIFT,0.797,0.000,-0.000,1.000,0.000,0.000,0.000,0.000,0.0,0.000,1.000,180.0,
41.452,2,DRIFT,0.847,0.000,-0.000,1.000,0.000,0.000,0.000,0.000,0.0,0.000,1.000,180.0,
41.502,2,DRIFT,0.897,0.000,-0.000,1.000,0.000,0.000,0.000,0.000,0.0,0.000,1.000,180.0,
41.552,2,DRIFT,0.947,0.000,-0.000,1.000,0.000,0.000,0.000,0.000,0.0,0.000,1.000,180.0,
41.602,2,DRIFT,0.997,0.000,-0.000,1.000,0.000,0.000,0.000,0.000,0.0,0.000,1.000,180.0,
41.652,2,DRIFT,1.047,0.000,-0.000,1.000,0.000,0.000,0.000,0.000,0.0,0.000,1.000,180.0,
41.702,2,DRIFT,1.097,0.000,-0.000,1.000,0.000,0.000,0.000,0.000,0.0,0.000,1.000,180.0,
41.752,2,DRIFT,1.147,0.000,-0.000,1.000,0.000,0.000,0.000,0.000,0.0,0.000,1.000,180.0,
41.802,2,DRIFT,1.197,0.000,-0.000,1.000,0.000,0.000,0.000,0.000,0.0,0.000,1.000,180.0,
41.852,2,DRIFT,1.247,0.000,-0.000,1.000,0.000,0.000,0.000,0.000,0.0,0.000,1.000,180.0,
41.902,2,DRIFT,1.297,0.000,-0.000,1.000,0.000,0.000,0.000,0.000,0.0,0.000,1.000,180.0,
41.952,2,DRIFT,1.347,0.000,-0.000,1.000,0.000,0.000,0.000,0.000,0.0,0.000,1.000,180.0,
42.002,2,DRIFT,1.397,0.000,-0.000,1.000,0.000,0.000,0.000,0.000,0.0,0.000,1.000,180.0,
42.052,2,DRIFT,1.447,0.000,-0.000,1.000,0.000,0.000,0.000,0.000,0.0,0.000,1.000,180.0,
42.102,2,DRIFT,1.497,0.000,-0.000,1.000,0.000,0.000,0.000,0.000,0.0,0.000,1.000,180.0,
42.152,2,DRIFT,1.547,0.000,-0.000,1.000,0.000,0.000,0.000,0.000,0.0,0.000,1.000,180.0,
42.202,2,DRIFT,1.597,0.000,-0.000,1.000,0.000,0.000,0.000,0.000,0.0,0.000,1.000,180.0,
42.252,2,DRIFT,1.647,0.000,-0.000,1.000,0.000,0.000,0.000,0.000,0.0,0.000,1.000,180.0,
42.302,2,DRIFT,1.697,0.000,-0.000,1.000,0.000,0.000,0.000,0.000,0.0,0.000,1.000,180.0,
42.352,2,DRIFT,1.747,0.000,-0.000,1.000,0.000,0.000,0.000,0.000,0.0,0.000,1.000,180.0,
42.402,2,DRIFT,1.797,0.000,-0.000,1.000,0.000,0.000,0.000,0.000,0.0,0.000,1.000,180.0,
42.452,2,DRIFT,1.847,0.000,-0.000,1.000,0.000,0.000,0.000,0.000,0.0,0.000,1.000,180.0,
42.502,2,DRIFT,1.897,0.000,-0.000,1.000,0.000,0.000,0.000,0.000,0.0,0.000,1.000,180.0,
42.552,2,DRIFT,1.947,0.000,-0.000,1.000,0.000,0.000,0.000,0.000,0.0,0.000,1.000,180.0,
42.602,2,DRIFT,1.997,0.000,-0.000,1.000,0.000,0.000,0.000,0.000,0.0,0.000,1.000,180.0,
42.652,2,DRIFT,2.047,0.000,-0.000,1.000,0.000,0.000,0.000,0.000,0.0,0.000,1.000,180.0,
42.702,2,DRIFT,2.097,0.000,-0.000,1.000,0.000,0.000,0.000,0.000,0.0,0.000,1.000,180.0,
42.752,2,DRIFT,2.148,0.000,-0.000,1.000,0.000,0.000,0.000,0.000,0.0,0.000,1.000,180.0,
42.802,2,DRIFT,2.197,0.000,-0.000,1.000,0.000,0.000,0.000,0.000,0.0,0.000,1.000,180.0,
42.852,2,DRIFT,2.248,0.000,-0.000,1.000,0.000,0.000,0.000,0.000,0.0,0.000,1.000,180.0,
42.902,2,DRIFT,2.297,0.000,-0.000,1.000,0.000,0.000,0.000,0.000,0.0,0.000,1.000,180.0,
42.952,2,DRIFT,2.347,0.000,-0.000,1.000,0.000,0.000,0.000,0.000,0.0,0.000,1.000,180.0,
43.002,2,DRIFT,2.397,0.000,-0.000,1.000,0.000,0.000,0.000,0.000,0.0,0.000,1.000,180.0,
43.052,2,DRIFT,2.447,0.000,-0.000,1.000,0.000,0.000,0.000,0.000,0.0,0.000,1.000,180.0,
43.102,2,DRIFT,2.497,0.000,-0.000,1.000,0.000,0.000,0.000,0.000,0.0,0.000,1.000,180.0,
43.152,2,DRIFT,2.547,0.000,-0.000,1.000,0.000,0.000,0.000,0.000,0.0,0.000,1.000,180.0,
43.202,2,DRIFT,2.597,0.000,-0.000,1.000,0.000,0.000,0.000,0.000,0.0,0.000,1.000,180.0,
43.252,2,DRIFT,2.647,0.000,-0.000,1.000,0.000,0.000,0.000,0.000,0.0,0.000,1.000,180.0,
43.302,2,DRIFT,2.697,0.000,-0.000,1.000,0.000,0.000,0.000,0.000,0.0,0.000,1.000,180.0,
43.352,2,DRIFT,2.747,0.000,-0.000,1.000,0.000,0.000,0.000,0.000,0.0,0.000,1.000,180.0,
43.402,2,DRIFT,2.797,0.000,-0.000,1.000,0.000,0.000,0.000,0.000,0.0,0.000,1.000,180.0,
43.452,2,DRIFT,2.847,0.000,-0.000,1.000,0.000,0.000,0.000,0.000,0.0,0.000,1.000,180.0,
43.502,2,DRIFT,2.897,0.000,-0.000,1.000,0.000,0.000,0.000,0.000,0.0,0.000,1.000,180.0,
43.552,2,DRIFT,2.947,0.000,-0.000,1.000,0.000,0.000,0.000,0.000,0.0,0.000,1.000,180.0,
43.602,2,DRIFT,2.997,0.000,-0.000,1.000,0.000,0.000,0.000,0.000,0.0,0.000,1.000,180.0,
43.652,2,DRIFT,3.047,0.000,-0.000,1.000,0.000,0.000,0.000,0.000,0.0,0.000,1.000,180.0,
43.702,2,DRIFT,3.097,0.000,-0.000,1.000,0.000,0.000,0.000,0.000,0.0,0.000,1.000,180.0,
43.752,2,DRIFT,3.147,0.000,-0.000,1.000,0.000,0.000,0.000,0.000,0.0,0.000,1.000,180.0,
43.802,2,DRIFT,3.197,0.000,-0.000,1.000,0.000,0.000,0.000,0.000,0.0,0.000,1.000,180.0,
43.852,2,DRIFT,3.247,0.000,-0.000,1.000,0.000,0.000,0.000,0.000,0.0,0.000,1.000,180.0,
43.902,2,DRIFT,3.297,0.000,-0.000,1.000,0.000,0.000,0.000,0.000,0.0,0.000,1.000,180.0,
43.952,2,DRIFT,3.347,0.000,-0.000,1.000,0.000,0.000,0.000,0.000,0.0,0.000,1.000,180.0,
44.002,2,DRIFT,3.397,0.000,-0.000,1.000,0.000,0.000,0.000,0.000,0.0,0.000,1.000,180.0,
44.052,2,DRIFT,3.447,0.000,-0.000,1.000,0.000,0.000,0.000,0.000,0.0,0.000,1.000,180.0,
44.102,2,DRIFT,3.497,0.000,-0.000,1.000,0.000,0.000,0.000,0.000,0.0,0.000,1.000,180.0,
44.152,2,DRIFT,3.547,0.000,-0.000,1.000,0.000,0.000,0.000,0.000,0.0,0.000,1.000,180.0,
44.202,2,DRIFT,3.597,0.000,-0.000,1.000,0.000,0.000,0.000,0.000,0.0,0.000,1.000,180.0,
44.252,2,DRIFT,3.647,0.000,-0.000,1.000,0.000,0.000,0.000,0.000,0.0,0.000,1.000,180.0,
44.302,2,DRIFT,3.697,0.000,-0.000,1.000,0.000,0.000,0.000,0.000,0.0,0.000,1.000,180.0,
44.352,2,DRIFT,3.747,0.000,-0.000,1.000,0.000,0.000,0.000,0.000,0.0,0.000,1.000,180.0,
44.402,2,DRIFT,3.797,0.000,-0.000,1.000,0.000,0.000,0.000,0.000,0.0,0.000,1.000,180.0,
44.452,2,DRIFT,3.847,0.000,-0.000,1.000,0.000,0.000,0.000,0.000,0.0,0.000,1.000,180.0,
44.502,2,DRIFT,3.897,0.000,-0.000,1.000,0.000,0.000,0.000,0.000,0.0,0.000,1.000,180.0,
44.552,2,DRIFT,3.947,0.000,-0.000,1.000,0.000,0.000,0.000,0.000,0.0,0.000,1.000,180.0,
44.602,2,DRIFT,3.997,0.000,-0.000,1.000,0.000,0.000,0.000,0.000,0.0,0.000,1.000,180.0,
44.652,2,DRIFT,4.047,0.000,-0.000,1.000,0.000,0.000,0.000,0.000,0.0,0.000,1.000,180.0,
44.702,2,DRIFT,4.097,0.000,-0.000,1.000,0.000,0.000,0.000,0.000,0.0,0.000,1.000,180.0,
44.752,2,DRIFT,4.147,0.000,-0.000,1.000,0.000,0.000,0.000,0.000,0.0,0.000,1.000,180.0,
44.802,2,DRIFT,4.198,0.000,-0.000,1.000,0.000,0.000,0.000,0.000,0.0,0.000,1.000,180.0,
44.852,2,DRIFT,4.247,0.000,-0.000,1.000,0.000,0.000,0.000,0.000,0.0,0.000,1.000,180.0,
44.902,2,DRIFT,4.297,0.000,-0.000,1.000,0.000,0.000,0.000,0.000,0.0,0.000,1.000,180.0,
44.952,2,DRIFT,4.347,0.000,-0.000,1.000,0.000,0.000,0.000,0.000,0.0,0.000,1.000,180.0,
45.002,2,DRIFT,4.397,0.000,-0.000,1.000,0.000,0.000,0.000,0.000,0.0,0.000,1.000,180.0,
45.052,2,DRIFT,4.447,0.000,-0.000,1.000,0.000,0.000,0.000,0.000,0.0,0.000,1.000,180.0,
45.102,2,DRIFT,4.497,0.000,-0.000,1.000,0.000,0.000,0.000,0.000,0.0,0.000,1.000,180.0,
45.152,2,DRIFT,4.547,0.000,-0.000,1.000,0.000,0.000,0.000,0.000,0.0,0.000,1.000,180.0,
45.202,2,DRIFT,4.597,0.000,-0.000,1.000,0.000,0.000,0.000,0.000,0.0,0.000,1.000,180.0,
45.252,2,DRIFT,4.647,0.000,-0.000,1.000,0.000,0.000,0.000,0.000,0.0,0.000,1.000,180.0,
45.302,2,DRIFT,4.697,0.000,-0.000,1.000,0.000,0.000,0.000,0.000,0.0,0.000,1.000,180.0,
45.351,3,DRIFT,4.747,0.000,0.000,0.000,0.000,0.000,0.000,0.000,0.0,0.000,1.000,-90.0,FIN_DRIFT_leg2_TIMEOUT_4.7s_4.75s
45.355,3,STOP_BEFORE_DRIVE,0.001,0.000,0.000,0.000,0.000,0.000,0.000,0.000,0.0,0.000,1.000,-90.0,
45.402,3,STOP_BEFORE_DRIVE,0.047,0.000,0.000,0.000,0.000,0.000,0.000,0.000,0.0,0.000,1.000,-90.0,
45.452,3,STOP_BEFORE_DRIVE,0.097,0.000,0.000,0.000,0.000,0.000,0.000,0.000,0.0,0.000,1.000,-90.0,
45.502,3,STOP_BEFORE_DRIVE,0.147,0.000,0.000,0.000,0.000,0.000,0.000,0.000,0.0,0.000,1.000,-90.0,
45.552,3,STOP_BEFORE_DRIVE,0.197,0.000,0.000,0.000,0.000,0.000,0.000,0.000,0.0,0.000,1.000,-90.0,
45.602,3,STOP_BEFORE_DRIVE,0.247,0.000,0.000,0.000,0.000,0.000,0.000,0.000,0.0,0.000,1.000,-90.0,
45.652,3,STOP_BEFORE_DRIVE,0.297,0.000,0.000,0.000,0.000,0.000,0.000,0.000,0.0,0.000,1.000,-90.0,
45.702,3,STOP_BEFORE_DRIVE,0.347,0.000,0.000,0.000,0.000,0.000,0.000,0.000,0.0,0.000,1.000,-90.0,
45.752,3,STOP_BEFORE_DRIVE,0.397,0.000,0.000,0.000,0.000,0.000,0.000,0.000,0.0,0.000,1.000,-90.0,
45.802,3,STOP_BEFORE_DRIVE,0.447,0.000,0.000,0.000,0.000,0.000,0.000,0.000,0.0,0.000,1.000,-90.0,
45.852,3,STOP_BEFORE_DRIVE,0.497,0.000,0.000,0.000,0.000,0.000,0.000,0.000,0.0,0.000,1.000,-90.0,
45.902,3,STOP_BEFORE_DRIVE,0.547,0.000,0.000,0.000,0.000,0.000,0.000,0.000,0.0,0.000,1.000,-90.0,
45.952,3,STOP_BEFORE_DRIVE,0.597,0.000,0.000,0.000,0.000,0.000,0.000,0.000,0.0,0.000,1.000,-90.0,
46.002,3,STOP_BEFORE_DRIVE,0.647,0.000,0.000,0.000,0.000,0.000,0.000,0.000,0.0,0.000,1.000,-90.0,
46.052,3,STOP_BEFORE_DRIVE,0.697,0.000,0.000,0.000,0.000,0.000,0.000,0.000,0.0,0.000,1.000,-90.0,
46.102,3,STOP_BEFORE_DRIVE,0.747,0.000,0.000,0.000,0.000,0.000,0.000,0.000,0.0,0.000,1.000,-90.0,
46.152,3,STOP_BEFORE_DRIVE,0.797,0.000,0.000,0.000,0.000,0.000,0.000,0.000,0.0,0.000,1.000,-90.0,
46.202,3,STOP_BEFORE_DRIVE,0.847,0.000,0.000,0.000,0.000,0.000,0.000,0.000,0.0,0.000,1.000,-90.0,
46.252,3,STOP_BEFORE_DRIVE,0.897,0.000,0.000,0.000,0.000,0.000,0.000,0.000,0.0,0.000,1.000,-90.0,
46.302,3,STOP_BEFORE_DRIVE,0.947,0.000,0.000,0.000,0.000,0.000,0.000,0.000,0.0,0.000,1.000,-90.0,
46.352,3,STOP_BEFORE_DRIVE,0.997,0.000,0.000,0.000,0.000,0.000,0.000,0.000,0.0,0.000,1.000,-90.0,
46.402,3,DRIVE,0.001,0.000,0.000,0.000,0.000,0.000,0.000,0.000,0.0,0.000,1.000,-90.0,
46.452,3,DRIVE,0.050,0.300,0.000,0.000,0.000,0.000,0.000,0.000,0.0,0.000,1.000,-90.0,
46.502,3,DRIVE,0.100,0.300,0.000,0.000,0.000,0.000,0.000,0.000,0.0,0.000,1.000,-90.0,
46.552,3,DRIVE,0.150,0.300,0.000,0.000,0.000,0.000,0.000,0.000,0.0,0.000,1.000,-90.0,
46.602,3,DRIVE,0.200,0.300,0.000,0.000,0.000,0.000,0.000,0.000,0.0,0.000,1.000,-90.0,
46.652,3,DRIVE,0.250,0.300,0.000,0.000,0.000,0.000,0.000,0.000,0.0,0.000,1.000,-90.0,
46.702,3,DRIVE,0.300,0.300,0.000,0.000,0.000,0.000,0.000,0.000,0.0,0.000,1.000,-90.0,
46.752,3,DRIVE,0.350,0.300,0.000,0.000,0.000,0.000,0.000,0.000,0.0,0.000,1.000,-90.0,
46.802,3,DRIVE,0.400,0.300,0.000,0.000,0.000,0.000,0.000,0.000,0.0,0.000,1.000,-90.0,
46.852,3,DRIVE,0.450,0.300,0.000,0.000,0.000,0.000,0.000,0.000,0.0,0.000,1.000,-90.0,
46.902,3,DRIVE,0.500,0.300,0.000,0.000,0.000,0.000,0.000,0.000,0.0,0.000,1.000,-90.0,
46.952,3,DRIVE,0.550,0.300,0.000,0.000,0.000,0.000,0.000,0.000,0.0,0.000,1.000,-90.0,
47.002,3,DRIVE,0.600,0.300,0.000,0.000,0.000,0.000,0.000,0.000,0.0,0.000,1.000,-90.0,
47.052,3,DRIVE,0.650,0.300,0.000,0.000,0.000,0.000,0.000,0.000,0.0,0.000,1.000,-90.0,
47.102,3,DRIVE,0.700,0.300,0.000,0.000,0.000,0.000,0.000,0.000,0.0,0.000,1.000,-90.0,
47.152,3,DRIVE,0.750,0.300,0.000,0.000,0.000,0.000,0.000,0.000,0.0,0.000,1.000,-90.0,
47.202,3,DRIVE,0.801,0.300,0.000,0.000,0.000,0.000,0.000,0.000,0.0,0.000,1.000,-90.0,
47.252,3,DRIVE,0.851,0.300,0.000,0.000,0.000,0.000,0.000,0.000,0.0,0.000,1.000,-90.0,
47.302,3,DRIVE,0.900,0.300,0.000,0.000,0.000,0.000,0.000,0.000,0.0,0.000,1.000,-90.0,
47.352,3,DRIVE,0.950,0.300,0.000,0.000,0.000,0.000,0.000,0.000,0.0,0.000,1.000,-90.0,
47.404,3,DRIVE,1.003,0.300,0.000,0.000,0.000,0.000,0.000,0.000,0.0,0.000,1.000,-90.0,
47.452,3,DRIVE,1.050,0.300,0.000,0.000,0.000,0.000,0.000,0.000,0.0,0.000,1.000,-90.0,
47.502,3,DRIVE,1.101,0.300,0.000,0.000,0.000,0.000,0.000,0.000,0.0,0.000,1.000,-90.0,
47.552,3,DRIVE,1.150,0.300,0.000,0.000,0.000,0.000,0.000,0.000,0.0,0.000,1.000,-90.0,
47.602,3,DRIVE,1.200,0.300,0.000,0.000,0.000,0.000,0.000,0.000,0.0,0.000,1.000,-90.0,
47.652,3,DRIVE,1.250,0.300,0.000,0.000,0.000,0.000,0.000,0.000,0.0,0.000,1.000,-90.0,
47.702,3,DRIVE,1.300,0.300,0.000,0.000,0.000,0.000,0.000,0.000,0.0,0.000,1.000,-90.0,
47.752,3,DRIVE,1.350,0.300,0.000,0.000,0.000,0.000,0.000,0.000,0.0,0.000,1.000,-90.0,
47.802,3,DRIVE,1.401,0.300,0.000,0.000,0.000,0.000,0.000,0.000,0.0,0.000,1.000,-90.0,
47.852,3,DRIVE,1.451,0.300,0.000,0.000,0.000,0.000,0.000,0.000,0.0,0.000,1.000,-90.0,
47.902,3,DRIVE,1.500,0.300,0.000,0.000,0.000,0.000,0.000,0.000,0.0,0.000,1.000,-90.0,
47.952,3,DRIVE,1.551,0.300,0.000,0.000,0.000,0.000,0.000,0.000,0.0,0.000,1.000,-90.0,
48.002,3,DRIVE,1.600,0.300,0.000,0.000,0.000,0.000,0.000,0.000,0.0,0.000,1.000,-90.0,
48.052,3,DRIVE,1.650,0.300,0.000,0.000,0.000,0.000,0.000,0.000,0.0,0.000,1.000,-90.0,
48.102,3,DRIVE,1.700,0.300,0.000,0.000,0.000,0.000,0.000,0.000,0.0,0.000,1.000,-90.0,
48.152,3,DRIVE,1.750,0.300,0.000,0.000,0.000,0.000,0.000,0.000,0.0,0.000,1.000,-90.0,
48.202,3,DRIVE,1.801,0.300,0.000,0.000,0.000,0.000,0.000,0.000,0.0,0.000,1.000,-90.0,
48.252,3,DRIVE,1.851,0.300,0.000,0.000,0.000,0.000,0.000,0.000,0.0,0.000,1.000,-90.0,
48.302,3,DRIVE,1.901,0.300,0.000,0.000,0.000,0.000,0.000,0.000,0.0,0.000,1.000,-90.0,
48.352,3,DRIVE,1.950,0.300,0.000,0.000,0.000,0.000,0.000,0.000,0.0,0.000,1.000,-90.0,
48.404,3,DRIVE,2.003,0.300,0.000,0.000,0.000,0.000,0.000,0.000,0.0,0.000,1.000,-90.0,
48.452,3,DRIVE,2.050,0.300,0.000,0.000,0.000,0.000,0.000,0.000,0.0,0.000,1.000,-90.0,
48.502,3,DRIVE,2.100,0.300,0.000,0.000,0.000,0.000,0.000,0.000,0.0,0.000,1.000,-90.0,
48.552,3,DRIVE,2.151,0.300,0.000,0.000,0.000,0.000,0.000,0.000,0.0,0.000,1.000,-90.0,
48.602,3,DRIVE,2.200,0.300,0.000,0.000,0.000,0.000,0.000,0.000,0.0,0.000,1.000,-90.0,
48.652,3,DRIVE,2.250,0.300,0.000,0.000,0.000,0.000,0.000,0.000,0.0,0.000,1.000,-90.0,
48.702,3,DRIVE,2.300,0.300,0.000,0.000,0.000,0.000,0.000,0.000,0.0,0.000,1.000,-90.0,
48.752,3,DRIVE,2.350,0.300,0.000,0.000,0.000,0.000,0.000,0.000,0.0,0.000,1.000,-90.0,
48.802,3,DRIVE,2.400,0.300,0.000,0.000,0.000,0.000,0.000,0.000,0.0,0.000,1.000,-90.0,
48.852,3,DRIVE,2.450,0.300,0.000,0.000,0.000,0.000,0.000,0.000,0.0,0.000,1.000,-90.0,
48.902,3,DRIVE,2.501,0.300,0.000,0.000,0.000,0.000,0.000,0.000,0.0,0.000,1.000,-90.0,
48.952,3,DRIVE,2.550,0.300,0.000,0.000,0.000,0.000,0.000,0.000,0.0,0.000,1.000,-90.0,
49.002,3,DRIVE,2.600,0.300,0.000,0.000,0.000,0.000,0.000,0.000,0.0,0.000,1.000,-90.0,
49.052,3,DRIVE,2.650,0.300,0.000,0.000,0.000,0.000,0.000,0.000,0.0,0.000,1.000,-90.0,
49.102,3,DRIVE,2.701,0.300,0.000,0.000,0.000,0.000,0.000,0.000,0.0,0.000,1.000,-90.0,
49.152,3,DRIVE,2.750,0.300,0.000,0.000,0.000,0.000,0.000,0.000,0.0,0.000,1.000,-90.0,
49.202,3,DRIVE,2.801,0.300,0.000,0.000,0.000,0.000,0.000,0.000,0.0,0.000,1.000,-90.0,
49.252,3,DRIVE,2.851,0.300,0.000,0.000,0.000,0.000,0.000,0.000,0.0,0.000,1.000,-90.0,
49.302,3,DRIVE,2.900,0.300,0.000,0.000,0.000,0.000,0.000,0.000,0.0,0.000,1.000,-90.0,
49.352,3,DRIVE,2.950,0.300,0.000,0.000,0.000,0.000,0.000,0.000,0.0,0.000,1.000,-90.0,
49.404,3,DRIVE,3.003,0.300,0.000,0.000,0.000,0.000,0.000,0.000,0.0,0.000,1.000,-90.0,
49.452,3,DRIVE,3.051,0.300,0.000,0.000,0.000,0.000,0.000,0.000,0.0,0.000,1.000,-90.0,
49.502,3,DRIVE,3.100,0.300,0.000,0.000,0.000,0.000,0.000,0.000,0.0,0.000,1.000,-90.0,
49.552,3,DRIVE,3.150,0.300,0.000,0.000,0.000,0.000,0.000,0.000,0.0,0.000,1.000,-90.0,
49.602,3,DRIVE,3.200,0.300,0.000,0.000,0.000,0.000,0.000,0.000,0.0,0.000,1.000,-90.0,
49.652,3,DRIVE,3.250,0.300,0.000,0.000,0.000,0.000,0.000,0.000,0.0,0.000,1.000,-90.0,
49.702,3,DRIVE,3.300,0.300,0.000,0.000,0.000,0.000,0.000,0.000,0.0,0.000,1.000,-90.0,
49.752,3,DRIVE,3.350,0.300,0.000,0.000,0.000,0.000,0.000,0.000,0.0,0.000,1.000,-90.0,
49.802,3,DRIVE,3.401,0.300,0.000,0.000,0.000,0.000,0.000,0.000,0.0,0.000,1.000,-90.0,
49.852,3,DRIVE,3.450,0.300,0.000,0.000,0.000,0.000,0.000,0.000,0.0,0.000,1.000,-90.0,
49.902,3,DRIVE,3.501,0.300,0.000,0.000,0.000,0.000,0.000,0.000,0.0,0.000,1.000,-90.0,
49.952,3,DRIVE,3.550,0.300,0.000,0.000,0.000,0.000,0.000,0.000,0.0,0.000,1.000,-90.0,
50.002,3,DRIVE,3.600,0.300,0.000,0.000,0.000,0.000,0.000,0.000,0.0,0.000,1.000,-90.0,
50.052,3,DRIVE,3.650,0.300,0.000,0.000,0.000,0.000,0.000,0.000,0.0,0.000,1.000,-90.0,
50.102,3,DRIVE,3.700,0.300,0.000,0.000,0.000,0.000,0.000,0.000,0.0,0.000,1.000,-90.0,
50.152,3,DRIVE,3.751,0.300,0.000,0.000,0.000,0.000,0.000,0.000,0.0,0.000,1.000,-90.0,
50.202,3,DRIVE,3.801,0.300,0.000,0.000,0.000,0.000,0.000,0.000,0.0,0.000,1.000,-90.0,
50.252,3,DRIVE,3.851,0.300,0.000,0.000,0.000,0.000,0.000,0.000,0.0,0.000,1.000,-90.0,
50.302,3,DRIVE,3.900,0.300,0.000,0.000,0.000,0.000,0.000,0.000,0.0,0.000,1.000,-90.0,
50.352,3,DRIVE,3.950,0.300,0.000,0.000,0.000,0.000,0.000,0.000,0.0,0.000,1.000,-90.0,
50.405,3,DRIVE,4.004,0.300,0.000,0.000,0.000,0.000,0.000,0.000,0.0,0.000,1.000,-90.0,
50.452,3,DRIVE,4.050,0.300,0.000,0.000,0.000,0.000,0.000,0.000,0.0,0.000,1.000,-90.0,
50.502,3,DRIVE,4.101,0.300,0.000,0.000,0.000,0.000,0.000,0.000,0.0,0.000,1.000,-90.0,
50.552,3,DRIVE,4.151,0.300,0.000,0.000,0.000,0.000,0.000,0.000,0.0,0.000,1.000,-90.0,
50.602,3,DRIVE,4.201,0.300,0.000,0.000,0.000,0.000,0.000,0.000,0.0,0.000,1.000,-90.0,
50.652,3,DRIVE,4.250,0.300,0.000,0.000,0.000,0.000,0.000,0.000,0.0,0.000,1.000,-90.0,
50.702,3,DRIVE,4.301,0.300,0.000,0.000,0.000,0.000,0.000,0.000,0.0,0.000,1.000,-90.0,
50.752,3,DRIVE,4.350,0.300,0.000,0.000,0.000,0.000,0.000,0.000,0.0,0.000,1.000,-90.0,
50.802,3,DRIVE,4.401,0.300,0.000,0.000,0.000,0.000,0.000,0.000,0.0,0.000,1.000,-90.0,
50.852,3,DRIVE,4.451,0.300,0.000,0.000,0.000,0.000,0.000,0.000,0.0,0.000,1.000,-90.0,
50.902,3,DRIVE,4.501,0.300,0.000,0.000,0.000,0.000,0.000,0.000,0.0,0.000,1.000,-90.0,
50.952,3,DRIVE,4.551,0.300,0.000,0.000,0.000,0.000,0.000,0.000,0.0,0.000,1.000,-90.0,
51.002,3,DRIVE,4.601,0.300,0.000,0.000,0.000,0.000,0.000,0.000,0.0,0.000,1.000,-90.0,
51.052,3,DRIVE,4.651,0.300,0.000,0.000,0.000,0.000,0.000,0.000,0.0,0.000,1.000,-90.0,
51.102,3,DRIVE,4.701,0.300,0.000,0.000,0.000,0.000,0.000,0.000,0.0,0.000,1.000,-90.0,
51.152,3,DRIVE,4.750,0.300,0.000,0.000,0.000,0.000,0.000,0.000,0.0,0.000,1.000,-90.0,
51.202,3,DRIVE,4.801,0.300,0.000,0.000,0.000,0.000,0.000,0.000,0.0,0.000,1.000,-90.0,
51.252,3,DRIVE,4.851,0.300,0.000,0.000,0.000,0.000,0.000,0.000,0.0,0.000,1.000,-90.0,
51.302,3,DRIVE,4.900,0.300,0.000,0.000,0.000,0.000,0.000,0.000,0.0,0.000,1.000,-90.0,
51.352,3,DRIVE,4.950,0.300,0.000,0.000,0.000,0.000,0.000,0.000,0.0,0.000,1.000,-90.0,
51.404,3,DRIVE,5.003,0.300,0.000,0.000,0.000,0.000,0.000,0.000,0.0,0.000,1.000,-90.0,
51.452,3,DRIVE,5.051,0.300,0.000,0.000,0.000,0.000,0.000,0.000,0.0,0.000,1.000,-90.0,
51.502,3,DRIVE,5.101,0.300,0.000,0.000,0.000,0.000,0.000,0.000,0.0,0.000,1.000,-90.0,
51.552,3,DRIVE,5.151,0.300,0.000,0.000,0.000,0.000,0.000,0.000,0.0,0.000,1.000,-90.0,
51.602,3,DRIVE,5.200,0.300,0.000,0.000,0.000,0.000,0.000,0.000,0.0,0.000,1.000,-90.0,
51.652,3,DRIVE,5.250,0.300,0.000,0.000,0.000,0.000,0.000,0.000,0.0,0.000,1.000,-90.0,
51.702,3,DRIVE,5.300,0.300,0.000,0.000,0.000,0.000,0.000,0.000,0.0,0.000,1.000,-90.0,
51.752,3,DRIVE,5.350,0.300,0.000,0.000,0.000,0.000,0.000,0.000,0.0,0.000,1.000,-90.0,
51.802,3,DRIVE,5.401,0.300,0.000,0.000,0.000,0.000,0.000,0.000,0.0,0.000,1.000,-90.0,
51.852,3,DRIVE,5.450,0.300,0.000,0.000,0.000,0.000,0.000,0.000,0.0,0.000,1.000,-90.0,
51.902,3,DRIVE,5.500,0.300,0.000,0.000,0.000,0.000,0.000,0.000,0.0,0.000,1.000,-90.0,
51.952,3,DRIVE,5.551,0.300,0.000,0.000,0.000,0.000,0.000,0.000,0.0,0.000,1.000,-90.0,
52.002,3,DRIVE,5.601,0.300,0.000,0.000,0.000,0.000,0.000,0.000,0.0,0.000,1.000,-90.0,
52.052,3,DRIVE,5.651,0.300,0.000,0.000,0.000,0.000,0.000,0.000,0.0,0.000,1.000,-90.0,
52.102,3,DRIVE,5.700,0.300,0.000,0.000,0.000,0.000,0.000,0.000,0.0,0.000,1.000,-90.0,
52.152,3,DRIVE,5.750,0.300,0.000,0.000,0.000,0.000,0.000,0.000,0.0,0.000,1.000,-90.0,
52.202,3,DRIVE,5.801,0.300,0.000,0.000,0.000,0.000,0.000,0.000,0.0,0.000,1.000,-90.0,
52.252,3,DRIVE,5.851,0.300,0.000,0.000,0.000,0.000,0.000,0.000,0.0,0.000,1.000,-90.0,
52.302,3,DRIVE,5.901,0.300,0.000,0.000,0.000,0.000,0.000,0.000,0.0,0.000,1.000,-90.0,
52.352,3,DRIVE,5.950,0.300,0.000,0.000,0.000,0.000,0.000,0.000,0.0,0.000,1.000,-90.0,
52.403,3,DRIVE,6.002,0.300,0.000,0.000,0.000,0.000,0.000,0.000,0.0,0.000,1.000,-90.0,
52.452,3,DRIVE,6.050,0.300,0.000,0.000,0.000,0.000,0.000,0.000,0.0,0.000,1.000,-90.0,
52.502,3,DRIVE,6.100,0.300,0.000,0.000,0.000,0.000,0.000,0.000,0.0,0.000,1.000,-90.0,
52.552,3,DRIVE,6.150,0.300,0.000,0.000,0.000,0.000,0.000,0.000,0.0,0.000,1.000,-90.0,
52.602,3,DRIVE,6.200,0.300,0.000,0.000,0.000,0.000,0.000,0.000,0.0,0.000,1.000,-90.0,
52.652,3,DRIVE,6.250,0.300,0.000,0.000,0.000,0.000,0.000,0.000,0.0,0.000,1.000,-90.0,
52.702,3,DRIVE,6.300,0.300,0.000,0.000,0.000,0.000,0.000,0.000,0.0,0.000,1.000,-90.0,
52.752,3,DRIVE,6.350,0.300,0.000,0.000,0.000,0.000,0.000,0.000,0.0,0.000,1.000,-90.0,
52.802,3,DRIVE,6.400,0.300,0.000,0.000,0.000,0.000,0.000,0.000,0.0,0.000,1.000,-90.0,
52.852,3,DRIVE,6.451,0.300,0.000,0.000,0.000,0.000,0.000,0.000,0.0,0.000,1.000,-90.0,
52.902,3,DRIVE,6.501,0.300,0.000,0.000,0.000,0.000,0.000,0.000,0.0,0.000,1.000,-90.0,
52.952,3,DRIVE,6.551,0.300,0.000,0.000,0.000,0.000,0.000,0.000,0.0,0.000,1.000,-90.0,
53.002,3,DRIVE,6.600,0.300,0.000,0.000,0.000,0.000,0.000,0.000,0.0,0.000,1.000,-90.0,
53.052,3,DRIVE,6.651,0.300,0.000,0.000,0.000,0.000,0.000,0.000,0.0,0.000,1.000,-90.0,
53.102,3,DRIVE,6.700,0.300,0.000,0.000,0.000,0.000,0.000,0.000,0.0,0.000,1.000,-90.0,
53.152,3,DRIVE,6.750,0.300,0.000,0.000,0.000,0.000,0.000,0.000,0.0,0.000,1.000,-90.0,
53.202,3,DRIVE,6.801,0.300,0.000,0.000,0.000,0.000,0.000,0.000,0.0,0.000,1.000,-90.0,
53.252,3,DRIVE,6.851,0.300,0.000,0.000,0.000,0.000,0.000,0.000,0.0,0.000,1.000,-90.0,
53.302,3,DRIVE,6.900,0.300,0.000,0.000,0.000,0.000,0.000,0.000,0.0,0.000,1.000,-90.0,
53.352,3,DRIVE,6.950,0.300,0.000,0.000,0.000,0.000,0.000,0.000,0.0,0.000,1.000,-90.0,
53.404,3,DRIVE,7.003,0.300,0.000,0.000,0.000,0.000,0.000,0.000,0.0,0.000,1.000,-90.0,
53.452,3,DRIVE,7.050,0.300,0.000,0.000,0.000,0.000,0.000,0.000,0.0,0.000,1.000,-90.0,
53.502,3,DRIVE,7.100,0.300,0.000,0.000,0.000,0.000,0.000,0.000,0.0,0.000,1.000,-90.0,
53.552,3,DRIVE,7.150,0.300,0.000,0.000,0.000,0.000,0.000,0.000,0.0,0.000,1.000,-90.0,
53.602,3,DRIVE,7.200,0.300,0.000,0.000,0.000,0.000,0.000,0.000,0.0,0.000,1.000,-90.0,
53.652,3,DRIVE,7.251,0.300,0.000,0.000,0.000,0.000,0.000,0.000,0.0,0.000,1.000,-90.0,
53.702,3,DRIVE,7.301,0.300,0.000,0.000,0.000,0.000,0.000,0.000,0.0,0.000,1.000,-90.0,
53.752,3,DRIVE,7.350,0.300,0.000,0.000,0.000,0.000,0.000,0.000,0.0,0.000,1.000,-90.0,
53.802,3,DRIVE,7.400,0.300,0.000,0.000,0.000,0.000,0.000,0.000,0.0,0.000,1.000,-90.0,
53.852,3,DRIVE,7.450,0.300,0.000,0.000,0.000,0.000,0.000,0.000,0.0,0.000,1.000,-90.0,
53.902,3,DRIVE,7.500,0.300,0.000,0.000,0.000,0.000,0.000,0.000,0.0,0.000,1.000,-90.0,
53.952,3,DRIVE,7.550,0.300,0.000,0.000,0.000,0.000,0.000,0.000,0.0,0.000,1.000,-90.0,
54.002,3,DRIVE,7.601,0.300,0.000,0.000,0.000,0.000,0.000,0.000,0.0,0.000,1.000,-90.0,
54.052,3,DRIVE,7.650,0.300,0.000,0.000,0.000,0.000,0.000,0.000,0.0,0.000,1.000,-90.0,
54.102,3,DRIVE,7.700,0.300,0.000,0.000,0.000,0.000,0.000,0.000,0.0,0.000,1.000,-90.0,
54.152,3,DRIVE,7.750,0.300,0.000,0.000,0.000,0.000,0.000,0.000,0.0,0.000,1.000,-90.0,
54.202,3,DRIVE,7.801,0.300,0.000,0.000,0.000,0.000,0.000,0.000,0.0,0.000,1.000,-90.0,
54.252,3,DRIVE,7.850,0.300,0.000,0.000,0.000,0.000,0.000,0.000,0.0,0.000,1.000,-90.0,
54.302,3,DRIVE,7.900,0.300,0.000,0.000,0.000,0.000,0.000,0.000,0.0,0.000,1.000,-90.0,
54.352,3,DRIVE,7.950,0.300,0.000,0.000,0.000,0.000,0.000,0.000,0.0,0.000,1.000,-90.0,
54.404,3,DRIVE,8.003,0.300,0.000,0.000,0.000,0.000,0.000,0.000,0.0,0.000,1.000,-90.0,
54.452,3,DRIVE,8.050,0.300,0.000,0.000,0.000,0.000,0.000,0.000,0.0,0.000,1.000,-90.0,
54.502,3,DRIVE,8.100,0.300,0.000,0.000,0.000,0.000,0.000,0.000,0.0,0.000,1.000,-90.0,
54.552,3,DRIVE,8.150,0.300,0.000,0.000,0.000,0.000,0.000,0.000,0.0,0.000,1.000,-90.0,
54.602,3,DRIVE,8.200,0.300,0.000,0.000,0.000,0.000,0.000,0.000,0.0,0.000,1.000,-90.0,
54.652,3,DRIVE,8.250,0.300,0.000,0.000,0.000,0.000,0.000,0.000,0.0,0.000,1.000,-90.0,
54.702,3,DRIVE,8.301,0.300,0.000,0.000,0.000,0.000,0.000,0.000,0.0,0.000,1.000,-90.0,
54.754,3,DRIVE,8.353,0.000,0.000,0.000,0.000,0.000,0.000,0.000,0.0,-0.000,0.000,-90.0,FIN_DRIVE_leg3_TIMEOUT_8.3s
54.755,3,STOP_BEFORE_SPIN,0.001,0.000,0.000,0.000,0.000,0.000,0.000,0.000,0.0,-0.000,0.000,-90.0,
54.802,3,STOP_BEFORE_SPIN,0.047,0.000,0.000,0.000,0.000,0.000,0.000,0.000,0.0,-0.000,0.000,-90.0,
54.852,3,STOP_BEFORE_SPIN,0.097,0.000,0.000,0.000,0.000,0.000,0.000,0.000,0.0,-0.000,0.000,-90.0,
54.902,3,STOP_BEFORE_SPIN,0.147,0.000,0.000,0.000,0.000,0.000,0.000,0.000,0.0,-0.000,0.000,-90.0,
54.952,3,STOP_BEFORE_SPIN,0.197,0.000,0.000,0.000,0.000,0.000,0.000,0.000,0.0,-0.000,0.000,-90.0,
55.002,3,STOP_BEFORE_SPIN,0.247,0.000,0.000,0.000,0.000,0.000,0.000,0.000,0.0,-0.000,0.000,-90.0,
55.052,3,STOP_BEFORE_SPIN,0.297,0.000,0.000,0.000,0.000,0.000,0.000,0.000,0.0,-0.000,0.000,-90.0,
55.102,3,STOP_BEFORE_SPIN,0.347,0.000,0.000,0.000,0.000,0.000,0.000,0.000,0.0,-0.000,0.000,-90.0,
55.152,3,STOP_BEFORE_SPIN,0.397,0.000,0.000,0.000,0.000,0.000,0.000,0.000,0.0,-0.000,0.000,-90.0,
55.202,3,STOP_BEFORE_SPIN,0.447,0.000,0.000,0.000,0.000,0.000,0.000,0.000,0.0,-0.000,0.000,-90.0,
55.252,3,STOP_BEFORE_SPIN,0.497,0.000,0.000,0.000,0.000,0.000,0.000,0.000,0.0,-0.000,0.000,-90.0,
55.302,3,STOP_BEFORE_SPIN,0.547,0.000,0.000,0.000,0.000,0.000,0.000,0.000,0.0,-0.000,0.000,-90.0,
55.352,3,STOP_BEFORE_SPIN,0.597,0.000,0.000,0.000,0.000,0.000,0.000,0.000,0.0,-0.000,0.000,-90.0,
55.402,3,STOP_BEFORE_SPIN,0.647,0.000,0.000,0.000,0.000,0.000,0.000,0.000,0.0,-0.000,0.000,-90.0,
55.452,3,STOP_BEFORE_SPIN,0.697,0.000,0.000,0.000,0.000,0.000,0.000,0.000,0.0,-0.000,0.000,-90.0,
55.502,3,STOP_BEFORE_SPIN,0.747,0.000,0.000,0.000,0.000,0.000,0.000,0.000,0.0,-0.000,0.000,-90.0,
55.552,3,STOP_BEFORE_SPIN,0.797,0.000,0.000,0.000,0.000,0.000,0.000,0.000,0.0,-0.000,0.000,-90.0,
55.602,3,STOP_BEFORE_SPIN,0.847,0.000,0.000,0.000,0.000,0.000,0.000,0.000,0.0,-0.000,0.000,-90.0,
55.652,3,STOP_BEFORE_SPIN,0.897,0.000,0.000,0.000,0.000,0.000,0.000,0.000,0.0,-0.000,0.000,-90.0,
55.702,3,STOP_BEFORE_SPIN,0.947,0.000,0.000,0.000,0.000,0.000,0.000,0.000,0.0,-0.000,0.000,-90.0,
55.752,3,STOP_BEFORE_SPIN,0.997,0.000,0.000,0.000,0.000,0.000,0.000,0.000,0.0,-0.000,0.000,-90.0,
55.804,3,STOP_BEFORE_SPIN,1.050,0.000,0.000,0.000,0.000,0.000,0.000,0.000,0.0,-0.000,0.000,-90.0,INICIO_DRIFT_leg3
55.805,3,DRIFT,0.001,0.000,0.000,0.000,0.000,0.000,0.000,0.000,0.0,-0.000,0.000,-90.0,
55.852,3,DRIFT,0.047,0.000,-0.000,1.000,0.000,0.000,0.000,0.000,0.0,-0.000,0.000,-90.0,
55.902,3,DRIFT,0.097,0.000,-0.000,1.000,0.000,0.000,0.000,0.000,0.0,-0.000,0.000,-90.0,
55.952,3,DRIFT,0.147,0.000,-0.000,1.000,0.000,0.000,0.000,0.000,0.0,-0.000,0.000,-90.0,
56.002,3,DRIFT,0.197,0.000,-0.000,1.000,0.000,0.000,0.000,0.000,0.0,-0.000,0.000,-90.0,
56.052,3,DRIFT,0.247,0.000,-0.000,1.000,0.000,0.000,0.000,0.000,0.0,-0.000,0.000,-90.0,
56.102,3,DRIFT,0.297,0.000,-0.000,1.000,0.000,0.000,0.000,0.000,0.0,-0.000,0.000,-90.0,
56.152,3,DRIFT,0.347,0.000,-0.000,1.000,0.000,0.000,0.000,0.000,0.0,-0.000,0.000,-90.0,
56.202,3,DRIFT,0.397,0.000,-0.000,1.000,0.000,0.000,0.000,0.000,0.0,-0.000,0.000,-90.0,
56.252,3,DRIFT,0.447,0.000,-0.000,1.000,0.000,0.000,0.000,0.000,0.0,-0.000,0.000,-90.0,
56.302,3,DRIFT,0.497,0.000,-0.000,1.000,0.000,0.000,0.000,0.000,0.0,-0.000,0.000,-90.0,
56.352,3,DRIFT,0.547,0.000,-0.000,1.000,0.000,0.000,0.000,0.000,0.0,-0.000,0.000,-90.0,
56.402,3,DRIFT,0.597,0.000,-0.000,1.000,0.000,0.000,0.000,0.000,0.0,-0.000,0.000,-90.0,
56.452,3,DRIFT,0.647,0.000,-0.000,1.000,0.000,0.000,0.000,0.000,0.0,-0.000,0.000,-90.0,
56.502,3,DRIFT,0.697,0.000,-0.000,1.000,0.000,0.000,0.000,0.000,0.0,-0.000,0.000,-90.0,
56.552,3,DRIFT,0.747,0.000,-0.000,1.000,0.000,0.000,0.000,0.000,0.0,-0.000,0.000,-90.0,
56.602,3,DRIFT,0.797,0.000,-0.000,1.000,0.000,0.000,0.000,0.000,0.0,-0.000,0.000,-90.0,
56.652,3,DRIFT,0.847,0.000,-0.000,1.000,0.000,0.000,0.000,0.000,0.0,-0.000,0.000,-90.0,
56.702,3,DRIFT,0.897,0.000,-0.000,1.000,0.000,0.000,0.000,0.000,0.0,-0.000,0.000,-90.0,
56.752,3,DRIFT,0.947,0.000,-0.000,1.000,0.000,0.000,0.000,0.000,0.0,-0.000,0.000,-90.0,
56.802,3,DRIFT,0.997,0.000,-0.000,1.000,0.000,0.000,0.000,0.000,0.0,-0.000,0.000,-90.0,
56.852,3,DRIFT,1.047,0.000,-0.000,1.000,0.000,0.000,0.000,0.000,0.0,-0.000,0.000,-90.0,
56.902,3,DRIFT,1.097,0.000,-0.000,1.000,0.000,0.000,0.000,0.000,0.0,-0.000,0.000,-90.0,
56.952,3,DRIFT,1.147,0.000,-0.000,1.000,0.000,0.000,0.000,0.000,0.0,-0.000,0.000,-90.0,
57.002,3,DRIFT,1.197,0.000,-0.000,1.000,0.000,0.000,0.000,0.000,0.0,-0.000,0.000,-90.0,
57.052,3,DRIFT,1.247,0.000,-0.000,1.000,0.000,0.000,0.000,0.000,0.0,-0.000,0.000,-90.0,
57.102,3,DRIFT,1.297,0.000,-0.000,1.000,0.000,0.000,0.000,0.000,0.0,-0.000,0.000,-90.0,
57.152,3,DRIFT,1.347,0.000,-0.000,1.000,0.000,0.000,0.000,0.000,0.0,-0.000,0.000,-90.0,
57.202,3,DRIFT,1.397,0.000,-0.000,1.000,0.000,0.000,0.000,0.000,0.0,-0.000,0.000,-90.0,
57.252,3,DRIFT,1.447,0.000,-0.000,1.000,0.000,0.000,0.000,0.000,0.0,-0.000,0.000,-90.0,
57.302,3,DRIFT,1.497,0.000,-0.000,1.000,0.000,0.000,0.000,0.000,0.0,-0.000,0.000,-90.0,
57.352,3,DRIFT,1.548,0.000,-0.000,1.000,0.000,0.000,0.000,0.000,0.0,-0.000,0.000,-90.0,
57.402,3,DRIFT,1.597,0.000,-0.000,1.000,0.000,0.000,0.000,0.000,0.0,-0.000,0.000,-90.0,
57.452,3,DRIFT,1.647,0.000,-0.000,1.000,0.000,0.000,0.000,0.000,0.0,-0.000,0.000,-90.0,
57.502,3,DRIFT,1.697,0.000,-0.000,1.000,0.000,0.000,0.000,0.000,0.0,-0.000,0.000,-90.0,
57.552,3,DRIFT,1.747,0.000,-0.000,1.000,0.000,0.000,0.000,0.000,0.0,-0.000,0.000,-90.0,
57.602,3,DRIFT,1.797,0.000,-0.000,1.000,0.000,0.000,0.000,0.000,0.0,-0.000,0.000,-90.0,
57.652,3,DRIFT,1.847,0.000,-0.000,1.000,0.000,0.000,0.000,0.000,0.0,-0.000,0.000,-90.0,
57.702,3,DRIFT,1.897,0.000,-0.000,1.000,0.000,0.000,0.000,0.000,0.0,-0.000,0.000,-90.0,
57.752,3,DRIFT,1.947,0.000,-0.000,1.000,0.000,0.000,0.000,0.000,0.0,-0.000,0.000,-90.0,
57.802,3,DRIFT,1.997,0.000,-0.000,1.000,0.000,0.000,0.000,0.000,0.0,-0.000,0.000,-90.0,
57.852,3,DRIFT,2.047,0.000,-0.000,1.000,0.000,0.000,0.000,0.000,0.0,-0.000,0.000,-90.0,
57.902,3,DRIFT,2.097,0.000,-0.000,1.000,0.000,0.000,0.000,0.000,0.0,-0.000,0.000,-90.0,
57.952,3,DRIFT,2.147,0.000,-0.000,1.000,0.000,0.000,0.000,0.000,0.0,-0.000,0.000,-90.0,
58.002,3,DRIFT,2.198,0.000,-0.000,1.000,0.000,0.000,0.000,0.000,0.0,-0.000,0.000,-90.0,
58.052,3,DRIFT,2.247,0.000,-0.000,1.000,0.000,0.000,0.000,0.000,0.0,-0.000,0.000,-90.0,
58.102,3,DRIFT,2.297,0.000,-0.000,1.000,0.000,0.000,0.000,0.000,0.0,-0.000,0.000,-90.0,
58.152,3,DRIFT,2.347,0.000,-0.000,1.000,0.000,0.000,0.000,0.000,0.0,-0.000,0.000,-90.0,
58.202,3,DRIFT,2.397,0.000,-0.000,1.000,0.000,0.000,0.000,0.000,0.0,-0.000,0.000,-90.0,
58.252,3,DRIFT,2.447,0.000,-0.000,1.000,0.000,0.000,0.000,0.000,0.0,-0.000,0.000,-90.0,
58.302,3,DRIFT,2.497,0.000,-0.000,1.000,0.000,0.000,0.000,0.000,0.0,-0.000,0.000,-90.0,
58.352,3,DRIFT,2.547,0.000,-0.000,1.000,0.000,0.000,0.000,0.000,0.0,-0.000,0.000,-90.0,
58.402,3,DRIFT,2.597,0.000,-0.000,1.000,0.000,0.000,0.000,0.000,0.0,-0.000,0.000,-90.0,
58.452,3,DRIFT,2.647,0.000,-0.000,1.000,0.000,0.000,0.000,0.000,0.0,-0.000,0.000,-90.0,
58.502,3,DRIFT,2.697,0.000,-0.000,1.000,0.000,0.000,0.000,0.000,0.0,-0.000,0.000,-90.0,
58.552,3,DRIFT,2.747,0.000,-0.000,1.000,0.000,0.000,0.000,0.000,0.0,-0.000,0.000,-90.0,
58.602,3,DRIFT,2.797,0.000,-0.000,1.000,0.000,0.000,0.000,0.000,0.0,-0.000,0.000,-90.0,
58.652,3,DRIFT,2.847,0.000,-0.000,1.000,0.000,0.000,0.000,0.000,0.0,-0.000,0.000,-90.0,
58.702,3,DRIFT,2.897,0.000,-0.000,1.000,0.000,0.000,0.000,0.000,0.0,-0.000,0.000,-90.0,
58.752,3,DRIFT,2.947,0.000,-0.000,1.000,0.000,0.000,0.000,0.000,0.0,-0.000,0.000,-90.0,
58.802,3,DRIFT,2.997,0.000,-0.000,1.000,0.000,0.000,0.000,0.000,0.0,-0.000,0.000,-90.0,
58.852,3,DRIFT,3.047,0.000,-0.000,1.000,0.000,0.000,0.000,0.000,0.0,-0.000,0.000,-90.0,
58.902,3,DRIFT,3.097,0.000,-0.000,1.000,0.000,0.000,0.000,0.000,0.0,-0.000,0.000,-90.0,
58.952,3,DRIFT,3.147,0.000,-0.000,1.000,0.000,0.000,0.000,0.000,0.0,-0.000,0.000,-90.0,
59.002,3,DRIFT,3.197,0.000,-0.000,1.000,0.000,0.000,0.000,0.000,0.0,-0.000,0.000,-90.0,
59.052,3,DRIFT,3.247,0.000,-0.000,1.000,0.000,0.000,0.000,0.000,0.0,-0.000,0.000,-90.0,
59.102,3,DRIFT,3.297,0.000,-0.000,1.000,0.000,0.000,0.000,0.000,0.0,-0.000,0.000,-90.0,
59.152,3,DRIFT,3.347,0.000,-0.000,1.000,0.000,0.000,0.000,0.000,0.0,-0.000,0.000,-90.0,
59.202,3,DRIFT,3.397,0.000,-0.000,1.000,0.000,0.000,0.000,0.000,0.0,-0.000,0.000,-90.0,
59.252,3,DRIFT,3.447,0.000,-0.000,1.000,0.000,0.000,0.000,0.000,0.0,-0.000,0.000,-90.0,
59.302,3,DRIFT,3.497,0.000,-0.000,1.000,0.000,0.000,0.000,0.000,0.0,-0.000,0.000,-90.0,
59.352,3,DRIFT,3.547,0.000,-0.000,1.000,0.000,0.000,0.000,0.000,0.0,-0.000,0.000,-90.0,
59.402,3,DRIFT,3.597,0.000,-0.000,1.000,0.000,0.000,0.000,0.000,0.0,-0.000,0.000,-90.0,
59.452,3,DRIFT,3.647,0.000,-0.000,1.000,0.000,0.000,0.000,0.000,0.0,-0.000,0.000,-90.0,
59.502,3,DRIFT,3.697,0.000,-0.000,1.000,0.000,0.000,0.000,0.000,0.0,-0.000,0.000,-90.0,
59.552,3,DRIFT,3.747,0.000,-0.000,1.000,0.000,0.000,0.000,0.000,0.0,-0.000,0.000,-90.0,
59.602,3,DRIFT,3.797,0.000,-0.000,1.000,0.000,0.000,0.000,0.000,0.0,-0.000,0.000,-90.0,
59.652,3,DRIFT,3.847,0.000,-0.000,1.000,0.000,0.000,0.000,0.000,0.0,-0.000,0.000,-90.0,
59.702,3,DRIFT,3.897,0.000,-0.000,1.000,0.000,0.000,0.000,0.000,0.0,-0.000,0.000,-90.0,
59.752,3,DRIFT,3.947,0.000,-0.000,1.000,0.000,0.000,0.000,0.000,0.0,-0.000,0.000,-90.0,
59.802,3,DRIFT,3.997,0.000,-0.000,1.000,0.000,0.000,0.000,0.000,0.0,-0.000,0.000,-90.0,
59.852,3,DRIFT,4.047,0.000,-0.000,1.000,0.000,0.000,0.000,0.000,0.0,-0.000,0.000,-90.0,
59.901,3,DRIFT,4.097,0.000,-0.000,1.000,0.000,0.000,0.000,0.000,0.0,-0.000,0.000,-90.0,
59.952,3,DRIFT,4.147,0.000,-0.000,1.000,0.000,0.000,0.000,0.000,0.0,-0.000,0.000,-90.0,
60.002,3,DRIFT,4.197,0.000,-0.000,1.000,0.000,0.000,0.000,0.000,0.0,-0.000,0.000,-90.0,
60.052,3,DRIFT,4.247,0.000,-0.000,1.000,0.000,0.000,0.000,0.000,0.0,-0.000,0.000,-90.0,
60.102,3,DRIFT,4.297,0.000,-0.000,1.000,0.000,0.000,0.000,0.000,0.0,-0.000,0.000,-90.0,
60.152,3,DRIFT,4.347,0.000,-0.000,1.000,0.000,0.000,0.000,0.000,0.0,-0.000,0.000,-90.0,
60.202,3,DRIFT,4.397,0.000,-0.000,1.000,0.000,0.000,0.000,0.000,0.0,-0.000,0.000,-90.0,
60.252,3,DRIFT,4.447,0.000,-0.000,1.000,0.000,0.000,0.000,0.000,0.0,-0.000,0.000,-90.0,
60.302,3,DRIFT,4.497,0.000,-0.000,1.000,0.000,0.000,0.000,0.000,0.0,-0.000,0.000,-90.0,
60.352,3,DRIFT,4.547,0.000,-0.000,1.000,0.000,0.000,0.000,0.000,0.0,-0.000,0.000,-90.0,
60.402,3,DRIFT,4.597,0.000,-0.000,1.000,0.000,0.000,0.000,0.000,0.0,-0.000,0.000,-90.0,
60.452,3,DRIFT,4.647,0.000,-0.000,1.000,0.000,0.000,0.000,0.000,0.0,-0.000,0.000,-90.0,
60.502,3,DRIFT,4.697,0.000,-0.000,1.000,0.000,0.000,0.000,0.000,0.0,-0.000,0.000,-90.0,
60.551,4,DRIFT,4.747,0.000,0.000,0.000,0.000,0.000,0.000,0.000,0.0,-0.000,0.000,-0.0,FIN_DRIFT_leg3_TIMEOUT_4.7s_4.75s
