t_s,leg,state,phase_elapsed_s,cmd_vx,cmd_vy,cmd_wz,raw_vx,raw_vy,raw_wz,enc_dist_m,imu_yaw_deg,imu_heading_deg,kf_x,kf_y,kf_yaw_deg,opt_x,opt_y,opt_yaw_deg,lateral_err_m,heading_err_deg,event
0.051,0,WARMUP,0.052,0.000,0.000,0.500,0.000,0.000,0.000,0.000,0.0,0.0,-0.0000,-0.0000,-0.00,-0.0000,-0.0000,0.00,-0.0000,-0.00,
0.101,0,WARMUP,0.101,0.000,0.000,0.500,0.000,0.000,0.000,0.000,0.0,0.0,-0.0000,-0.0000,0.00,-0.0000,-0.0000,0.06,-0.0000,0.00,
0.151,0,WARMUP,0.151,0.000,0.000,-0.500,0.000,0.000,0.000,0.000,0.0,0.0,-0.0000,-0.0000,0.01,-0.0000,-0.0000,0.01,-0.0000,0.01,
0.201,0,WARMUP,0.201,0.000,0.000,-0.500,0.000,0.000,0.000,0.000,0.0,0.0,-0.0000,-0.0000,-0.00,-0.0000,-0.0000,0.02,-0.0000,-0.00,
0.251,0,WARMUP,0.252,0.000,0.000,-0.500,0.000,0.000,0.000,0.000,0.0,0.0,-0.0000,-0.0000,0.01,-0.0000,-0.0000,0.00,-0.0000,0.01,
0.301,0,WARMUP,0.302,0.000,0.000,0.000,0.000,0.000,0.000,0.000,0.0,0.0,-0.0000,-0.0000,-0.00,-0.0000,0.0000,0.02,-0.0000,-0.00,
0.351,0,WARMUP,0.351,0.000,0.000,0.000,0.000,0.000,0.000,0.000,0.0,0.0,-0.0000,-0.0000,0.01,-0.0000,-0.0000,0.01,-0.0000,0.01,
0.401,0,WARMUP,0.401,0.000,0.000,0.000,0.000,0.000,0.000,0.000,0.0,0.0,-0.0000,-0.0000,0.01,-0.0000,-0.0000,0.01,-0.0000,0.01,
0.451,0,WARMUP,0.451,0.000,0.000,0.000,0.000,0.000,0.000,0.000,0.0,0.0,-0.0000,-0.0000,0.01,-0.0000,-0.0000,0.00,-0.0000,0.01,
0.501,0,WARMUP,0.501,0.000,0.000,0.000,0.000,0.000,0.000,0.000,0.0,0.0,-0.0000,-0.0000,-0.00,-0.0000,-0.0000,0.05,-0.0000,-0.00,
0.551,0,WARMUP,0.551,0.000,0.000,0.000,0.000,0.000,0.000,0.000,0.0,0.0,-0.0000,-0.0000,0.01,-0.0000,-0.0000,0.02,-0.0000,0.01,
0.602,0,WARMUP,0.602,0.000,0.000,0.000,0.000,0.000,0.000,0.000,0.0,0.0,-0.0000,-0.0000,0.01,0.0000,-0.0000,0.02,-0.0000,0.01,
0.652,0,WARMUP,0.652,0.000,0.000,0.000,0.000,0.000,0.000,0.000,0.0,0.0,-0.0000,-0.0000,0.00,-0.0000,-0.0000,-0.01,-0.0000,0.00,
0.701,0,WARMUP,0.701,0.000,0.000,0.000,0.000,0.000,0.000,0.000,0.0,0.0,-0.0000,-0.0000,0.01,-0.0000,-0.0001,0.05,-0.0000,0.01,
0.752,0,WARMUP,0.752,0.000,0.000,0.000,0.000,0.000,0.000,0.000,0.0,0.0,-0.0000,-0.0000,0.00,-0.0000,-0.0001,0.00,-0.0000,0.00,
0.803,0,WARMUP,0.803,0.000,0.000,0.000,0.000,0.000,0.000,0.000,0.0,0.0,-0.0000,-0.0001,0.01,-0.0000,-0.0000,0.01,-0.0001,0.01,FIN_WARMUP
0.803,0,DRIVE,0.000,0.000,0.000,0.000,0.000,0.000,0.000,0.000,0.0,0.0,-0.0000,-0.0001,0.01,-0.0000,-0.0000,0.01,0.0000,0.00,
0.851,0,DRIVE,0.048,0.300,-0.120,0.000,0.000,0.000,0.000,0.000,0.0,0.0,-0.0000,-0.0000,-0.00,-0.0000,-0.0001,-0.01,0.0000,-0.01,
0.901,0,DRIVE,0.098,0.300,-0.118,0.000,0.000,0.000,0.000,0.000,0.0,0.0,0.0150,-0.0060,0.00,-0.0000,-0.0001,0.03,-0.0060,-0.01,
0.951,0,DRIVE,0.148,0.300,-0.118,-0.000,0.000,0.000,0.000,0.000,0.0,0.0,0.0157,-0.0063,0.02,-0.0000,-0.0001,0.01,-0.0062,0.01,
1.001,0,DRIVE,0.198,0.300,-0.118,0.000,0.000,0.000,0.000,0.000,0.0,0.0,0.0156,-0.0062,-0.00,-0.0000,-0.0000,0.02,-0.0061,-0.01,
1.053,0,DRIVE,0.250,0.300,-0.118,0.000,0.000,0.000,0.000,0.000,0.0,0.0,0.0156,-0.0062,0.00,-0.0000,-0.0001,-0.01,-0.0061,-0.00,
1.101,0,DRIVE,0.298,0.300,-0.118,0.000,0.000,0.000,0.000,0.000,0.0,0.0,0.0156,-0.0062,-0.00,-0.0000,-0.0000,0.02,-0.0062,-0.01,
1.151,0,DRIVE,0.348,0.300,-0.118,0.000,0.000,0.000,0.000,0.000,0.0,0.0,0.0158,-0.0062,0.01,0.0000,-0.0001,-0.01,-0.0062,-0.00,
1.204,0,DRIVE,0.400,0.300,-0.118,0.000,0.000,0.000,0.000,0.000,0.0,0.0,0.0160,-0.0064,-0.00,0.0000,-0.0001,0.06,-0.0063,-0.01,
1.253,0,DRIVE,0.450,0.300,-0.118,0.000,0.000,0.000,0.000,0.000,0.0,0.0,0.0158,-0.0063,-0.01,0.0000,-0.0001,-0.02,-0.0062,-0.02,
1.303,0,DRIVE,0.500,0.300,-0.118,0.000,0.000,0.000,0.000,0.000,0.0,0.0,0.0151,-0.0060,-0.01,-0.0000,-0.0001,0.03,-0.0060,-0.02,
1.351,0,DRIVE,0.548,0.300,-0.118,0.001,0.000,0.000,0.000,0.000,0.0,0.0,0.0157,-0.0063,-0.04,0.0002,-0.0002,-0.15,-0.0062,-0.05,
1.401,0,DRIVE,0.598,0.300,-0.118,0.000,0.000,0.000,0.000,0.000,0.0,0.0,0.0161,-0.0065,-0.01,0.0006,-0.0004,0.10,-0.0065,-0.02,
1.452,0,DRIVE,0.649,0.300,-0.118,-0.002,0.000,0.000,0.000,0.000,0.0,0.0,0.0170,-0.0068,0.13,0.0010,-0.0006,0.19,-0.0068,0.12,
1.501,0,DRIVE,0.698,0.300,-0.118,-0.001,0.000,0.000,0.000,0.000,0.0,0.0,0.0161,-0.0065,0.06,0.0009,-0.0005,0.02,-0.0064,0.05,
1.553,0,DRIVE,0.750,0.300,-0.118,-0.001,0.000,0.000,0.000,0.000,0.0,0.0,0.0165,-0.0066,0.07,0.0010,-0.0006,0.14,-0.0066,0.06,
1.601,0,DRIVE,0.798,0.300,-0.118,-0.001,0.000,0.000,0.000,0.000,0.0,0.0,0.0165,-0.0066,0.09,0.0010,-0.0006,0.12,-0.0066,0.08,
1.652,0,DRIVE,0.849,0.300,-0.118,-0.001,0.000,0.000,0.000,0.000,0.0,0.0,0.0166,-0.0066,0.09,0.0011,-0.0006,0.08,-0.0066,0.08,
1.701,0,DRIVE,0.898,0.300,-0.118,-0.001,0.000,0.000,0.000,0.000,0.0,0.0,0.0164,-0.0065,0.09,0.0010,-0.0006,0.16,-0.0065,0.08,
1.751,0,DRIVE,0.948,0.300,-0.118,-0.001,0.000,0.000,0.000,0.000,0.0,0.0,0.0164,-0.0066,0.09,0.0010,-0.0006,0.13,-0.0065,0.08,
1.804,0,DRIVE,1.001,0.300,-0.118,-0.002,0.000,0.000,0.000,0.000,0.0,0.0,0.0168,-0.0067,0.10,0.0010,-0.0006,0.16,-0.0067,0.10,
1.852,0,DRIVE,1.049,0.300,-0.118,-0.002,0.000,0.000,0.000,0.000,0.0,0.0,0.0163,-0.0065,0.11,0.0010,-0.0006,0.12,-0.0065,0.10,
1.901,0,DRIVE,1.098,0.300,-0.118,-0.001,0.000,0.000,0.000,0.000,0.0,0.0,0.0162,-0.0065,0.09,0.0010,-0.0006,0.17,-0.0064,0.08,
1.951,0,DRIVE,1.148,0.300,-0.118,-0.002,0.000,0.000,0.000,0.000,0.0,0.0,0.0165,-0.0066,0.10,0.0010,-0.0006,0.16,-0.0065,0.10,
2.001,0,DRIVE,1.198,0.300,-0.118,-0.001,0.000,0.000,0.000,0.000,0.0,0.0,0.0165,-0.0066,0.09,0.0010,-0.0006,0.15,-0.0066,0.08,
2.053,0,DRIVE,1.250,0.300,-0.118,-0.001,0.000,0.000,0.000,0.000,0.0,0.0,0.0164,-0.0066,0.09,0.0010,-0.0006,0.15,-0.0065,0.08,
2.102,0,DRIVE,1.299,0.300,-0.118,-0.001,0.000,0.000,0.000,0.000,0.0,0.0,0.0164,-0.0066,0.09,0.0010,-0.0006,0.14,-0.0065,0.08,
2.151,0,DRIVE,1.349,0.300,-0.118,-0.002,0.000,0.000,0.000,0.000,0.0,0.0,0.0164,-0.0066,0.10,0.0010,-0.0006,0.11,-0.0065,0.09,
2.202,0,DRIVE,1.399,0.300,-0.118,-0.002,0.000,0.000,0.000,0.000,0.0,0.0,0.0166,-0.0067,0.11,0.0010,-0.0006,0.18,-0.0066,0.11,
2.252,0,DRIVE,1.449,0.300,-0.118,-0.002,0.000,0.000,0.000,0.000,0.0,0.0,0.0166,-0.0066,0.13,0.0010,-0.0006,0.13,-0.0066,0.12,
2.303,0,DRIVE,1.500,0.300,-0.118,-0.002,0.000,0.000,0.000,0.000,0.0,0.0,0.0165,-0.0066,0.12,0.0010,-0.0006,0.17,-0.0066,0.11,
2.351,0,DRIVE,1.548,0.300,-0.118,-0.002,0.000,0.000,0.000,0.000,0.0,0.0,0.0167,-0.0067,0.11,0.0010,-0.0006,0.13,-0.0066,0.10,
2.402,0,DRIVE,1.599,0.300,-0.118,-0.002,0.000,0.000,0.000,0.000,0.0,0.0,0.0168,-0.0067,0.12,0.0010,-0.0006,0.15,-0.0067,0.11,
2.452,0,DRIVE,1.649,0.300,-0.118,-0.001,0.000,0.000,0.000,0.000,0.0,0.0,0.0164,-0.0066,0.09,0.0010,-0.0006,0.11,-0.0065,0.08,
2.501,0,DRIVE,1.698,0.300,-0.118,-0.002,0.000,0.000,0.000,0.000,0.0,0.0,0.0164,-0.0066,0.10,0.0010,-0.0006,0.12,-0.0065,0.09,
2.553,0,DRIVE,1.750,0.300,-0.118,-0.002,0.000,0.000,0.000,0.000,0.0,0.0,0.0165,-0.0066,0.11,0.0010,-0.0006,0.16,-0.0065,0.10,
2.601,0,DRIVE,1.798,0.300,-0.118,-0.002,0.000,0.000,0.000,0.000,0.0,0.0,0.0166,-0.0066,0.14,0.0011,-0.0006,0.17,-0.0066,0.13,
2.651,0,DRIVE,1.848,0.300,-0.118,-0.002,0.000,0.000,0.000,0.000,0.0,0.0,0.0167,-0.0067,0.15,0.0010,-0.0006,0.17,-0.0066,0.14,
2.701,0,DRIVE,1.898,0.300,-0.118,-0.002,0.000,0.000,0.000,0.000,0.0,0.0,0.0167,-0.0067,0.14,0.0010,-0.0006,0.20,-0.0066,0.13,
2.752,0,DRIVE,1.949,0.300,-0.118,-0.002,0.000,0.000,0.000,0.000,0.0,0.0,0.0168,-0.0067,0.14,0.0011,-0.0006,0.19,-0.0066,0.14,
2.803,0,DRIVE,2.000,0.300,-0.118,-0.003,0.000,0.000,0.000,0.000,0.0,0.0,0.0163,-0.0065,0.16,0.0011,-0.0005,0.20,-0.0064,0.15,
2.853,0,DRIVE,2.050,0.300,-0.118,-0.003,0.000,0.000,0.000,0.000,0.0,0.0,0.0173,-0.0069,0.17,0.0011,-0.0006,0.22,-0.0068,0.17,
2.903,0,DRIVE,2.100,0.300,-0.118,-0.003,0.000,0.000,0.000,0.000,0.0,0.0,0.0166,-0.0066,0.18,0.0011,-0.0005,0.17,-0.0065,0.17,
2.951,0,DRIVE,2.148,0.300,-0.118,-0.003,0.000,0.000,0.000,0.000,0.0,0.0,0.0163,-0.0065,0.18,0.0011,-0.0005,0.20,-0.0064,0.17,
3.002,0,DRIVE,2.199,0.300,-0.118,-0.003,0.000,0.000,0.000,0.000,0.0,0.0,0.0167,-0.0066,0.17,0.0011,-0.0005,0.22,-0.0066,0.17,
3.053,0,DRIVE,2.250,0.300,-0.118,-0.002,0.000,0.000,0.000,0.000,0.0,0.0,0.0166,-0.0066,0.14,0.0011,-0.0005,0.23,-0.0065,0.13,
3.102,0,DRIVE,2.299,0.300,-0.118,-0.003,0.000,0.000,0.000,0.000,0.0,0.0,0.0169,-0.0067,0.17,0.0011,-0.0005,0.24,-0.0066,0.16,
3.151,0,DRIVE,2.348,0.300,-0.118,-0.003,0.000,0.000,0.000,0.000,0.0,0.0,0.0162,-0.0064,0.17,0.0011,-0.0006,0.24,-0.0064,0.16,
3.203,0,DRIVE,2.400,0.300,-0.118,-0.002,0.000,0.000,0.000,0.000,0.0,0.0,0.0170,-0.0067,0.14,0.0011,-0.0005,0.25,-0.0067,0.13,
3.251,0,DRIVE,2.448,0.300,-0.118,-0.003,0.000,0.000,0.000,0.000,0.0,0.0,0.0161,-0.0064,0.20,0.0011,-0.0005,0.28,-0.0063,0.20,
3.303,0,DRIVE,2.500,0.300,-0.118,-0.003,0.000,0.000,0.000,0.000,0.0,0.0,0.0167,-0.0066,0.16,0.0011,-0.0005,0.26,-0.0065,0.15,
3.351,0,DRIVE,2.548,0.300,-0.118,-0.003,0.000,0.000,0.000,0.000,0.0,0.0,0.0167,-0.0066,0.20,0.0011,-0.0006,0.24,-0.0065,0.19,
3.402,0,DRIVE,2.599,0.300,-0.118,-0.003,0.000,0.000,0.000,0.000,0.0,0.0,0.0167,-0.0066,0.19,0.0012,-0.0005,0.26,-0.0065,0.18,
3.451,0,DRIVE,2.648,0.300,-0.118,-0.004,0.000,0.000,0.000,0.000,0.0,0.0,0.0165,-0.0065,0.21,0.0012,-0.0006,0.24,-0.0065,0.20,
3.501,0,DRIVE,2.698,0.300,-0.118,-0.003,0.000,0.000,0.000,0.000,0.0,0.0,0.0166,-0.0066,0.17,0.0011,-0.0005,0.27,-0.0065,0.16,
3.553,0,DRIVE,2.750,0.300,-0.118,-0.003,0.000,0.000,0.000,0.000,0.0,0.0,0.0166,-0.0066,0.18,0.0012,-0.0005,0.21,-0.0065,0.17,
3.601,0,DRIVE,2.798,0.300,-0.118,-0.002,0.000,0.000,0.000,0.000,0.0,0.0,0.0163,-0.0064,0.14,0.0011,-0.0005,0.24,-0.0064,0.14,
3.651,0,DRIVE,2.848,0.300,-0.118,-0.003,0.000,0.000,0.000,0.000,0.0,0.0,0.0166,-0.0065,0.16,0.0011,-0.0005,0.22,-0.0065,0.15,
3.701,0,DRIVE,2.898,0.300,-0.118,-0.003,0.000,0.000,0.000,0.000,0.0,0.0,0.0166,-0.0066,0.16,0.0011,-0.0005,0.25,-0.0065,0.15,
3.752,0,DRIVE,2.949,0.300,-0.118,-0.003,0.000,0.000,0.000,0.000,0.0,0.0,0.0168,-0.0066,0.16,0.0011,-0.0005,0.22,-0.0065,0.16,
3.803,0,DRIVE,3.000,0.300,-0.118,-0.003,0.000,0.000,0.000,0.000,0.0,0.0,0.0163,-0.0064,0.15,0.0011,-0.0005,0.21,-0.0064,0.15,
3.852,0,DRIVE,3.049,0.300,-0.118,-0.003,0.000,0.000,0.000,0.000,0.0,0.0,0.0169,-0.0067,0.18,0.0011,-0.0005,0.25,-0.0066,0.18,
3.901,0,DRIVE,3.098,0.300,-0.118,-0.003,0.000,0.000,0.000,0.000,0.0,0.0,0.0166,-0.0066,0.17,0.0011,-0.0005,0.24,-0.0065,0.16,
3.951,0,DRIVE,3.148,0.300,-0.118,-0.003,0.000,0.000,0.000,0.000,0.0,0.0,0.0166,-0.0066,0.18,0.0011,-0.0005,0.21,-0.0065,0.17,
4.001,0,DRIVE,3.198,0.300,-0.118,-0.003,0.000,0.000,0.000,0.000,0.0,0.0,0.0166,-0.0065,0.16,0.0011,-0.0005,0.21,-0.0065,0.15,
4.054,0,DRIVE,3.251,0.300,-0.118,-0.003,0.000,0.000,0.000,0.000,0.0,0.0,0.0170,-0.0067,0.18,0.0011,-0.0005,0.21,-0.0067,0.18,
4.101,0,DRIVE,3.298,0.300,-0.118,-0.002,0.000,0.000,0.000,0.000,0.0,0.0,0.0171,-0.0067,0.14,0.0011,-0.0005,0.23,-0.0067,0.13,
4.152,0,DRIVE,3.349,0.300,-0.118,-0.003,0.000,0.000,0.000,0.000,0.0,0.0,0.0168,-0.0066,0.20,0.0011,-0.0005,0.20,-0.0065,0.19,
4.201,0,DRIVE,3.398,0.300,-0.118,-0.003,0.000,0.000,0.000,0.000,0.0,0.0,0.0166,-0.0065,0.16,0.0011,-0.0005,0.22,-0.0065,0.16,
4.252,0,DRIVE,3.449,0.300,-0.118,-0.003,0.000,0.000,0.000,0.000,0.0,0.0,0.0167,-0.0066,0.17,0.0011,-0.0005,0.20,-0.0065,0.16,
4.303,0,DRIVE,3.500,0.300,-0.118,-0.003,0.000,0.000,0.000,0.000,0.0,0.0,0.0166,-0.0066,0.16,0.0011,-0.0005,0.22,-0.0065,0.15,
4.352,0,DRIVE,3.549,0.300,-0.118,-0.002,0.000,0.000,0.000,0.000,0.0,0.0,0.0166,-0.0065,0.14,0.0011,-0.0005,0.17,-0.0065,0.13,
4.401,0,DRIVE,3.598,0.300,-0.118,-0.002,0.000,0.000,0.000,0.000,0.0,0.0,0.0165,-0.0065,0.13,0.0011,-0.0005,0.17,-0.0064,0.12,
4.451,0,DRIVE,3.648,0.300,-0.118,-0.002,0.000,0.000,0.000,0.000,0.0,0.0,0.0165,-0.0065,0.11,0.0011,-0.0005,0.19,-0.0064,0.10,
4.502,0,DRIVE,3.699,0.300,-0.118,-0.002,0.000,0.000,0.000,0.000,0.0,0.0,0.0166,-0.0065,0.13,0.0011,-0.0005,0.18,-0.0065,0.12,
4.553,0,DRIVE,3.750,0.300,-0.118,-0.002,0.000,0.000,0.000,0.000,0.0,0.0,0.0163,-0.0064,0.12,0.0011,-0.0005,0.19,-0.0064,0.11,
4.602,0,DRIVE,3.799,0.300,-0.118,-0.002,0.000,0.000,0.000,0.000,0.0,0.0,0.0169,-0.0067,0.11,0.0011,-0.0005,0.22,-0.0066,0.11,
4.651,0,DRIVE,3.848,0.300,-0.118,-0.002,0.000,0.000,0.000,0.000,0.0,0.0,0.0162,-0.0064,0.14,0.0011,-0.0005,0.15,-0.0063,0.13,
4.701,0,DRIVE,3.898,0.300,-0.118,-0.002,0.000,0.000,0.000,0.000,0.0,0.0,0.0167,-0.0066,0.15,0.0011,-0.0005,0.19,-0.0065,0.14,
4.751,0,DRIVE,3.948,0.300,-0.118,-0.002,0.000,0.000,0.000,0.000,0.0,0.0,0.0166,-0.0065,0.12,0.0011,-0.0005,0.16,-0.0065,0.11,
4.804,0,DRIVE,4.001,0.300,-0.118,-0.002,0.000,0.000,0.000,0.000,0.0,0.0,0.0169,-0.0067,0.15,0.0011,-0.0005,0.19,-0.0066,0.14,
4.851,0,DRIVE,4.048,0.300,-0.118,-0.002,0.000,0.000,0.000,0.000,0.0,0.0,0.0161,-0.0064,0.11,0.0011,-0.0005,0.16,-0.0063,0.10,
4.901,0,DRIVE,4.098,0.300,-0.118,-0.002,0.000,0.000,0.000,0.000,0.0,0.0,0.0168,-0.0066,0.13,0.0011,-0.0005,0.21,-0.0065,0.13,
4.952,0,DRIVE,4.149,0.300,-0.118,-0.002,0.000,0.000,0.000,0.000,0.0,0.0,0.0169,-0.0066,0.12,0.0011,-0.0005,0.13,-0.0066,0.11,
5.002,0,DRIVE,4.199,0.300,-0.118,-0.002,0.000,0.000,0.000,0.000,0.0,0.0,0.0164,-0.0064,0.10,0.0011,-0.0005,0.13,-0.0064,0.09,
5.053,0,DRIVE,4.250,0.300,-0.118,-0.002,0.000,0.000,0.000,0.000,0.0,0.0,0.0163,-0.0064,0.10,0.0011,-0.0005,0.14,-0.0064,0.09,
5.102,0,DRIVE,4.299,0.300,-0.118,-0.002,0.000,0.000,0.000,0.000,0.0,0.0,0.0169,-0.0067,0.12,0.0011,-0.0005,0.18,-0.0066,0.12,
5.152,0,DRIVE,4.349,0.300,-0.118,-0.002,0.000,0.000,0.000,0.000,0.0,0.0,0.0165,-0.0065,0.12,0.0011,-0.0005,0.17,-0.0064,0.11,
5.202,0,DRIVE,4.399,0.300,-0.118,-0.002,0.000,0.000,0.000,0.000,0.0,0.0,0.0166,-0.0065,0.13,0.0011,-0.0005,0.19,-0.0065,0.12,
5.251,0,DRIVE,4.448,0.300,-0.118,-0.003,0.000,0.000,0.000,0.000,0.0,0.0,0.0169,-0.0067,0.16,0.0011,-0.0005,0.15,-0.0066,0.15,
5.303,0,DRIVE,4.500,0.300,-0.118,-0.002,0.000,0.000,0.000,0.000,0.0,0.0,0.0171,-0.0067,0.12,0.0011,-0.0005,0.17,-0.0067,0.11,
5.351,0,DRIVE,4.548,0.300,-0.118,-0.002,0.000,0.000,0.000,0.000,0.0,0.0,0.0164,-0.0064,0.14,0.0011,-0.0005,0.15,-0.0064,0.13,
5.402,0,DRIVE,4.599,0.300,-0.118,-0.002,0.000,0.000,0.000,0.000,0.0,0.0,0.0166,-0.0065,0.11,0.0011,-0.0005,0.20,-0.0065,0.10,
5.451,0,DRIVE,4.648,0.300,-0.118,-0.002,0.000,0.000,0.000,0.000,0.0,0.0,0.0164,-0.0064,0.13,0.0011,-0.0005,0.19,-0.0064,0.12,
5.502,0,DRIVE,4.699,0.300,-0.118,-0.002,0.000,0.000,0.000,0.000,0.0,0.0,0.0166,-0.0065,0.10,0.0011,-0.0005,0.20,-0.0065,0.09,
5.553,0,DRIVE,4.750,0.300,-0.118,-0.002,0.000,0.000,0.000,0.000,0.0,0.0,0.0165,-0.0065,0.13,0.0011,-0.0005,0.15,-0.0064,0.12,
5.601,0,DRIVE,4.798,0.300,-0.118,-0.002,0.000,0.000,0.000,0.000,0.0,0.0,0.0167,-0.0066,0.14,0.0011,-0.0005,0.16,-0.0065,0.13,
5.651,0,DRIVE,4.848,0.300,-0.118,-0.002,0.000,0.000,0.000,0.000,0.0,0.0,0.0166,-0.0065,0.14,0.0011,-0.0005,0.16,-0.0065,0.13,
5.702,0,DRIVE,4.899,0.300,-0.118,-0.002,0.000,0.000,0.000,0.000,0.0,0.0,0.0169,-0.0066,0.14,0.0011,-0.0005,0.18,-0.0066,0.13,
5.751,0,DRIVE,4.948,0.300,-0.118,-0.002,0.000,0.000,0.000,0.000,0.0,0.0,0.0163,-0.0064,0.12,0.0011,-0.0005,0.14,-0.0064,0.11,
5.803,0,DRIVE,5.000,0.300,-0.118,-0.002,0.000,0.000,0.000,0.000,0.0,0.0,0.0166,-0.0065,0.11,0.0011,-0.0005,0.16,-0.0065,0.10,
5.852,0,DRIVE,5.049,0.300,-0.118,-0.002,0.000,0.000,0.000,0.000,0.0,0.0,0.0168,-0.0066,0.12,0.0011,-0.0005,0.16,-0.0065,0.11,
5.902,0,DRIVE,5.099,0.300,-0.118,-0.002,0.000,0.000,0.000,0.000,0.0,0.0,0.0167,-0.0066,0.15,0.0011,-0.0005,0.15,-0.0065,0.14,
5.951,0,DRIVE,5.148,0.300,-0.118,-0.002,0.000,0.000,0.000,0.000,0.0,0.0,0.0165,-0.0065,0.11,0.0011,-0.0005,0.10,-0.0064,0.10,
6.001,0,DRIVE,5.198,0.300,-0.118,-0.002,0.000,0.000,0.000,0.000,0.0,0.0,0.0169,-0.0066,0.13,0.0011,-0.0005,0.16,-0.0066,0.12,
6.054,0,DRIVE,5.251,0.300,-0.118,-0.002,0.000,0.000,0.000,0.000,0.0,0.0,0.0169,-0.0066,0.11,0.0011,-0.0005,0.18,-0.0066,0.10,
6.101,0,DRIVE,5.298,0.300,-0.118,-0.002,0.000,0.000,0.000,0.000,0.0,0.0,0.0167,-0.0066,0.11,0.0011,-0.0005,0.15,-0.0065,0.10,
6.151,0,DRIVE,5.348,0.300,-0.118,-0.002,0.000,0.000,0.000,0.000,0.0,0.0,0.0165,-0.0065,0.15,0.0011,-0.0005,0.20,-0.0064,0.14,
6.201,0,DRIVE,5.398,0.300,-0.118,-0.003,0.000,0.000,0.000,0.000,0.0,0.0,0.0167,-0.0066,0.16,0.0012,-0.0005,0.20,-0.0065,0.15,
6.251,0,DRIVE,5.448,0.300,-0.118,-0.002,0.000,0.000,0.000,0.000,0.0,0.0,0.0167,-0.0066,0.14,0.0011,-0.0005,0.21,-0.0065,0.13,
6.303,0,DRIVE,5.500,0.300,-0.118,-0.003,0.000,0.000,0.000,0.000,0.0,0.0,0.0167,-0.0066,0.17,0.0011,-0.0005,0.23,-0.0065,0.17,
6.352,0,DRIVE,5.549,0.300,-0.118,-0.002,0.000,0.000,0.000,0.000,0.0,0.0,0.0167,-0.0066,0.15,0.0011,-0.0005,0.19,-0.0065,0.14,
6.401,0,DRIVE,5.598,0.300,-0.118,-0.003,0.000,0.000,0.000,0.000,0.0,0.0,0.0168,-0.0066,0.20,0.0011,-0.0005,0.22,-0.0066,0.20,
6.451,0,DRIVE,5.648,0.300,-0.118,-0.002,0.000,0.000,0.000,0.000,0.0,0.0,0.0165,-0.0065,0.14,0.0011,-0.0005,0.20,-0.0065,0.13,
6.502,0,DRIVE,5.699,0.300,-0.118,-0.003,0.000,0.000,0.000,0.000,0.0,0.0,0.0168,-0.0066,0.17,0.0011,-0.0005,0.23,-0.0066,0.16,
6.553,0,DRIVE,5.750,0.300,-0.118,-0.002,0.000,0.000,0.000,0.000,0.0,0.0,0.0164,-0.0065,0.15,0.0012,-0.0005,0.22,-0.0064,0.14,
6.601,0,DRIVE,5.798,0.300,-0.118,-0.003,0.000,0.000,0.000,0.000,0.0,0.0,0.0165,-0.0065,0.16,0.0012,-0.0005,0.22,-0.0064,0.15,
6.651,0,DRIVE,5.848,0.300,-0.118,-0.002,0.000,0.000,0.000,0.000,0.0,0.0,0.0165,-0.0065,0.12,0.0011,-0.0005,0.23,-0.0065,0.11,
6.702,0,DRIVE,5.899,0.300,-0.118,-0.002,0.000,0.000,0.000,0.000,0.0,0.0,0.0167,-0.0066,0.15,0.0011,-0.0005,0.24,-0.0065,0.14,
6.752,0,DRIVE,5.949,0.300,-0.118,-0.002,0.000,0.000,0.000,0.000,0.0,0.0,0.0163,-0.0064,0.13,0.0012,-0.0005,0.16,-0.0064,0.12,
6.803,0,DRIVE,6.000,0.300,-0.118,-0.002,0.000,0.000,0.000,0.000,0.0,0.0,0.0163,-0.0064,0.11,0.0011,-0.0005,0.22,-0.0063,0.10,
6.851,0,DRIVE,6.048,0.300,-0.118,-0.002,0.000,0.000,0.000,0.000,0.0,0.0,0.0165,-0.0065,0.11,0.0011,-0.0005,0.16,-0.0064,0.10,
6.901,0,DRIVE,6.098,0.300,-0.118,-0.002,0.000,0.000,0.000,0.000,0.0,0.0,0.0164,-0.0065,0.11,0.0011,-0.0005,0.18,-0.0064,0.10,
6.951,0,DRIVE,6.148,0.300,-0.118,-0.002,0.000,0.000,0.000,0.000,0.0,0.0,0.0165,-0.0065,0.13,0.0011,-0.0005,0.13,-0.0064,0.12,
7.001,0,DRIVE,6.198,0.300,-0.118,-0.002,0.000,0.000,0.000,0.000,0.0,0.0,0.0166,-0.0065,0.11,0.0011,-0.0005,0.13,-0.0065,0.10,
7.053,0,DRIVE,6.250,0.300,-0.118,-0.002,0.000,0.000,0.000,0.000,0.0,0.0,0.0166,-0.0065,0.11,0.0011,-0.0005,0.16,-0.0065,0.10,
7.102,0,DRIVE,6.299,0.300,-0.118,-0.002,0.000,0.000,0.000,0.000,0.0,0.0,0.0167,-0.0066,0.12,0.0011,-0.0005,0.19,-0.0065,0.11,
7.151,0,DRIVE,6.348,0.300,-0.118,-0.002,0.000,0.000,0.000,0.000,0.0,0.0,0.0164,-0.0065,0.11,0.0011,-0.0005,0.11,-0.0064,0.10,
7.201,0,DRIVE,6.398,0.300,-0.118,-0.002,0.000,0.000,0.000,0.000,0.0,0.0,0.0168,-0.0066,0.11,0.0011,-0.0005,0.12,-0.0066,0.10,
7.251,0,DRIVE,6.448,0.300,-0.118,-0.002,0.000,0.000,0.000,0.000,0.0,0.0,0.0166,-0.0065,0.11,0.0011,-0.0005,0.17,-0.0065,0.10,
7.304,0,DRIVE,6.501,0.300,-0.118,-0.002,0.000,0.000,0.000,0.000,0.0,0.0,0.0168,-0.0066,0.10,0.0011,-0.0005,0.14,-0.0065,0.10,
7.352,0,DRIVE,6.549,0.300,-0.118,-0.002,0.000,0.000,0.000,0.000,0.0,0.0,0.0167,-0.0065,0.12,0.0011,-0.0005,0.16,-0.0065,0.11,
7.401,0,DRIVE,6.598,0.300,-0.118,-0.002,0.000,0.000,0.000,0.000,0.0,0.0,0.0164,-0.0065,0.12,0.0011,-0.0005,0.19,-0.0064,0.11,
7.451,0,DRIVE,6.648,0.300,-0.118,-0.002,0.000,0.000,0.000,0.000,0.0,0.0,0.0166,-0.0065,0.10,0.0011,-0.0005,0.15,-0.0065,0.09,
7.502,0,DRIVE,6.698,0.300,-0.118,-0.002,0.000,0.000,0.000,0.000,0.0,0.0,0.0167,-0.0066,0.13,0.0011,-0.0005,0.16,-0.0065,0.12,
7.553,0,DRIVE,6.750,0.300,-0.118,-0.002,0.000,0.000,0.000,0.000,0.0,0.0,0.0164,-0.0065,0.11,0.0011,-0.0005,0.14,-0.0064,0.10,
7.602,0,DRIVE,6.799,0.300,-0.118,-0.002,0.000,0.000,0.000,0.000,0.0,0.0,0.0168,-0.0066,0.10,0.0011,-0.0005,0.16,-0.0066,0.09,
7.652,0,DRIVE,6.849,0.300,-0.118,-0.002,0.000,0.000,0.000,0.000,0.0,0.0,0.0166,-0.0065,0.13,0.0012,-0.0005,0.11,-0.0065,0.12,
7.702,0,DRIVE,6.899,0.300,-0.118,-0.002,0.000,0.000,0.000,0.000,0.0,0.0,0.0165,-0.0065,0.12,0.0011,-0.0005,0.18,-0.0064,0.11,
7.751,0,DRIVE,6.948,0.300,-0.118,-0.003,0.000,0.000,0.000,0.000,0.0,0.0,0.0179,-0.0070,0.15,0.0011,-0.0005,0.15,-0.0070,0.15,
7.804,0,DRIVE,7.001,0.300,-0.118,-0.002,0.000,0.000,0.000,0.000,0.0,0.0,0.0168,-0.0066,0.13,0.0011,-0.0005,0.13,-0.0065,0.12,
7.852,0,DRIVE,7.049,0.300,-0.118,-0.002,0.000,0.000,0.000,0.000,0.0,0.0,0.0165,-0.0065,0.10,0.0011,-0.0005,0.15,-0.0064,0.09,
7.901,0,DRIVE,7.098,0.300,-0.118,-0.002,0.000,0.000,0.000,0.000,0.0,0.0,0.0163,-0.0064,0.13,0.0011,-0.0005,0.14,-0.0064,0.12,
7.951,0,DRIVE,7.148,0.300,-0.118,-0.002,0.000,0.000,0.000,0.000,0.0,0.0,0.0166,-0.0065,0.11,0.0011,-0.0005,0.13,-0.0065,0.10,
8.002,0,DRIVE,7.199,0.300,-0.118,-0.002,0.000,0.000,0.000,0.000,0.0,0.0,0.0169,-0.0066,0.13,0.0011,-0.0005,0.18,-0.0066,0.13,
8.053,0,DRIVE,7.250,0.300,-0.118,-0.002,0.000,0.000,0.000,0.000,0.0,0.0,0.0165,-0.0065,0.11,0.0011,-0.0005,0.11,-0.0064,0.10,
8.101,0,DRIVE,7.298,0.300,-0.118,-0.002,0.000,0.000,0.000,0.000,0.0,0.0,0.0167,-0.0065,0.09,0.0011,-0.0004,0.13,-0.0065,0.09,
8.152,0,DRIVE,7.349,0.300,-0.118,-0.002,0.000,0.000,0.000,0.000,0.0,0.0,0.0169,-0.0066,0.10,0.0011,-0.0005,0.14,-0.0066,0.10,
8.201,0,DRIVE,7.398,0.300,-0.118,-0.002,0.000,0.000,0.000,0.000,0.0,0.0,0.0164,-0.0065,0.11,0.0011,-0.0005,0.16,-0.0064,0.10,
8.252,0,DRIVE,7.449,0.300,-0.118,-0.002,0.000,0.000,0.000,0.000,0.0,0.0,0.0167,-0.0066,0.10,0.0011,-0.0005,0.10,-0.0065,0.09,
8.304,0,DRIVE,7.501,0.300,-0.118,-0.001,0.000,0.000,0.000,0.000,0.0,0.0,0.0167,-0.0065,0.08,0.0011,-0.0005,0.15,-0.0065,0.07,
8.352,0,DRIVE,7.549,0.300,-0.118,-0.001,0.000,0.000,0.000,0.000,0.0,0.0,0.0164,-0.0064,0.08,0.0011,-0.0005,0.14,-0.0064,0.07,
8.401,0,DRIVE,7.598,0.300,-0.118,-0.002,0.000,0.000,0.000,0.000,0.0,0.0,0.0165,-0.0065,0.12,0.0011,-0.0005,0.13,-0.0064,0.12,
8.451,0,DRIVE,7.648,0.300,-0.118,-0.002,0.000,0.000,0.000,0.000,0.0,0.0,0.0165,-0.0065,0.10,0.0011,-0.0005,0.11,-0.0065,0.09,
8.501,0,DRIVE,7.698,0.300,-0.118,-0.002,0.000,0.000,0.000,0.000,0.0,0.0,0.0165,-0.0065,0.11,0.0011,-0.0004,0.15,-0.0064,0.10,
8.553,0,DRIVE,7.750,0.300,-0.118,-0.002,0.000,0.000,0.000,0.000,0.0,0.0,0.0168,-0.0066,0.10,0.0011,-0.0005,0.12,-0.0065,0.09,
8.601,0,DRIVE,7.798,0.300,-0.118,-0.002,0.000,0.000,0.000,0.000,0.0,0.0,0.0166,-0.0065,0.10,0.0011,-0.0005,0.14,-0.0065,0.09,
8.652,0,DRIVE,7.849,0.300,-0.118,-0.002,0.000,0.000,0.000,0.000,0.0,0.0,0.0169,-0.0067,0.12,0.0011,-0.0005,0.13,-0.0066,0.11,
8.701,0,DRIVE,7.898,0.300,-0.118,-0.002,0.000,0.000,0.000,0.000,0.0,0.0,0.0166,-0.0065,0.10,0.0011,-0.0005,0.13,-0.0065,0.10,
8.752,0,DRIVE,7.949,0.300,-0.118,-0.002,0.000,0.000,0.000,0.000,0.0,0.0,0.0167,-0.0066,0.10,0.0011,-0.0005,0.11,-0.0065,0.10,
8.803,0,DRIVE,8.000,0.300,-0.118,-0.002,0.000,0.000,0.000,0.000,0.0,0.0,0.0165,-0.0065,0.11,0.0011,-0.0005,0.16,-0.0064,0.10,
8.851,0,DRIVE,8.048,0.300,-0.118,-0.001,0.000,0.000,0.000,0.000,0.0,0.0,0.0164,-0.0065,0.09,0.0011,-0.0005,0.14,-0.0064,0.08,
8.901,0,DRIVE,8.098,0.300,-0.118,-0.002,0.000,0.000,0.000,0.000,0.0,0.0,0.0165,-0.0065,0.11,0.0011,-0.0005,0.13,-0.0064,0.10,
8.951,0,DRIVE,8.148,0.300,-0.118,-0.001,0.000,0.000,0.000,0.000,0.0,0.0,0.0166,-0.0065,0.08,0.0011,-0.0005,0.08,-0.0065,0.07,
9.001,0,DRIVE,8.198,0.300,-0.118,-0.002,0.000,0.000,0.000,0.000,0.0,0.0,0.0166,-0.0065,0.10,0.0011,-0.0004,0.13,-0.0064,0.10,
9.053,0,DRIVE,8.250,0.300,-0.118,-0.002,0.000,0.000,0.000,0.000,0.0,0.0,0.0169,-0.0066,0.11,0.0011,-0.0005,0.13,-0.0066,0.10,
9.101,0,DRIVE,8.298,0.300,-0.118,-0.001,0.000,0.000,0.000,0.000,0.0,0.0,0.0164,-0.0064,0.09,0.0011,-0.0005,0.15,-0.0064,0.08,
9.151,0,DRIVE,8.348,0.300,-0.118,-0.002,0.000,0.000,0.000,0.000,0.0,0.0,0.0166,-0.0065,0.10,0.0011,-0.0005,0.15,-0.0065,0.10,
9.202,0,DRIVE,8.399,0.300,-0.118,-0.002,0.000,0.000,0.000,0.000,0.0,0.0,0.0168,-0.0066,0.10,0.0011,-0.0005,0.13,-0.0065,0.09,
9.252,0,DRIVE,8.449,0.300,-0.118,-0.001,0.000,0.000,0.000,0.000,0.0,0.0,0.0164,-0.0065,0.09,0.0011,-0.0005,0.13,-0.0064,0.08,
9.304,0,DRIVE,8.501,0.300,-0.118,-0.002,0.000,0.000,0.000,0.000,0.0,0.0,0.0167,-0.0065,0.10,0.0011,-0.0005,0.11,-0.0065,0.09,
9.352,0,DRIVE,8.549,0.300,-0.118,-0.002,0.000,0.000,0.000,0.000,0.0,0.0,0.0163,-0.0064,0.10,0.0011,-0.0005,0.15,-0.0064,0.09,
9.401,0,DRIVE,8.599,0.300,-0.118,-0.002,0.000,0.000,0.000,0.000,0.0,0.0,0.0163,-0.0064,0.10,0.0011,-0.0005,0.18,-0.0064,0.09,
9.451,0,DRIVE,8.648,0.300,-0.118,-0.002,0.000,0.000,0.000,0.000,0.0,0.0,0.0165,-0.0065,0.10,0.0011,-0.0005,0.13,-0.0064,0.09,
9.502,0,DRIVE,8.699,0.300,-0.118,-0.002,0.000,0.000,0.000,0.000,0.0,0.0,0.0166,-0.0065,0.10,0.0011,-0.0005,0.16,-0.0065,0.09,
9.555,0,DRIVE,8.752,0.300,-0.118,-0.002,0.000,0.000,0.000,0.000,0.0,0.0,0.0170,-0.0067,0.10,0.0011,-0.0005,0.15,-0.0066,0.09,
9.603,0,DRIVE,8.800,0.300,-0.118,-0.002,0.000,0.000,0.000,0.000,0.0,0.0,0.0167,-0.0065,0.11,0.0011,-0.0005,0.14,-0.0065,0.10,
9.651,0,DRIVE,8.848,0.300,-0.118,-0.001,0.000,0.000,0.000,0.000,0.0,0.0,0.0160,-0.0063,0.07,0.0011,-0.0004,0.09,-0.0062,0.06,
9.701,0,DRIVE,8.899,0.300,-0.118,-0.001,0.000,0.000,0.000,0.000,0.0,0.0,0.0166,-0.0065,0.08,0.0011,-0.0005,0.13,-0.0065,0.07,
9.752,0,DRIVE,8.949,0.300,-0.118,-0.001,0.000,0.000,0.000,0.000,0.0,0.0,0.0167,-0.0065,0.08,0.0011,-0.0004,0.06,-0.0065,0.08,
9.803,0,DRIVE,9.000,0.300,-0.118,-0.001,0.000,0.000,0.000,0.000,0.0,0.0,0.0166,-0.0065,0.08,0.0011,-0.0004,0.08,-0.0064,0.07,
9.852,0,DRIVE,9.049,0.300,-0.118,-0.001,0.000,0.000,0.000,0.000,0.0,0.0,0.0168,-0.0066,0.08,0.0011,-0.0004,0.09,-0.0065,0.07,
9.903,0,DRIVE,9.099,0.300,-0.118,-0.001,0.000,0.000,0.000,0.000,0.0,0.0,0.0168,-0.0066,0.06,0.0011,-0.0004,0.06,-0.0065,0.05,
9.952,0,DRIVE,9.149,0.300,-0.118,-0.001,0.000,0.000,0.000,0.000,0.0,0.0,0.0162,-0.0064,0.05,0.0011,-0.0004,0.05,-0.0063,0.04,
10.002,0,DRIVE,9.199,0.300,-0.118,-0.001,0.000,0.000,0.000,0.000,0.0,0.0,0.0168,-0.0066,0.05,0.0011,-0.0004,0.05,-0.0065,0.04,
10.053,0,DRIVE,9.250,0.300,-0.118,-0.000,0.000,0.000,0.000,0.000,0.0,0.0,0.0162,-0.0063,0.03,0.0011,-0.0004,0.04,-0.0063,0.03,
10.101,0,DRIVE,9.298,0.300,-0.118,-0.001,0.000,0.000,0.000,0.000,0.0,0.0,0.0165,-0.0065,0.05,0.0011,-0.0004,0.12,-0.0064,0.05,
10.151,0,DRIVE,9.348,0.300,-0.118,0.000,0.000,0.000,0.000,0.000,0.0,0.0,0.0182,-0.0071,0.01,0.0011,-0.0004,0.12,-0.0071,-0.00,
10.201,0,DRIVE,9.398,0.300,-0.118,-0.001,0.000,0.000,0.000,0.000,0.0,0.0,0.0163,-0.0064,0.07,0.0011,-0.0004,0.06,-0.0063,0.06,
10.252,0,DRIVE,9.449,0.300,-0.118,-0.000,0.000,0.000,0.000,0.000,0.0,0.0,0.0166,-0.0065,0.03,0.0011,-0.0004,0.02,-0.0064,0.02,
10.304,0,DRIVE,9.501,0.300,-0.118,-0.001,0.000,0.000,0.000,0.000,0.0,0.0,0.0167,-0.0065,0.06,0.0011,-0.0004,0.05,-0.0065,0.05,
10.352,0,DRIVE,9.549,0.300,-0.118,-0.001,0.000,0.000,0.000,0.000,0.0,0.0,0.0167,-0.0065,0.05,0.0011,-0.0004,0.04,-0.0065,0.04,
10.401,0,DRIVE,9.598,0.300,-0.118,-0.001,0.000,0.000,0.000,0.000,0.0,0.0,0.0166,-0.0065,0.07,0.0011,-0.0004,0.09,-0.0064,0.06,
10.453,0,DRIVE,9.650,0.300,-0.118,-0.001,0.000,0.000,0.000,0.000,0.0,0.0,0.0171,-0.0067,0.05,0.0011,-0.0004,0.04,-0.0067,0.04,
10.503,0,DRIVE,9.700,0.300,-0.118,-0.001,0.000,0.000,0.000,0.000,0.0,0.0,0.0164,-0.0064,0.06,0.0011,-0.0004,0.08,-0.0064,0.05,
10.554,0,DRIVE,9.751,0.300,-0.118,-0.001,0.000,0.000,0.000,0.000,0.0,0.0,0.0166,-0.0065,0.05,0.0011,-0.0004,0.05,-0.0065,0.04,
10.601,0,DRIVE,9.798,0.300,-0.118,-0.001,0.000,0.000,0.000,0.000,0.0,0.0,0.0162,-0.0064,0.04,0.0011,-0.0004,0.06,-0.0063,0.03,
10.651,0,DRIVE,9.848,0.300,-0.118,-0.001,0.000,0.000,0.000,0.000,0.0,0.0,0.0166,-0.0065,0.04,0.0011,-0.0004,0.06,-0.0064,0.04,
10.702,0,DRIVE,9.899,0.300,-0.118,-0.001,0.000,0.000,0.000,0.000,0.0,0.0,0.0169,-0.0066,0.06,0.0011,-0.0004,0.05,-0.0066,0.05,
10.752,0,DRIVE,9.949,0.300,-0.118,-0.001,0.000,0.000,0.000,0.000,0.0,0.0,0.0167,-0.0066,0.04,0.0011,-0.0004,0.03,-0.0065,0.03,
10.803,0,DRIVE,10.000,0.300,-0.118,-0.001,0.000,0.000,0.000,0.000,0.0,0.0,0.0164,-0.0064,0.05,0.0011,-0.0004,0.07,-0.0063,0.04,
10.852,0,DRIVE,10.049,0.300,-0.118,-0.001,0.000,0.000,0.000,0.000,0.0,0.0,0.0167,-0.0066,0.04,0.0011,-0.0004,0.05,-0.0065,0.03,
10.901,0,DRIVE,10.098,0.300,-0.118,-0.000,0.000,0.000,0.000,0.000,0.0,0.0,0.0163,-0.0064,0.03,0.0011,-0.0004,0.01,-0.0063,0.03,
10.951,0,DRIVE,10.148,0.300,-0.118,-0.001,0.000,0.000,0.000,0.000,0.0,0.0,0.0166,-0.0065,0.04,0.0011,-0.0004,0.02,-0.0064,0.03,
11.002,0,DRIVE,10.199,0.300,-0.118,-0.001,0.000,0.000,0.000,0.000,0.0,0.0,0.0168,-0.0066,0.05,0.0011,-0.0004,0.07,-0.0065,0.04,
11.054,0,DRIVE,10.251,0.300,-0.118,-0.000,0.000,0.000,0.000,0.000,0.0,0.0,0.0165,-0.0065,0.03,0.0011,-0.0004,0.01,-0.0064,0.02,
11.101,0,DRIVE,10.298,0.300,-0.118,-0.000,0.000,0.000,0.000,0.000,0.0,0.0,0.0164,-0.0064,0.03,0.0011,-0.0004,0.03,-0.0063,0.02,
11.151,0,DRIVE,10.348,0.300,-0.118,-0.000,0.000,0.000,0.000,0.000,0.0,0.0,0.0167,-0.0066,0.03,0.0011,-0.0004,0.02,-0.0065,0.02,
11.202,0,DRIVE,10.399,0.300,-0.118,-0.001,0.000,0.000,0.000,0.000,0.0,0.0,0.0168,-0.0066,0.05,0.0011,-0.0004,0.08,-0.0065,0.04,
11.252,0,DRIVE,10.449,0.300,-0.118,-0.001,0.000,0.000,0.000,0.000,0.0,0.0,0.0167,-0.0065,0.04,0.0011,-0.0004,0.02,-0.0065,0.04,
11.303,0,DRIVE,10.500,0.300,-0.118,-0.000,0.000,0.000,0.000,0.000,0.0,0.0,0.0166,-0.0065,0.03,0.0011,-0.0004,0.04,-0.0064,0.02,
11.351,0,DRIVE,10.548,0.300,-0.118,-0.000,0.000,0.000,0.000,0.000,0.0,0.0,0.0168,-0.0066,0.04,0.0011,-0.0004,0.01,-0.0065,0.03,
11.402,0,DRIVE,10.599,0.300,-0.118,-0.000,0.000,0.000,0.000,0.000,0.0,0.0,0.0168,-0.0065,0.02,0.0011,-0.0004,0.01,-0.0065,0.01,
11.451,0,DRIVE,10.648,0.300,-0.118,-0.000,0.000,0.000,0.000,0.000,0.0,0.0,0.0165,-0.0064,0.01,0.0011,-0.0004,-0.01,-0.0064,0.00,
11.501,0,DRIVE,10.698,0.300,-0.118,-0.000,0.000,0.000,0.000,0.000,0.0,0.0,0.0167,-0.0065,0.03,0.0011,-0.0004,0.01,-0.0065,0.02,
11.553,0,DRIVE,10.750,0.300,-0.118,-0.000,0.000,0.000,0.000,0.000,0.0,0.0,0.0166,-0.0065,0.01,0.0011,-0.0004,0.01,-0.0064,0.00,
11.602,0,DRIVE,10.799,0.300,-0.118,-0.000,0.000,0.000,0.000,0.000,0.0,0.0,0.0166,-0.0065,0.03,0.0011,-0.0004,0.05,-0.0064,0.02,
11.652,0,DRIVE,10.849,0.300,-0.118,-0.000,0.000,0.000,0.000,0.000,0.0,0.0,0.0169,-0.0066,0.02,0.0011,-0.0004,-0.03,-0.0066,0.01,
11.701,0,DRIVE,10.898,0.300,-0.118,-0.001,0.000,0.000,0.000,0.000,0.0,0.0,0.0164,-0.0064,0.04,0.0011,-0.0004,0.04,-0.0064,0.03,
11.752,0,DRIVE,10.949,0.300,-0.118,-0.000,0.000,0.000,0.000,0.000,0.0,0.0,0.0167,-0.0065,0.01,0.0011,-0.0004,-0.01,-0.0065,0.00,
11.803,0,DRIVE,11.000,0.300,-0.118,-0.000,0.000,0.000,0.000,0.000,0.0,0.0,0.0164,-0.0064,0.02,0.0011,-0.0004,0.03,-0.0064,0.01,
11.852,0,DRIVE,11.049,0.300,-0.118,-0.000,0.000,0.000,0.000,0.000,0.0,0.0,0.0168,-0.0066,0.01,0.0011,-0.0004,0.02,-0.0065,0.01,
11.901,0,DRIVE,11.098,0.300,-0.118,-0.000,0.000,0.000,0.000,0.000,0.0,0.0,0.0163,-0.0064,0.01,0.0011,-0.0004,-0.00,-0.0063,0.00,
11.951,0,DRIVE,11.148,0.300,-0.118,0.000,0.000,0.000,0.000,0.000,0.0,0.0,0.0164,-0.0064,0.01,0.0011,-0.0004,-0.00,-0.0064,-0.00,
12.001,0,DRIVE,11.198,0.300,-0.118,-0.000,0.000,0.000,0.000,0.000,0.0,0.0,0.0168,-0.0065,0.01,0.0011,-0.0004,0.02,-0.0065,0.00,
12.053,0,DRIVE,11.250,0.300,-0.118,-0.000,0.000,0.000,0.000,0.000,0.0,0.0,0.0165,-0.0065,0.02,0.0011,-0.0004,0.01,-0.0064,0.01,
12.102,0,DRIVE,11.299,0.300,-0.118,-0.000,0.000,0.000,0.000,0.000,0.0,0.0,0.0167,-0.0065,0.03,0.0011,-0.0004,0.08,-0.0065,0.02,
12.151,0,DRIVE,11.348,0.300,-0.118,-0.000,0.000,0.000,0.000,0.000,0.0,0.0,0.0162,-0.0064,0.01,0.0011,-0.0004,-0.01,-0.0063,0.00,
12.201,0,DRIVE,11.398,0.300,-0.118,-0.000,0.000,0.000,0.000,0.000,0.0,0.0,0.0166,-0.0065,0.03,0.0011,-0.0004,0.02,-0.0064,0.02,
12.252,0,DRIVE,11.449,0.300,-0.118,-0.000,0.000,0.000,0.000,0.000,0.0,0.0,0.0169,-0.0066,0.02,0.0011,-0.0004,0.02,-0.0065,0.01,
12.303,0,DRIVE,11.501,0.300,-0.118,-0.000,0.000,0.000,0.000,0.000,0.0,0.0,0.0166,-0.0065,0.03,0.0011,-0.0004,0.08,-0.0064,0.02,
12.352,0,DRIVE,11.549,0.300,-0.118,-0.000,0.000,0.000,0.000,0.000,0.0,0.0,0.0168,-0.0066,0.02,0.0011,-0.0004,0.01,-0.0065,0.01,
12.401,0,DRIVE,11.598,0.300,-0.118,-0.000,0.000,0.000,0.000,0.000,0.0,0.0,0.0165,-0.0064,0.02,0.0011,-0.0004,0.04,-0.0064,0.02,
12.451,0,DRIVE,11.648,0.300,-0.118,0.000,0.000,0.000,0.000,0.000,0.0,0.0,0.0166,-0.0065,0.01,0.0011,-0.0004,-0.02,-0.0064,-0.00,
12.504,0,DRIVE,11.701,0.300,-0.118,-0.000,0.000,0.000,0.000,0.000,0.0,0.0,0.0172,-0.0067,0.01,0.0011,-0.0004,0.00,-0.0067,0.00,
12.553,0,DRIVE,11.750,0.300,-0.118,-0.000,0.000,0.000,0.000,0.000,0.0,0.0,0.0160,-0.0063,0.01,0.0011,-0.0004,-0.02,-0.0062,0.00,
12.601,0,DRIVE,11.798,0.300,-0.118,-0.000,0.000,0.000,0.000,0.000,0.0,0.0,0.0166,-0.0065,0.02,0.0011,-0.0004,0.03,-0.0064,0.01,
12.652,0,DRIVE,11.849,0.300,-0.118,-0.000,0.000,0.000,0.000,0.000,0.0,0.0,0.0168,-0.0066,0.02,0.0011,-0.0004,0.02,-0.0065,0.01,
12.701,0,DRIVE,11.898,0.300,-0.118,-0.001,0.000,0.000,0.000,0.000,0.0,0.0,0.0164,-0.0064,0.04,0.0011,-0.0004,0.04,-0.0064,0.03,
12.751,0,DRIVE,11.948,0.300,-0.118,-0.000,0.000,0.000,0.000,0.000,0.0,0.0,0.0166,-0.0065,0.03,0.0011,-0.0004,-0.01,-0.0065,0.03,
12.803,0,DRIVE,12.000,0.300,-0.118,-0.000,0.000,0.000,0.000,0.000,0.0,0.0,0.0165,-0.0064,0.03,0.0011,-0.0004,0.04,-0.0064,0.03,
12.851,0,DRIVE,12.048,0.300,-0.118,-0.000,0.000,0.000,0.000,0.000,0.0,0.0,0.0169,-0.0066,0.03,0.0011,-0.0004,0.01,-0.0066,0.02,
12.901,0,DRIVE,12.098,0.300,-0.118,-0.000,0.000,0.000,0.000,0.000,0.0,0.0,0.0166,-0.0065,0.02,0.0011,-0.0004,0.04,-0.0064,0.02,
12.952,0,DRIVE,12.149,0.300,-0.118,0.000,0.000,0.000,0.000,0.000,0.0,0.0,0.0169,-0.0066,0.00,0.0011,-0.0004,0.02,-0.0066,-0.01,
13.002,0,DRIVE,12.199,0.300,-0.118,-0.000,0.000,0.000,0.000,0.000,0.0,0.0,0.0165,-0.0064,0.02,0.0011,-0.0004,0.01,-0.0064,0.01,
13.053,0,DRIVE,12.250,0.300,-0.118,-0.000,0.000,0.000,0.000,0.000,0.0,0.0,0.0164,-0.0064,0.01,0.0011,-0.0004,-0.01,-0.0064,0.01,
13.101,0,DRIVE,12.298,0.300,-0.118,-0.000,0.000,0.000,0.000,0.000,0.0,0.0,0.0167,-0.0065,0.03,0.0011,-0.0004,0.03,-0.0065,0.02,
13.151,0,DRIVE,12.348,0.300,-0.118,-0.000,0.000,0.000,0.000,0.000,0.0,0.0,0.0164,-0.0064,0.02,0.0011,-0.0004,0.03,-0.0064,0.01,
13.201,0,DRIVE,12.398,0.300,-0.118,-0.001,0.000,0.000,0.000,0.000,0.0,0.0,0.0165,-0.0065,0.04,0.0011,-0.0004,0.04,-0.0064,0.03,
13.252,0,DRIVE,12.449,0.300,-0.118,-0.000,0.000,0.000,0.000,0.000,0.0,0.0,0.0165,-0.0065,0.03,0.0011,-0.0004,0.04,-0.0064,0.02,
13.303,0,DRIVE,12.500,0.300,-0.118,-0.000,0.000,0.000,0.000,0.000,0.0,0.0,0.0164,-0.0064,0.02,0.0011,-0.0004,0.04,-0.0063,0.02,
13.351,0,DRIVE,12.548,0.300,-0.118,-0.000,0.000,0.000,0.000,0.000,0.0,0.0,0.0166,-0.0065,0.02,0.0011,-0.0004,0.01,-0.0064,0.01,
13.403,0,DRIVE,12.600,0.300,-0.118,-0.000,0.000,0.000,0.000,0.000,0.0,0.0,0.0169,-0.0066,0.02,0.0011,-0.0004,0.03,-0.0065,0.01,
13.451,0,DRIVE,12.648,0.300,-0.118,-0.000,0.000,0.000,0.000,0.000,0.0,0.0,0.0162,-0.0063,0.03,0.0011,-0.0004,0.03,-0.0063,0.02,
13.502,0,DRIVE,12.699,0.300,-0.118,-0.000,0.000,0.000,0.000,0.000,0.0,0.0,0.0168,-0.0066,0.03,0.0011,-0.0004,0.08,-0.0065,0.02,
13.554,0,DRIVE,12.751,0.300,-0.118,-0.000,0.000,0.000,0.000,0.000,0.0,0.0,0.0165,-0.0064,0.03,0.0011,-0.0004,0.01,-0.0064,0.02,
13.601,0,DRIVE,12.798,0.300,-0.118,-0.000,0.000,0.000,0.000,0.000,0.0,0.0,0.0164,-0.0064,0.03,0.0011,-0.0004,0.06,-0.0064,0.03,
13.651,0,DRIVE,12.848,0.300,-0.118,-0.000,0.000,0.000,0.000,0.000,0.0,0.0,0.0166,-0.0065,0.03,0.0011,-0.0004,0.02,-0.0064,0.02,
13.701,0,DRIVE,12.898,0.300,-0.118,-0.001,0.000,0.000,0.000,0.000,0.0,0.0,0.0167,-0.0065,0.04,0.0011,-0.0004,0.03,-0.0065,0.03,
13.752,0,DRIVE,12.949,0.300,-0.118,-0.000,0.000,0.000,0.000,0.000,0.0,0.0,0.0170,-0.0066,0.03,0.0011,-0.0004,0.03,-0.0066,0.03,
13.803,0,DRIVE,13.000,0.300,-0.118,-0.000,0.000,0.000,0.000,0.000,0.0,0.0,0.0163,-0.0064,0.03,0.0011,-0.0004,0.04,-0.0063,0.03,
13.851,0,DRIVE,13.048,0.300,-0.118,-0.000,0.000,0.000,0.000,0.000,0.0,0.0,0.0165,-0.0065,0.01,0.0011,-0.0004,-0.00,-0.0064,0.01,
13.901,0,DRIVE,13.098,0.300,-0.118,-0.000,0.000,0.000,0.000,0.000,0.0,0.0,0.0167,-0.0065,0.03,0.0011,-0.0004,0.03,-0.0065,0.02,
13.952,0,DRIVE,13.149,0.300,-0.118,-0.000,0.000,0.000,0.000,0.000,0.0,0.0,0.0168,-0.0066,0.02,0.0011,-0.0004,-0.01,-0.0065,0.01,
14.002,0,DRIVE,13.199,0.300,-0.118,-0.000,0.000,0.000,0.000,0.000,0.0,0.0,0.0166,-0.0065,0.02,0.0011,-0.0004,0.06,-0.0064,0.01,
14.053,0,DRIVE,13.250,0.300,-0.118,-0.000,0.000,0.000,0.000,0.000,0.0,0.0,0.0165,-0.0065,0.02,0.0011,-0.0004,0.03,-0.0064,0.01,
14.101,0,DRIVE,13.298,0.300,-0.118,-0.000,0.000,0.000,0.000,0.000,0.0,0.0,0.0167,-0.0065,0.02,0.0011,-0.0004,0.04,-0.0065,0.01,
14.152,0,DRIVE,13.349,0.300,-0.118,-0.000,0.000,0.000,0.000,0.000,0.0,0.0,0.0168,-0.0066,0.03,0.0011,-0.0004,0.01,-0.0065,0.02,
14.202,0,DRIVE,13.399,0.300,-0.118,-0.001,0.000,0.000,0.000,0.000,0.0,0.0,0.0168,-0.0066,0.04,0.0011,-0.0004,0.05,-0.0065,0.03,
14.252,0,DRIVE,13.449,0.300,-0.118,-0.000,0.000,0.000,0.000,0.000,0.0,0.0,0.0164,-0.0064,0.02,0.0011,-0.0004,0.01,-0.0064,0.01,
14.303,0,DRIVE,13.500,0.300,-0.118,-0.000,0.000,0.000,0.000,0.000,0.0,0.0,0.0168,-0.0066,0.02,0.0011,-0.0004,0.02,-0.0065,0.01,
14.351,0,DRIVE,13.548,0.300,-0.118,-0.000,0.000,0.000,0.000,0.000,0.0,0.0,0.0164,-0.0064,0.01,0.0011,-0.0004,-0.03,-0.0064,0.01,
14.401,0,DRIVE,13.598,0.300,-0.118,0.000,0.000,0.000,0.000,0.000,0.0,0.0,0.0174,-0.0068,-0.00,0.0011,-0.0004,0.02,-0.0068,-0.01,
14.451,0,DRIVE,13.648,0.300,-0.118,-0.000,0.000,0.000,0.000,0.000,0.0,0.0,0.0181,-0.0070,0.03,0.0011,-0.0004,0.05,-0.0070,0.02,
14.501,0,DRIVE,13.698,0.300,-0.118,0.000,0.000,0.000,0.000,0.000,0.0,0.0,0.0182,-0.0071,0.00,0.0011,-0.0004,0.05,-0.0071,-0.00,
14.553,0,DRIVE,13.750,0.300,-0.118,-0.000,0.000,0.000,0.000,0.000,0.0,0.0,0.0164,-0.0064,0.01,0.0011,-0.0004,-0.01,-0.0063,0.00,
14.601,0,DRIVE,13.798,0.300,-0.118,-0.000,0.000,0.000,0.000,0.000,0.0,0.0,0.0167,-0.0065,0.01,0.0011,-0.0004,-0.00,-0.0064,0.00,
14.652,0,DRIVE,13.849,0.300,-0.118,0.000,0.000,0.000,0.000,0.000,0.0,0.0,0.0168,-0.0066,0.01,0.0011,-0.0004,-0.01,-0.0065,-0.00,
14.701,0,DRIVE,13.898,0.300,-0.118,-0.000,0.000,0.000,0.000,0.000,0.0,0.0,0.0165,-0.0064,0.03,0.0011,-0.0004,0.01,-0.0064,0.02,
14.753,0,DRIVE,13.950,0.300,-0.118,-0.000,0.000,0.000,0.000,0.000,0.0,0.0,0.0172,-0.0067,0.02,0.0011,-0.0004,0.03,-0.0067,0.01,
14.804,0,DRIVE,14.001,0.300,-0.118,-0.000,0.000,0.000,0.000,0.000,0.0,0.0,0.0166,-0.0065,0.01,0.0011,-0.0004,0.00,-0.0064,0.00,
14.852,0,DRIVE,14.049,0.300,-0.118,-0.000,0.000,0.000,0.000,0.000,0.0,0.0,0.0166,-0.0065,0.02,0.0011,-0.0004,0.01,-0.0064,0.01,
14.901,0,DRIVE,14.098,0.300,-0.118,-0.000,0.000,0.000,0.000,0.000,0.0,0.0,0.0167,-0.0065,0.02,0.0011,-0.0004,0.03,-0.0065,0.02,
14.952,0,DRIVE,14.149,0.300,-0.118,-0.000,0.000,0.000,0.000,0.000,0.0,0.0,0.0167,-0.0065,0.01,0.0011,-0.0004,-0.01,-0.0065,0.01,
15.001,0,DRIVE,14.198,0.300,-0.118,0.000,0.000,0.000,0.000,0.000,0.0,0.0,0.0166,-0.0065,0.00,0.0011,-0.0004,0.01,-0.0064,-0.01,
15.054,0,DRIVE,14.251,0.300,-0.118,0.000,0.000,0.000,0.000,0.000,0.0,0.0,0.0166,-0.0065,0.01,0.0011,-0.0004,-0.00,-0.0064,-0.00,
15.102,0,DRIVE,14.299,0.300,-0.118,-0.000,0.000,0.000,0.000,0.000,0.0,0.0,0.0166,-0.0065,0.03,0.0011,-0.0004,0.02,-0.0064,0.02,
15.152,0,DRIVE,14.349,0.300,-0.118,-0.000,0.000,0.000,0.000,0.000,0.0,0.0,0.0165,-0.0064,0.03,0.0011,-0.0004,0.03,-0.0064,0.02,
15.202,0,DRIVE,14.399,0.300,-0.118,-0.001,0.000,0.000,0.000,0.000,0.0,0.0,0.0166,-0.0065,0.04,0.0011,-0.0004,0.07,-0.0065,0.03,
15.252,0,DRIVE,14.449,0.300,-0.118,-0.000,0.000,0.000,0.000,0.000,0.0,0.0,0.0165,-0.0064,0.03,0.0011,-0.0004,0.03,-0.0064,0.02,
15.303,0,DRIVE,14.500,0.300,-0.118,-0.001,0.000,0.000,0.000,0.000,0.0,0.0,0.0164,-0.0064,0.04,0.0011,-0.0004,0.08,-0.0063,0.04,
15.352,0,DRIVE,14.549,0.300,-0.118,-0.000,0.000,0.000,0.000,0.000,0.0,0.0,0.0167,-0.0066,0.03,0.0011,-0.0004,0.03,-0.0065,0.03,
15.402,0,DRIVE,14.599,0.300,-0.118,-0.001,0.000,0.000,0.000,0.000,0.0,0.0,0.0166,-0.0065,0.04,0.0011,-0.0004,0.05,-0.0064,0.03,
15.452,0,DRIVE,14.649,0.300,-0.118,-0.000,0.000,0.000,0.000,0.000,0.0,0.0,0.0167,-0.0065,0.02,0.0011,-0.0004,0.04,-0.0065,0.01,
15.502,0,DRIVE,14.699,0.300,-0.118,-0.001,0.000,0.000,0.000,0.000,0.0,0.0,0.0166,-0.0065,0.04,0.0011,-0.0004,0.04,-0.0064,0.03,
15.553,0,DRIVE,14.750,0.300,-0.118,-0.000,0.000,0.000,0.000,0.000,0.0,0.0,0.0163,-0.0064,0.01,0.0011,-0.0004,0.01,-0.0063,0.00,
15.601,0,DRIVE,14.798,0.300,-0.118,-0.000,0.000,0.000,0.000,0.000,0.0,0.0,0.0165,-0.0064,0.03,0.0011,-0.0004,0.06,-0.0064,0.02,
15.651,0,DRIVE,14.848,0.300,-0.118,-0.000,0.000,0.000,0.000,0.000,0.0,0.0,0.0166,-0.0065,0.01,0.0011,-0.0004,-0.00,-0.0065,0.01,
15.703,0,DRIVE,14.900,0.300,-0.118,-0.000,0.000,0.000,0.000,0.000,0.0,0.0,0.0170,-0.0066,0.02,0.0011,-0.0004,0.02,-0.0066,0.01,
15.752,0,DRIVE,14.949,0.300,-0.118,0.000,0.000,0.000,0.000,0.000,0.0,0.0,0.0162,-0.0064,0.01,0.0011,-0.0004,-0.01,-0.0063,-0.00,
15.804,0,DRIVE,15.001,0.300,-0.118,-0.000,0.000,0.000,0.000,0.000,0.0,0.0,0.0165,-0.0065,0.02,0.0011,-0.0004,0.03,-0.0064,0.02,
15.851,0,DRIVE,15.048,0.300,-0.118,-0.000,0.000,0.000,0.000,0.000,0.0,0.0,0.0195,-0.0076,0.02,0.0011,-0.0004,0.01,-0.0075,0.01,
15.901,0,DRIVE,15.098,0.300,-0.118,-0.000,0.000,0.000,0.000,0.000,0.0,0.0,0.0163,-0.0064,0.02,0.0011,-0.0004,0.02,-0.0063,0.01,
15.952,0,DRIVE,15.149,0.300,-0.118,0.000,0.000,0.000,0.000,0.000,0.0,0.0,0.0171,-0.0067,0.01,0.0011,-0.0004,0.01,-0.0066,-0.00,
16.001,0,DRIVE,15.198,0.300,-0.118,-0.001,0.000,0.000,0.000,0.000,0.0,0.0,0.0164,-0.0064,0.05,0.0011,-0.0004,0.04,-0.0064,0.04,
16.054,0,DRIVE,15.251,0.300,-0.118,-0.000,0.000,0.000,0.000,0.000,0.0,0.0,0.0167,-0.0065,0.01,0.0011,-0.0004,-0.00,-0.0065,0.01,
16.102,0,DRIVE,15.299,0.300,-0.118,-0.001,0.000,0.000,0.000,0.000,0.0,0.0,0.0168,-0.0066,0.04,0.0011,-0.0004,0.06,-0.0065,0.04,
16.151,0,DRIVE,15.348,0.300,-0.118,-0.000,0.000,0.000,0.000,0.000,0.0,0.0,0.0163,-0.0064,0.03,0.0011,-0.0004,0.08,-0.0063,0.03,
16.202,0,DRIVE,15.399,0.300,-0.118,-0.001,0.000,0.000,0.000,0.000,0.0,0.0,0.0169,-0.0066,0.06,0.0011,-0.0004,0.07,-0.0065,0.05,
16.252,0,DRIVE,15.449,0.300,-0.118,-0.000,0.000,0.000,0.000,0.000,0.0,0.0,0.0164,-0.0064,0.02,0.0011,-0.0004,0.06,-0.0064,0.01,
16.303,0,DRIVE,15.500,0.300,-0.118,-0.001,0.000,0.000,0.000,0.000,0.0,0.0,0.0166,-0.0065,0.04,0.0011,-0.0004,0.02,-0.0064,0.03,
16.352,0,DRIVE,15.549,0.300,-0.118,-0.000,0.000,0.000,0.000,0.000,0.0,0.0,0.0168,-0.0066,0.01,0.0011,-0.0004,-0.01,-0.0065,0.01,
16.402,0,DRIVE,15.600,0.300,-0.118,-0.001,0.000,0.000,0.000,0.000,0.0,0.0,0.0168,-0.0066,0.04,0.0011,-0.0004,0.02,-0.0065,0.03,
16.452,0,DRIVE,15.649,0.300,-0.118,0.000,0.000,0.000,0.000,0.000,0.0,0.0,0.0164,-0.0064,0.01,0.0011,-0.0004,0.02,-0.0064,-0.00,
16.502,0,DRIVE,15.699,0.300,-0.118,-0.001,0.000,0.000,0.000,0.000,0.0,0.0,0.0173,-0.0068,0.04,0.0011,-0.0004,0.09,-0.0067,0.03,
16.554,0,DRIVE,15.751,0.300,-0.118,-0.000,0.000,0.000,0.000,0.000,0.0,0.0,0.0166,-0.0065,0.03,0.0011,-0.0004,0.01,-0.0065,0.03,
16.602,0,DRIVE,15.799,0.300,-0.118,-0.001,0.000,0.000,0.000,0.000,0.0,0.0,0.0165,-0.0065,0.04,0.0011,-0.0004,0.04,-0.0064,0.03,
16.654,0,DRIVE,15.851,0.300,-0.118,-0.000,0.000,0.000,0.000,0.000,0.0,0.0,0.0171,-0.0067,0.01,0.0011,-0.0004,-0.02,-0.0067,0.00,
16.702,0,DRIVE,15.899,0.300,-0.118,-0.000,0.000,0.000,0.000,0.000,0.0,0.0,0.0158,-0.0062,0.02,0.0011,-0.0004,0.04,-0.0061,0.01,
16.752,0,DRIVE,15.949,0.300,-0.118,0.000,0.000,0.000,0.000,0.000,0.0,0.0,0.0166,-0.0065,0.01,0.0011,-0.0004,0.03,-0.0064,-0.00,
16.803,0,DRIVE,16.000,0.300,-0.118,-0.000,0.000,0.000,0.000,0.000,0.0,0.0,0.0165,-0.0065,0.02,0.0011,-0.0004,0.02,-0.0064,0.01,
16.851,0,DRIVE,16.048,0.300,-0.118,0.000,0.000,0.000,0.000,0.000,0.0,0.0,0.0164,-0.0064,0.00,0.0011,-0.0004,0.04,-0.0064,-0.00,
16.901,0,DRIVE,16.098,0.300,-0.118,-0.001,0.000,0.000,0.000,0.000,0.0,0.0,0.0167,-0.0065,0.04,0.0011,-0.0004,0.07,-0.0065,0.03,
16.952,0,DRIVE,16.149,0.300,-0.118,-0.000,0.000,0.000,0.000,0.000,0.0,0.0,0.0167,-0.0065,0.02,0.0011,-0.0004,0.03,-0.0065,0.02,
17.004,0,DRIVE,16.201,0.300,-0.118,-0.000,0.000,0.000,0.000,0.000,0.0,0.0,0.0169,-0.0066,0.04,0.0011,-0.0004,0.07,-0.0066,0.03,
17.054,0,DRIVE,16.251,0.300,-0.118,-0.000,0.000,0.000,0.000,0.000,0.0,0.0,0.0161,-0.0063,0.02,0.0011,-0.0004,0.06,-0.0062,0.01,
17.102,0,DRIVE,16.299,0.300,-0.118,-0.001,0.000,0.000,0.000,0.000,0.0,0.0,0.0166,-0.0065,0.04,0.0011,-0.0004,0.07,-0.0064,0.03,
17.152,0,DRIVE,16.349,0.300,-0.118,-0.000,0.000,0.000,0.000,0.000,0.0,0.0,0.0165,-0.0065,0.02,0.0011,-0.0004,0.01,-0.0064,0.02,
17.201,0,DRIVE,16.398,0.300,-0.118,-0.001,0.000,0.000,0.000,0.000,0.0,0.0,0.0164,-0.0064,0.04,0.0011,-0.0004,0.05,-0.0063,0.03,
17.251,0,DRIVE,16.448,0.300,-0.118,-0.000,0.000,0.000,0.000,0.000,0.0,0.0,0.0164,-0.0064,0.02,0.0011,-0.0004,0.03,-0.0064,0.01,
17.304,0,DRIVE,16.501,0.300,-0.118,-0.000,0.000,0.000,0.000,0.000,0.0,0.0,0.0167,-0.0065,0.03,0.0011,-0.0004,0.07,-0.0065,0.02,
17.351,0,DRIVE,16.548,0.300,-0.118,-0.000,0.000,0.000,0.000,0.000,0.0,0.0,0.0164,-0.0064,0.03,0.0011,-0.0004,0.01,-0.0064,0.02,
17.404,0,DRIVE,16.601,0.300,-0.118,-0.001,0.000,0.000,0.000,0.000,0.0,0.0,0.0172,-0.0067,0.04,0.0011,-0.0004,0.07,-0.0067,0.03,
17.451,0,DRIVE,16.648,0.300,-0.118,-0.000,0.000,0.000,0.000,0.000,0.0,0.0,0.0157,-0.0061,0.02,0.0011,-0.0004,0.08,-0.0061,0.01,
17.501,0,DRIVE,16.698,0.300,-0.118,-0.000,0.000,0.000,0.000,0.000,0.0,0.0,0.0168,-0.0066,0.03,0.0011,-0.0004,0.03,-0.0065,0.03,
17.554,0,DRIVE,16.751,0.300,-0.118,0.000,0.000,0.000,0.000,0.000,0.0,0.0,0.0167,-0.0065,0.00,0.0011,-0.0004,0.01,-0.0065,-0.00,
17.602,0,DRIVE,16.799,0.300,-0.118,-0.000,0.000,0.000,0.000,0.000,0.0,0.0,0.0168,-0.0066,0.03,0.0011,-0.0004,0.02,-0.0065,0.02,
17.651,0,DRIVE,16.848,0.300,-0.118,-0.000,0.000,0.000,0.000,0.000,0.0,0.0,0.0163,-0.0064,0.01,0.0011,-0.0004,0.02,-0.0063,0.00,
17.701,0,DRIVE,16.899,0.300,-0.118,-0.000,0.000,0.000,0.000,0.000,0.0,0.0,0.0166,-0.0065,0.03,0.0011,-0.0004,0.04,-0.0064,0.02,
17.751,0,DRIVE,16.948,0.300,-0.118,-0.000,0.000,0.000,0.000,0.000,0.0,0.0,0.0166,-0.0065,0.03,0.0011,-0.0004,0.01,-0.0064,0.02,
17.804,0,DRIVE,17.001,0.300,-0.118,-0.000,0.000,0.000,0.000,0.000,0.0,0.0,0.0167,-0.0065,0.04,0.0011,-0.0004,0.05,-0.0065,0.03,
17.852,0,DRIVE,17.049,0.300,-0.118,-0.001,0.000,0.000,0.000,0.000,0.0,0.0,0.0164,-0.0064,0.05,0.0011,-0.0004,0.10,-0.0064,0.04,
17.902,0,DRIVE,17.099,0.300,-0.118,-0.001,0.000,0.000,0.000,0.000,0.0,0.0,0.0166,-0.0065,0.04,0.0011,-0.0004,0.05,-0.0064,0.04,
17.951,0,DRIVE,17.148,0.300,-0.118,-0.000,0.000,0.000,0.000,0.000,0.0,0.0,0.0166,-0.0065,0.04,0.0011,-0.0004,0.02,-0.0064,0.03,
18.001,0,DRIVE,17.198,0.300,-0.118,-0.001,0.000,0.000,0.000,0.000,0.0,0.0,0.0166,-0.0065,0.05,0.0011,-0.0004,0.09,-0.0064,0.05,
18.053,0,DRIVE,17.250,0.300,-0.118,-0.000,0.000,0.000,0.000,0.000,0.0,0.0,0.0166,-0.0065,0.02,0.0011,-0.0004,0.04,-0.0065,0.02,
18.101,0,DRIVE,17.298,0.300,-0.118,-0.001,0.000,0.000,0.000,0.000,0.0,0.0,0.0167,-0.0065,0.04,0.0011,-0.0004,0.05,-0.0065,0.03,
18.152,0,DRIVE,17.349,0.300,-0.118,-0.000,0.000,0.000,0.000,0.000,0.0,0.0,0.0168,-0.0066,0.01,0.0011,-0.0004,0.04,-0.0065,0.01,
18.203,0,DRIVE,17.400,0.300,-0.118,-0.000,0.000,0.000,0.000,0.000,0.0,0.0,0.0167,-0.0065,0.03,0.0011,-0.0004,0.05,-0.0065,0.02,
18.251,0,DRIVE,17.449,0.300,-0.118,-0.000,0.000,0.000,0.000,0.000,0.0,0.0,0.0160,-0.0063,0.01,0.0011,-0.0004,0.03,-0.0062,0.01,
18.304,0,DRIVE,17.501,0.300,-0.118,-0.000,0.000,0.000,0.000,0.000,0.0,0.0,0.0169,-0.0066,0.03,0.0011,-0.0004,0.04,-0.0066,0.02,
18.351,0,DRIVE,17.548,0.300,-0.118,-0.000,0.000,0.000,0.000,0.000,0.0,0.0,0.0164,-0.0064,0.02,0.0011,-0.0004,0.05,-0.0064,0.01,
18.401,0,DRIVE,17.598,0.300,-0.118,-0.000,0.000,0.000,0.000,0.000,0.0,0.0,0.0166,-0.0065,0.03,0.0011,-0.0004,0.05,-0.0064,0.02,
18.452,0,DRIVE,17.649,0.300,-0.118,-0.000,0.000,0.000,0.000,0.000,0.0,0.0,0.0169,-0.0066,0.03,0.0011,-0.0004,0.06,-0.0066,0.02,
18.501,0,DRIVE,17.698,0.300,-0.118,-0.000,0.000,0.000,0.000,0.000,0.0,0.0,0.0162,-0.0063,0.02,0.0011,-0.0004,0.02,-0.0063,0.01,
18.553,0,DRIVE,17.750,0.300,-0.118,-0.000,0.000,0.000,0.000,0.000,0.0,0.0,0.0164,-0.0064,0.01,0.0011,-0.0004,0.04,-0.0064,0.00,
18.601,0,DRIVE,17.798,0.300,-0.118,-0.000,0.000,0.000,0.000,0.000,0.0,0.0,0.0166,-0.0065,0.03,0.0011,-0.0004,0.05,-0.0064,0.02,
18.652,0,DRIVE,17.849,0.300,-0.118,-0.001,0.000,0.000,0.000,0.000,0.0,0.0,0.0169,-0.0066,0.05,0.0011,-0.0004,0.09,-0.0066,0.04,
18.701,0,DRIVE,17.898,0.300,-0.118,-0.001,0.000,0.000,0.000,0.000,0.0,0.0,0.0164,-0.0064,0.04,0.0011,-0.0004,0.03,-0.0063,0.03,
18.751,0,DRIVE,17.948,0.300,-0.118,-0.000,0.000,0.000,0.000,0.000,0.0,0.0,0.0167,-0.0065,0.02,0.0011,-0.0004,0.02,-0.0065,0.01,
18.803,0,DRIVE,18.000,0.300,-0.118,-0.001,0.000,0.000,0.000,0.000,0.0,0.0,0.0172,-0.0067,0.04,0.0011,-0.0004,0.05,-0.0066,0.03,
18.853,0,DRIVE,18.050,0.300,-0.118,-0.000,0.000,0.000,0.000,0.000,0.0,0.0,0.0170,-0.0066,0.03,0.0011,-0.0004,0.04,-0.0066,0.02,
18.902,0,DRIVE,18.099,0.300,-0.118,-0.001,0.000,0.000,0.000,0.000,0.0,0.0,0.0164,-0.0064,0.04,0.0011,-0.0004,0.05,-0.0063,0.03,
18.951,0,DRIVE,18.148,0.300,-0.118,-0.000,0.000,0.000,0.000,0.000,0.0,0.0,0.0164,-0.0064,0.02,0.0011,-0.0004,0.05,-0.0064,0.01,
19.001,0,DRIVE,18.198,0.300,-0.118,-0.001,0.000,0.000,0.000,0.000,0.0,0.0,0.0164,-0.0064,0.05,0.0011,-0.0004,0.08,-0.0064,0.04,
19.053,0,DRIVE,18.250,0.300,-0.118,-0.000,0.000,0.000,0.000,0.000,0.0,0.0,0.0166,-0.0065,0.03,0.0011,-0.0004,0.07,-0.0065,0.03,
19.101,0,DRIVE,18.299,0.300,-0.118,-0.001,0.000,0.000,0.000,0.000,0.0,0.0,0.0165,-0.0065,0.05,0.0011,-0.0004,0.05,-0.0064,0.05,
19.151,0,DRIVE,18.348,0.300,-0.118,-0.000,0.000,0.000,0.000,0.000,0.0,0.0,0.0164,-0.0064,0.03,0.0011,-0.0004,0.05,-0.0064,0.02,
19.201,0,DRIVE,18.398,0.300,-0.118,-0.001,0.000,0.000,0.000,0.000,0.0,0.0,0.0164,-0.0064,0.04,0.0011,-0.0004,0.04,-0.0064,0.04,
19.252,0,DRIVE,18.449,0.300,-0.118,-0.000,0.000,0.000,0.000,0.000,0.0,0.0,0.0167,-0.0066,0.03,0.0011,-0.0004,0.01,-0.0065,0.02,
19.305,0,DRIVE,18.502,0.300,-0.118,-0.001,0.000,0.000,0.000,0.000,0.0,0.0,0.0167,-0.0065,0.04,0.0011,-0.0004,0.07,-0.0065,0.03,
19.351,0,DRIVE,18.548,0.300,-0.118,-0.000,0.000,0.000,0.000,0.000,0.0,0.0,0.0160,-0.0063,0.03,0.0011,-0.0004,0.08,-0.0062,0.02,
19.402,0,DRIVE,18.600,0.300,-0.118,-0.001,0.000,0.000,0.000,0.000,0.0,0.0,0.0170,-0.0066,0.04,0.0011,-0.0004,0.05,-0.0066,0.04,
19.451,0,DRIVE,18.648,0.300,-0.118,-0.001,0.000,0.000,0.000,0.000,0.0,0.0,0.0162,-0.0064,0.05,0.0011,-0.0004,0.10,-0.0063,0.05,
19.501,0,DRIVE,18.698,0.300,-0.118,-0.001,0.000,0.000,0.000,0.000,0.0,0.0,0.0167,-0.0065,0.04,0.0011,-0.0004,0.06,-0.0065,0.03,
19.555,0,DRIVE,18.752,0.300,-0.118,-0.001,0.000,0.000,0.000,0.000,0.0,0.0,0.0169,-0.0066,0.04,0.0011,-0.0004,0.06,-0.0066,0.03,
19.601,0,DRIVE,18.798,0.300,-0.118,-0.001,0.000,0.000,0.000,0.000,0.0,0.0,0.0167,-0.0065,0.04,0.0011,-0.0004,0.07,-0.0065,0.03,
19.653,0,DRIVE,18.850,0.300,-0.118,-0.001,0.000,0.000,0.000,0.000,0.0,0.0,0.0172,-0.0067,0.04,0.0011,-0.0004,0.02,-0.0067,0.03,
19.701,0,DRIVE,18.898,0.300,-0.118,-0.000,0.000,0.000,0.000,0.000,0.0,0.0,0.0158,-0.0062,0.03,0.0011,-0.0004,0.06,-0.0061,0.02,
19.752,0,DRIVE,18.949,0.300,-0.118,-0.001,0.000,0.000,0.000,0.000,0.0,0.0,0.0166,-0.0065,0.04,0.0011,-0.0004,0.07,-0.0065,0.03,
19.803,0,DRIVE,19.000,0.300,-0.118,-0.001,0.000,0.000,0.000,0.000,0.0,0.0,0.0165,-0.0065,0.04,0.0011,-0.0004,0.03,-0.0064,0.03,
19.851,0,DRIVE,19.048,0.300,-0.118,-0.000,0.000,0.000,0.000,0.000,0.0,0.0,0.0164,-0.0064,0.03,0.0011,-0.0004,0.06,-0.0064,0.02,
19.901,0,DRIVE,19.098,0.300,-0.118,-0.001,0.000,0.000,0.000,0.000,0.0,0.0,0.0166,-0.0065,0.05,0.0011,-0.0004,0.06,-0.0064,0.05,
19.952,0,DRIVE,19.149,0.300,-0.118,-0.001,0.000,0.000,0.000,0.000,0.0,0.0,0.0167,-0.0066,0.04,0.0011,-0.0004,0.09,-0.0065,0.04,
20.002,0,DRIVE,19.199,0.300,-0.118,-0.001,0.000,0.000,0.000,0.000,0.0,0.0,0.0165,-0.0065,0.04,0.0011,-0.0004,0.09,-0.0064,0.03,
20.053,0,DRIVE,19.250,0.300,-0.118,-0.001,0.000,0.000,0.000,0.000,0.0,0.0,0.0165,-0.0065,0.04,0.0011,-0.0004,0.09,-0.0064,0.03,
20.103,0,DRIVE,19.300,0.300,-0.118,-0.001,0.000,0.000,0.000,0.000,0.0,0.0,0.0171,-0.0067,0.05,0.0011,-0.0004,0.07,-0.0066,0.04,
20.153,0,DRIVE,19.350,0.300,-0.118,-0.000,0.000,0.000,0.000,0.000,0.0,0.0,0.0167,-0.0065,0.03,0.0011,-0.0004,0.03,-0.0065,0.03,
20.201,0,DRIVE,19.398,0.300,-0.118,-0.001,0.000,0.000,0.000,0.000,0.0,0.0,0.0161,-0.0063,0.05,0.0011,-0.0004,0.08,-0.0062,0.04,
20.251,0,DRIVE,19.448,0.300,-0.118,-0.000,0.000,0.000,0.000,0.000,0.0,0.0,0.0163,-0.0064,0.03,0.0011,-0.0004,0.08,-0.0064,0.03,
20.303,0,DRIVE,19.500,0.300,-0.118,-0.001,0.000,0.000,0.000,0.000,0.0,0.0,0.0166,-0.0065,0.05,0.0011,-0.0004,0.10,-0.0064,0.04,
20.352,0,DRIVE,19.549,0.300,-0.118,-0.000,0.000,0.000,0.000,0.000,0.0,0.0,0.0167,-0.0066,0.03,0.0011,-0.0004,0.05,-0.0065,0.02,
20.401,0,DRIVE,19.598,0.300,-0.118,-0.001,0.000,0.000,0.000,0.000,0.0,0.0,0.0165,-0.0064,0.06,0.0011,-0.0004,0.04,-0.0064,0.05,
20.451,0,DRIVE,19.648,0.300,-0.118,-0.000,0.000,0.000,0.000,0.000,0.0,0.0,0.0166,-0.0065,0.02,0.0011,-0.0004,0.05,-0.0065,0.01,
20.501,0,DRIVE,19.698,0.300,-0.118,-0.000,0.000,0.000,0.000,0.000,0.0,0.0,0.0169,-0.0066,0.03,0.0011,-0.0004,0.02,-0.0065,0.03,
20.553,0,DRIVE,19.750,0.300,-0.118,-0.000,0.000,0.000,0.000,0.000,0.0,0.0,0.0169,-0.0066,0.03,0.0011,-0.0004,0.05,-0.0066,0.02,
20.601,0,DRIVE,19.798,0.300,-0.118,-0.000,0.000,0.000,0.000,0.000,0.0,0.0,0.0163,-0.0064,0.02,0.0011,-0.0004,0.05,-0.0063,0.02,
20.651,0,DRIVE,19.848,0.300,-0.118,0.000,0.000,0.000,0.000,0.000,0.0,0.0,0.0167,-0.0065,0.01,0.0011,-0.0004,0.02,-0.0065,-0.00,
20.702,0,DRIVE,19.899,0.300,-0.118,-0.000,0.000,0.000,0.000,0.000,0.0,0.0,0.0169,-0.0066,0.03,0.0011,-0.0004,0.05,-0.0066,0.02,
20.752,0,DRIVE,19.949,0.300,-0.118,-0.000,0.000,0.000,0.000,0.000,0.0,0.0,0.0167,-0.0065,0.01,0.0011,-0.0004,0.04,-0.0065,0.01,
20.803,0,DRIVE,20.000,0.300,-0.118,-0.001,0.000,0.000,0.000,0.000,0.0,0.0,0.0164,-0.0064,0.04,0.0011,-0.0004,0.04,-0.0063,0.03,
20.853,0,DRIVE,20.050,0.000,0.000,0.000,0.000,0.000,0.000,0.000,0.0,0.0,0.0167,-0.0066,0.04,0.0011,-0.0004,0.08,-0.0065,0.03,FIN_DRIVE_leg0_TIMEOUT_20.0s
20.854,0,STOP_BEFORE_SPIN,0.000,0.000,0.000,0.000,0.000,0.000,0.000,0.000,0.0,0.0,0.0167,-0.0066,0.04,0.0011,-0.0004,0.08,-0.0065,0.03,
20.901,0,STOP_BEFORE_SPIN,0.048,0.000,0.000,0.000,0.000,0.000,0.000,0.000,0.0,0.0,0.0018,-0.0007,0.04,0.0011,-0.0004,0.05,-0.0006,0.03,
20.952,0,STOP_BEFORE_SPIN,0.099,0.000,0.000,0.000,0.000,0.000,0.000,0.000,0.0,0.0,0.0013,-0.0005,0.03,0.0010,-0.0004,0.06,-0.0004,0.02,
21.001,0,STOP_BEFORE_SPIN,0.148,0.000,0.000,0.000,0.000,0.000,0.000,0.000,0.0,0.0,0.0010,-0.0004,0.03,0.0011,-0.0004,0.03,-0.0003,0.02,
21.051,0,STOP_BEFORE_SPIN,0.198,0.000,0.000,0.000,0.000,0.000,0.000,0.000,0.0,0.0,0.0009,-0.0004,0.01,0.0011,-0.0004,0.04,-0.0003,0.00,
21.101,0,STOP_BEFORE_SPIN,0.248,0.000,0.000,0.000,0.000,0.000,0.000,0.000,0.0,0.0,0.0010,-0.0004,0.03,0.0011,-0.0004,0.03,-0.0003,0.03,
21.151,0,STOP_BEFORE_SPIN,0.298,0.000,0.000,0.000,0.000,0.000,0.000,0.000,0.0,0.0,0.0010,-0.0004,0.02,0.0011,-0.0004,0.05,-0.0003,0.01,
21.201,0,STOP_BEFORE_SPIN,0.348,0.000,0.000,0.000,0.000,0.000,0.000,0.000,0.0,0.0,0.0010,-0.0004,0.05,0.0011,-0.0004,0.01,-0.0003,0.04,
21.251,0,STOP_BEFORE_SPIN,0.398,0.000,0.000,0.000,0.000,0.000,0.000,0.000,0.0,0.0,0.0011,-0.0004,0.03,0.0010,-0.0004,0.07,-0.0004,0.02,
21.301,0,STOP_BEFORE_SPIN,0.448,0.000,0.000,0.000,0.000,0.000,0.000,0.000,0.0,0.0,0.0010,-0.0004,0.03,0.0011,-0.0004,0.02,-0.0003,0.02,
21.352,0,STOP_BEFORE_SPIN,0.499,0.000,0.000,0.000,0.000,0.000,0.000,0.000,0.0,0.0,0.0011,-0.0004,0.03,0.0010,-0.0004,0.05,-0.0004,0.02,
21.410,0,STOP_BEFORE_SPIN,0.557,0.000,0.000,0.000,0.000,0.000,0.000,0.000,0.0,0.0,0.0009,-0.0004,0.03,0.0011,-0.0004,0.04,-0.0003,0.02,
21.452,0,STOP_BEFORE_SPIN,0.599,0.000,0.000,0.000,0.000,0.000,0.000,0.000,0.0,0.0,0.0010,-0.0004,0.02,0.0011,-0.0004,0.00,-0.0003,0.01,
21.501,0,STOP_BEFORE_SPIN,0.648,0.000,0.000,0.000,0.000,0.000,0.000,0.000,0.0,0.0,0.0011,-0.0004,0.03,0.0011,-0.0004,0.04,-0.0004,0.02,
21.551,0,STOP_BEFORE_SPIN,0.698,0.000,0.000,0.000,0.000,0.000,0.000,0.000,0.0,0.0,0.0011,-0.0004,0.02,0.0011,-0.0004,0.04,-0.0004,0.01,
21.602,0,STOP_BEFORE_SPIN,0.749,0.000,0.000,0.000,0.000,0.000,0.000,0.000,0.0,0.0,0.0010,-0.0004,0.02,0.0011,-0.0004,0.03,-0.0003,0.02,
21.651,0,STOP_BEFORE_SPIN,0.798,0.000,0.000,0.000,0.000,0.000,0.000,0.000,0.0,0.0,0.0010,-0.0004,0.01,0.0011,-0.0004,0.03,-0.0003,0.00,
21.701,0,STOP_BEFORE_SPIN,0.848,0.000,0.000,0.000,0.000,0.000,0.000,0.000,0.0,0.0,0.0011,-0.0004,0.02,0.0011,-0.0004,0.04,-0.0004,0.02,
21.752,0,STOP_BEFORE_SPIN,0.899,0.000,0.000,0.000,0.000,0.000,0.000,0.000,0.0,0.0,0.0008,-0.0003,0.00,0.0011,-0.0004,0.02,-0.0003,-0.00,
21.802,0,STOP_BEFORE_SPIN,0.948,0.000,0.000,0.000,0.000,0.000,0.000,0.000,0.0,0.0,0.0008,-0.0003,0.03,0.0011,-0.0004,0.04,-0.0003,0.02,
21.852,0,STOP_BEFORE_SPIN,0.999,0.000,0.000,0.000,0.000,0.000,0.000,0.000,0.0,0.0,0.0010,-0.0004,0.01,0.0011,-0.0004,0.03,-0.0003,0.00,
21.904,0,STOP_BEFORE_SPIN,1.050,0.000,0.000,0.000,0.000,0.000,0.000,0.000,0.0,0.0,0.0010,-0.0004,0.05,0.0011,-0.0004,0.08,-0.0003,0.04,INICIO_DRIFT_leg0
21.904,0,DRIFT,0.000,0.000,0.000,0.000,0.000,0.000,0.000,0.000,0.0,0.0,0.0010,-0.0004,0.05,0.0011,-0.0004,0.08,-0.0003,0.00,
21.952,0,DRIFT,0.049,0.000,-0.000,1.000,0.000,0.000,0.000,0.000,0.0,0.0,0.0010,-0.0004,0.03,0.0010,-0.0004,0.05,-0.0003,-0.02,
22.002,0,DRIFT,0.098,0.000,-0.000,1.000,0.000,0.000,0.000,0.000,0.0,0.0,0.0009,-0.0004,2.88,0.0011,-0.0004,0.01,-0.0003,2.83,
22.051,0,DRIFT,0.147,0.000,-0.000,1.000,0.000,0.000,0.000,0.000,0.0,0.0,0.0011,-0.0004,3.06,0.0011,-0.0004,0.03,-0.0004,3.01,
22.101,0,DRIFT,0.197,0.000,-0.000,1.000,0.000,0.000,0.000,0.000,0.0,0.0,0.0010,-0.0004,3.09,0.0011,-0.0004,0.08,-0.0003,3.04,
22.153,0,DRIFT,0.249,0.000,-0.000,1.000,0.000,0.000,0.000,0.000,0.0,0.0,0.0008,-0.0002,3.29,0.0008,0.0000,0.35,-0.0002,3.24,
22.203,0,DRIFT,0.299,0.000,-0.000,1.000,0.000,0.000,0.000,0.000,0.0,0.0,0.0006,0.0000,3.17,0.0006,-0.0001,0.20,0.0001,3.13,
22.252,0,DRIFT,0.348,0.000,-0.000,1.000,0.000,0.000,0.000,0.000,0.0,0.0,0.0005,-0.0001,3.20,0.0006,0.0000,0.25,0.0000,3.16,
22.302,0,DRIFT,0.398,0.000,-0.000,1.000,0.000,0.000,0.000,0.000,0.0,0.0,0.0005,-0.0000,3.27,0.0006,0.0000,0.31,0.0001,3.22,
22.351,0,DRIFT,0.448,0.000,-0.000,1.000,0.000,0.000,0.000,0.000,0.0,0.0,0.0005,0.0000,3.29,0.0006,0.0000,0.27,0.0001,3.24,
22.402,0,DRIFT,0.498,0.000,-0.000,1.000,0.000,0.000,0.000,0.000,0.0,0.0,0.0006,0.0000,3.32,0.0006,0.0000,0.27,0.0001,3.28,
22.455,0,DRIFT,0.551,0.000,-0.000,1.000,0.000,0.000,0.000,0.000,0.0,0.0,0.0005,0.0000,3.28,0.0006,0.0000,0.31,0.0001,3.24,
22.502,0,DRIFT,0.598,0.000,-0.000,1.000,0.000,0.000,0.000,0.000,0.0,0.0,0.0005,0.0000,3.16,0.0006,-0.0000,0.35,0.0001,3.12,
22.551,0,DRIFT,0.647,0.000,-0.000,1.000,0.000,0.000,0.000,0.000,0.0,0.0,0.0006,0.0000,3.27,0.0006,0.0000,0.36,0.0001,3.23,
22.602,0,DRIFT,0.698,0.000,-0.000,1.000,0.000,0.000,0.000,0.000,0.0,0.0,0.0005,0.0000,3.31,0.0006,0.0000,0.32,0.0001,3.26,
22.651,0,DRIFT,0.748,0.000,-0.000,1.000,0.000,0.000,0.000,0.000,0.0,0.0,0.0005,0.0000,3.24,0.0006,0.0000,0.34,0.0001,3.19,
22.704,0,DRIFT,0.800,0.000,-0.000,1.000,0.000,0.000,0.000,0.000,0.0,0.0,0.0006,0.0000,3.44,0.0007,0.0000,0.33,0.0001,3.39,
22.751,0,DRIFT,0.847,0.000,-0.000,1.000,0.000,0.000,0.000,0.000,0.0,0.0,0.0007,0.0000,3.33,0.0007,0.0000,0.32,0.0001,3.28,
22.802,0,DRIFT,0.898,0.000,-0.000,1.000,0.000,0.000,0.000,0.000,0.0,0.0,0.0006,0.0000,3.37,0.0006,0.0000,0.35,0.0001,3.32,
22.851,0,DRIFT,0.947,0.000,-0.000,1.000,0.000,0.000,0.000,0.000,0.0,0.0,0.0002,0.0000,3.89,0.0006,0.0000,0.35,0.0001,3.85,
22.902,0,DRIFT,0.998,0.000,-0.000,1.000,0.000,0.000,0.000,0.000,0.0,0.0,0.0005,0.0000,3.45,0.0007,0.0000,0.33,0.0001,3.41,
22.953,0,DRIFT,1.049,0.000,-0.000,1.000,0.000,0.000,0.000,0.000,0.0,0.0,0.0007,0.0001,3.38,0.0007,0.0000,0.32,0.0001,3.33,
23.001,0,DRIFT,1.098,0.000,-0.000,1.000,0.000,0.000,0.000,0.000,0.0,0.0,0.0006,0.0001,3.40,0.0007,0.0001,0.32,0.0001,3.35,
23.052,0,DRIFT,1.148,0.000,-0.000,1.000,0.000,0.000,0.000,0.000,0.0,0.0,0.0006,0.0001,3.47,0.0007,0.0001,0.30,0.0001,3.43,
23.103,0,DRIFT,1.199,0.000,-0.000,1.000,0.000,0.000,0.000,0.000,0.0,0.0,0.0006,0.0001,3.26,0.0007,0.0001,0.32,0.0001,3.22,
23.151,0,DRIFT,1.247,0.000,-0.000,1.000,0.000,0.000,0.000,0.000,0.0,0.0,0.0006,0.0001,3.28,0.0007,0.0001,0.32,0.0001,3.24,
23.204,0,DRIFT,1.300,0.000,-0.000,1.000,0.000,0.000,0.000,0.000,0.0,0.0,0.0005,0.0001,3.41,0.0007,0.0001,0.37,0.0001,3.37,
23.252,0,DRIFT,1.348,0.000,-0.000,1.000,0.000,0.000,0.000,0.000,0.0,0.0,0.0004,0.0001,3.31,0.0007,0.0001,0.30,0.0001,3.26,
23.303,0,DRIFT,1.399,0.000,-0.000,1.000,0.000,0.000,0.000,0.000,0.0,0.0,0.0005,0.0001,3.32,0.0007,0.0001,0.33,0.0001,3.28,
23.352,0,DRIFT,1.448,0.000,-0.000,1.000,0.000,0.000,0.000,0.000,0.0,0.0,0.0006,0.0001,3.22,0.0007,0.0001,0.27,0.0002,3.17,
23.401,0,DRIFT,1.498,0.000,-0.000,1.000,0.000,0.000,0.000,0.000,0.0,0.0,0.0006,0.0001,3.30,0.0007,0.0001,0.29,0.0002,3.26,
23.453,0,DRIFT,1.550,0.000,-0.000,1.000,0.000,0.000,0.000,0.000,0.0,0.0,0.0005,0.0001,3.35,0.0007,0.0001,0.29,0.0001,3.30,
23.502,0,DRIFT,1.598,0.000,-0.000,1.000,0.000,0.000,0.000,0.000,0.0,0.0,0.0007,0.0001,3.35,0.0007,0.0001,0.33,0.0002,3.30,
23.553,0,DRIFT,1.649,0.000,-0.000,1.000,0.000,0.000,0.000,0.000,0.0,0.0,0.0006,0.0001,3.37,0.0007,0.0001,0.37,0.0002,3.32,
23.601,0,DRIFT,1.697,0.000,-0.000,1.000,0.000,0.000,0.000,0.000,0.0,0.0,0.0006,0.0001,3.29,0.0007,0.0001,0.31,0.0002,3.25,
23.651,0,DRIFT,1.747,0.000,-0.000,1.000,0.000,0.000,0.000,0.000,0.0,0.0,0.0006,0.0001,3.30,0.0007,0.0001,0.33,0.0002,3.25,
23.703,0,DRIFT,1.799,0.000,-0.000,1.000,0.000,0.000,0.000,0.000,0.0,0.0,0.0006,0.0001,3.35,0.0006,0.0001,0.35,0.0002,3.30,
23.752,0,DRIFT,1.848,0.000,-0.000,1.000,0.000,0.000,0.000,0.000,0.0,0.0,0.0006,0.0001,3.35,0.0007,0.0001,0.32,0.0002,3.30,
23.803,0,DRIFT,1.899,0.000,-0.000,1.000,0.000,0.000,0.000,0.000,0.0,0.0,0.0006,0.0001,3.36,0.0006,0.0001,0.34,0.0002,3.32,
23.853,0,DRIFT,1.949,0.000,-0.000,1.000,0.000,0.000,0.000,0.000,0.0,0.0,0.0005,0.0001,3.17,0.0007,0.0001,0.33,0.0002,3.13,
23.901,0,DRIFT,1.997,0.000,-0.000,1.000,0.000,0.000,0.000,0.000,0.0,0.0,0.0006,0.0001,3.26,0.0007,0.0001,0.29,0.0002,3.22,
23.953,0,DRIFT,2.049,0.000,-0.000,1.000,0.000,0.000,0.000,0.000,0.0,0.0,0.0005,0.0001,3.24,0.0007,0.0001,0.35,0.0001,3.19,
24.002,0,DRIFT,2.099,0.000,-0.000,1.000,0.000,0.000,0.000,0.000,0.0,0.0,0.0006,0.0001,3.40,0.0007,0.0001,0.34,0.0002,3.36,
24.051,0,DRIFT,2.148,0.000,-0.000,1.000,0.000,0.000,0.000,0.000,0.0,0.0,0.0006,0.0001,3.27,0.0006,0.0001,0.37,0.0002,3.23,
24.102,0,DRIFT,2.198,0.000,-0.000,1.000,0.000,0.000,0.000,0.000,0.0,0.0,0.0006,0.0001,3.36,0.0006,0.0001,0.33,0.0002,3.32,
24.151,0,DRIFT,2.247,0.000,-0.000,1.000,0.000,0.000,0.000,0.000,0.0,0.0,0.0006,0.0001,3.33,0.0007,0.0001,0.32,0.0002,3.28,
24.203,0,DRIFT,2.299,0.000,-0.000,1.000,0.000,0.000,0.000,0.000,0.0,0.0,0.0006,0.0001,3.27,0.0007,0.0001,0.29,0.0002,3.22,
24.251,0,DRIFT,2.347,0.000,-0.000,1.000,0.000,0.000,0.000,0.000,0.0,0.0,0.0006,0.0001,3.33,0.0007,0.0001,0.33,0.0002,3.28,
24.303,0,DRIFT,2.399,0.000,-0.000,1.000,0.000,0.000,0.000,0.000,0.0,0.0,0.0006,0.0001,3.45,0.0007,0.0001,0.33,0.0002,3.40,
24.351,0,DRIFT,2.448,0.000,-0.000,1.000,0.000,0.000,0.000,0.000,0.0,0.0,0.0006,0.0001,3.22,0.0007,0.0001,0.32,0.0002,3.17,
24.403,1,DRIFT,2.499,0.000,0.000,0.000,0.000,0.000,0.000,0.000,0.0,0.0,0.0006,0.0001,3.33,0.0007,0.0001,0.31,0.0002,3.29,FIN_DRIFT_leg0_TIMEOUT_2.5s_2.50s
24.404,1,STOP_BEFORE_DRIVE,0.000,0.000,0.000,0.000,0.000,0.000,0.000,0.000,0.0,0.0,0.0006,0.0001,3.33,0.0007,0.0001,0.31,0.0002,3.29,
24.451,1,STOP_BEFORE_DRIVE,0.047,0.000,0.000,0.000,0.000,0.000,0.000,0.000,0.0,0.0,0.0006,0.0001,0.48,0.0007,0.0001,0.35,0.0002,0.44,
24.502,1,STOP_BEFORE_DRIVE,0.098,0.000,0.000,0.000,0.000,0.000,0.000,0.000,0.0,0.0,0.0006,0.0001,0.35,0.0007,0.0001,0.33,0.0002,0.30,
24.552,1,STOP_BEFORE_DRIVE,0.148,0.000,0.000,0.000,0.000,0.000,0.000,0.000,0.0,0.0,0.0006,0.0001,0.26,0.0007,0.0001,0.31,0.0002,0.21,
24.602,1,STOP_BEFORE_DRIVE,0.198,0.000,0.000,0.000,0.000,0.000,0.000,0.000,0.0,0.0,0.0005,0.0001,0.21,0.0006,0.0001,0.31,0.0001,0.17,
24.651,1,STOP_BEFORE_DRIVE,0.247,0.000,0.000,0.000,0.000,0.000,0.000,0.000,0.0,0.0,0.0007,0.0001,0.28,0.0007,0.0001,0.30,0.0001,0.24,
24.701,1,STOP_BEFORE_DRIVE,0.297,0.000,0.000,0.000,0.000,0.000,0.000,0.000,0.0,0.0,0.0005,0.0001,0.21,0.0007,0.0001,0.31,0.0001,0.17,
24.752,1,STOP_BEFORE_DRIVE,0.348,0.000,0.000,0.000,0.000,0.000,0.000,0.000,0.0,0.0,0.0006,0.0001,0.26,0.0007,0.0001,0.32,0.0001,0.21,
24.802,1,STOP_BEFORE_DRIVE,0.398,0.000,0.000,0.000,0.000,0.000,0.000,0.000,0.0,0.0,0.0006,0.0001,0.26,0.0007,0.0000,0.30,0.0001,0.21,
24.853,1,STOP_BEFORE_DRIVE,0.449,0.000,0.000,0.000,0.000,0.000,0.000,0.000,0.0,0.0,0.0006,0.0001,0.27,0.0007,0.0001,0.38,0.0001,0.22,
24.902,1,STOP_BEFORE_DRIVE,0.498,0.000,0.000,0.000,0.000,0.000,0.000,0.000,0.0,0.0,0.0007,0.0000,0.33,0.0007,0.0000,0.34,0.0001,0.29,
24.951,1,STOP_BEFORE_DRIVE,0.547,0.000,0.000,0.000,0.000,0.000,0.000,0.000,0.0,0.0,0.0006,0.0000,0.28,0.0007,0.0001,0.38,0.0001,0.24,
25.002,1,STOP_BEFORE_DRIVE,0.598,0.000,0.000,0.000,0.000,0.000,0.000,0.000,0.0,0.0,0.0006,0.0001,0.28,0.0007,0.0000,0.34,0.0001,0.23,
25.052,1,STOP_BEFORE_DRIVE,0.648,0.000,0.000,0.000,0.000,0.000,0.000,0.000,0.0,0.0,0.0007,0.0000,0.33,0.0007,0.0001,0.36,0.0001,0.29,
25.101,1,STOP_BEFORE_DRIVE,0.697,0.000,0.000,0.000,0.000,0.000,0.000,0.000,0.0,0.0,0.0006,0.0000,0.25,0.0007,0.0001,0.31,0.0001,0.20,
25.152,1,STOP_BEFORE_DRIVE,0.748,0.000,0.000,0.000,0.000,0.000,0.000,0.000,0.0,0.0,0.0006,0.0001,0.27,0.0007,0.0001,0.31,0.0001,0.22,
25.201,1,STOP_BEFORE_DRIVE,0.797,0.000,0.000,0.000,0.000,0.000,0.000,0.000,0.0,0.0,0.0007,0.0001,0.32,0.0007,0.0001,0.28,0.0001,0.27,
25.251,1,STOP_BEFORE_DRIVE,0.847,0.000,0.000,0.000,0.000,0.000,0.000,0.000,0.0,0.0,0.0006,0.0001,0.26,0.0007,0.0001,0.34,0.0001,0.21,
25.301,1,STOP_BEFORE_DRIVE,0.897,0.000,0.000,0.000,0.000,0.000,0.000,0.000,0.0,0.0,0.0006,0.0001,0.28,0.0007,0.0001,0.33,0.0001,0.24,
25.351,1,STOP_BEFORE_DRIVE,0.947,0.000,0.000,0.000,0.000,0.000,0.000,0.000,0.0,0.0,0.0007,0.0001,0.32,0.0007,0.0001,0.32,0.0001,0.27,
25.401,1,STOP_BEFORE_DRIVE,0.998,0.000,0.000,0.000,0.000,0.000,0.000,0.000,0.0,0.0,0.0007,0.0001,0.32,0.0007,0.0001,0.32,0.0001,0.27,
25.452,1,DRIVE,0.000,0.000,0.000,0.000,0.000,0.000,0.000,0.000,0.0,0.0,0.0006,0.0001,0.24,0.0007,0.0001,0.32,0.0000,0.00,
25.501,1,DRIVE,0.050,0.300,-0.120,-0.000,0.000,0.000,0.000,0.000,0.0,0.0,0.0006,0.0001,0.27,0.0007,0.0001,0.32,0.0000,0.02,
25.551,1,DRIVE,0.100,0.300,-0.118,-0.001,0.000,0.000,0.000,0.000,0.0,0.0,0.0157,-0.0059,0.28,0.0007,0.0001,0.30,-0.0060,0.04,
25.603,1,DRIVE,0.151,0.300,-0.118,0.002,0.000,0.000,0.000,0.000,0.0,0.0,0.0175,-0.0067,0.12,0.0007,0.0001,0.28,-0.0068,-0.13,
25.651,1,DRIVE,0.200,0.300,-0.118,0.000,0.000,0.000,0.000,0.000,0.0,0.0,0.0160,-0.0059,0.23,0.0007,0.0000,0.19,-0.0060,-0.02,
25.703,1,DRIVE,0.251,0.300,-0.118,0.003,0.000,0.000,0.000,0.000,0.0,0.0,0.0171,-0.0066,0.07,0.0019,-0.0007,0.12,-0.0068,-0.17,
25.753,1,DRIVE,0.302,0.300,-0.118,0.002,0.000,0.000,0.000,0.000,0.0,0.0,0.0178,-0.0069,0.14,0.0016,-0.0005,0.08,-0.0071,-0.10,
25.801,1,DRIVE,0.350,0.300,-0.118,0.002,0.000,0.000,0.000,0.000,0.0,0.0,0.0164,-0.0063,0.10,0.0021,-0.0008,0.17,-0.0065,-0.14,
25.852,1,DRIVE,0.400,0.300,-0.118,0.001,0.000,0.000,0.000,0.000,0.0,0.0,0.0176,-0.0068,0.16,0.0022,-0.0008,0.25,-0.0070,-0.08,
25.902,1,DRIVE,0.450,0.300,-0.118,0.001,0.000,0.000,0.000,0.000,0.0,0.0,0.0175,-0.0068,0.18,0.0022,-0.0008,0.22,-0.0069,-0.06,
25.953,1,DRIVE,0.501,0.300,-0.118,0.001,0.000,0.000,0.000,0.000,0.0,0.0,0.0174,-0.0067,0.17,0.0023,-0.0008,0.26,-0.0068,-0.08,
26.002,1,DRIVE,0.550,0.300,-0.118,0.000,0.000,0.000,0.000,0.000,0.0,0.0,0.0178,-0.0069,0.22,0.0023,-0.0008,0.23,-0.0070,-0.03,
26.051,1,DRIVE,0.600,0.300,-0.118,0.000,0.000,0.000,0.000,0.000,0.0,0.0,0.0180,-0.0069,0.23,0.0023,-0.0008,0.25,-0.0070,-0.01,
26.101,1,DRIVE,0.650,0.300,-0.118,0.001,0.000,0.000,0.000,0.000,0.0,0.0,0.0175,-0.0067,0.18,0.0023,-0.0008,0.24,-0.0069,-0.06,
26.152,1,DRIVE,0.700,0.300,-0.118,0.000,0.000,0.000,0.000,0.000,0.0,0.0,0.0179,-0.0068,0.23,0.0023,-0.0008,0.27,-0.0070,-0.01,
26.203,1,DRIVE,0.752,0.300,-0.118,0.001,0.000,0.000,0.000,0.000,0.0,0.0,0.0177,-0.0068,0.21,0.0023,-0.0008,0.26,-0.0069,-0.04,
26.252,1,DRIVE,0.800,0.300,-0.118,0.001,0.000,0.000,0.000,0.000,0.0,0.0,0.0177,-0.0068,0.18,0.0023,-0.0008,0.28,-0.0069,-0.07,
26.301,1,DRIVE,0.850,0.300,-0.118,0.001,0.000,0.000,0.000,0.000,0.0,0.0,0.0175,-0.0067,0.21,0.0023,-0.0007,0.17,-0.0068,-0.04,
26.351,1,DRIVE,0.900,0.300,-0.118,0.001,0.000,0.000,0.000,0.000,0.0,0.0,0.0176,-0.0067,0.18,0.0023,-0.0007,0.26,-0.0069,-0.07,
26.402,1,DRIVE,0.950,0.300,-0.118,0.001,0.000,0.000,0.000,0.000,0.0,0.0,0.0177,-0.0068,0.18,0.0023,-0.0008,0.26,-0.0069,-0.06,
26.453,1,DRIVE,1.001,0.300,-0.118,0.001,0.000,0.000,0.000,0.000,0.0,0.0,0.0173,-0.0066,0.19,0.0023,-0.0007,0.28,-0.0068,-0.06,
26.501,1,DRIVE,1.050,0.300,-0.118,0.001,0.000,0.000,0.000,0.000,0.0,0.0,0.0176,-0.0067,0.18,0.0023,-0.0007,0.20,-0.0069,-0.06,
26.552,1,DRIVE,1.101,0.300,-0.118,0.001,0.000,0.000,0.000,0.000,0.0,0.0,0.0177,-0.0068,0.20,0.0023,-0.0007,0.25,-0.0069,-0.05,
26.601,1,DRIVE,1.150,0.300,-0.118,0.001,0.000,0.000,0.000,0.000,0.0,0.0,0.0175,-0.0067,0.20,0.0023,-0.0007,0.25,-0.0068,-0.04,
26.652,1,DRIVE,1.201,0.300,-0.118,0.000,0.000,0.000,0.000,0.000,0.0,0.0,0.0184,-0.0070,0.23,0.0023,-0.0007,0.24,-0.0071,-0.02,
26.703,1,DRIVE,1.251,0.300,-0.118,0.001,0.000,0.000,0.000,0.000,0.0,0.0,0.0174,-0.0066,0.21,0.0023,-0.0007,0.23,-0.0067,-0.03,
26.751,1,DRIVE,1.300,0.300,-0.118,0.001,0.000,0.000,0.000,0.000,0.0,0.0,0.0178,-0.0068,0.21,0.0023,-0.0007,0.26,-0.0069,-0.03,
26.801,1,DRIVE,1.350,0.300,-0.118,0.001,0.000,0.000,0.000,0.000,0.0,0.0,0.0176,-0.0067,0.20,0.0023,-0.0007,0.23,-0.0068,-0.04,
26.851,1,DRIVE,1.400,0.300,-0.118,0.000,0.000,0.000,0.000,0.000,0.0,0.0,0.0179,-0.0068,0.22,0.0023,-0.0007,0.30,-0.0069,-0.03,
26.901,1,DRIVE,1.450,0.300,-0.118,0.001,0.000,0.000,0.000,0.000,0.0,0.0,0.0176,-0.0067,0.19,0.0023,-0.0007,0.26,-0.0068,-0.05,
26.954,1,DRIVE,1.502,0.300,-0.118,0.001,0.000,0.000,0.000,0.000,0.0,0.0,0.0178,-0.0068,0.19,0.0023,-0.0007,0.27,-0.0069,-0.05,
27.001,1,DRIVE,1.550,0.300,-0.118,0.001,0.000,0.000,0.000,0.000,0.0,0.0,0.0174,-0.0066,0.19,0.0023,-0.0007,0.26,-0.0067,-0.06,
27.051,1,DRIVE,1.600,0.300,-0.118,0.001,0.000,0.000,0.000,0.000,0.0,0.0,0.0176,-0.0067,0.18,0.0023,-0.0007,0.25,-0.0068,-0.06,
27.103,1,DRIVE,1.651,0.300,-0.118,0.001,0.000,0.000,0.000,0.000,0.0,0.0,0.0178,-0.0068,0.19,0.0024,-0.0007,0.23,-0.0069,-0.05,
27.151,1,DRIVE,1.700,0.300,-0.118,0.001,0.000,0.000,0.000,0.000,0.0,0.0,0.0172,-0.0066,0.20,0.0023,-0.0007,0.31,-0.0067,-0.05,
27.203,1,DRIVE,1.751,0.300,-0.118,0.001,0.000,0.000,0.000,0.000,0.0,0.0,0.0174,-0.0066,0.17,0.0023,-0.0007,0.25,-0.0068,-0.07,
27.251,1,DRIVE,1.800,0.300,-0.118,0.001,0.000,0.000,0.000,0.000,0.0,0.0,0.0173,-0.0066,0.17,0.0023,-0.0007,0.26,-0.0067,-0.07,
27.301,1,DRIVE,1.850,0.300,-0.118,0.001,0.000,0.000,0.000,0.000,0.0,0.0,0.0174,-0.0066,0.16,0.0023,-0.0007,0.22,-0.0068,-0.09,
27.351,1,DRIVE,1.900,0.300,-0.118,0.001,0.000,0.000,0.000,0.000,0.0,0.0,0.0176,-0.0067,0.19,0.0023,-0.0007,0.24,-0.0068,-0.05,
27.401,1,DRIVE,1.950,0.300,-0.118,0.001,0.000,0.000,0.000,0.000,0.0,0.0,0.0175,-0.0067,0.20,0.0023,-0.0007,0.24,-0.0068,-0.05,
27.453,1,DRIVE,2.001,0.300,-0.118,0.001,0.000,0.000,0.000,0.000,0.0,0.0,0.0175,-0.0067,0.18,0.0023,-0.0007,0.27,-0.0068,-0.06,
27.501,1,DRIVE,2.050,0.300,-0.118,0.001,0.000,0.000,0.000,0.000,0.0,0.0,0.0175,-0.0067,0.19,0.0023,-0.0007,0.21,-0.0068,-0.06,
27.552,1,DRIVE,2.100,0.300,-0.118,0.001,0.000,0.000,0.000,0.000,0.0,0.0,0.0179,-0.0068,0.20,0.0023,-0.0007,0.26,-0.0069,-0.04,
27.603,1,DRIVE,2.151,0.300,-0.118,0.001,0.000,0.000,0.000,0.000,0.0,0.0,0.0181,-0.0069,0.20,0.0023,-0.0007,0.21,-0.0070,-0.04,
27.651,1,DRIVE,2.200,0.300,-0.118,0.002,0.000,0.000,0.000,0.000,0.0,0.0,0.0170,-0.0065,0.15,0.0023,-0.0007,0.27,-0.0066,-0.10,
27.703,1,DRIVE,2.251,0.300,-0.118,0.000,0.000,0.000,0.000,0.000,0.0,0.0,0.0177,-0.0067,0.22,0.0023,-0.0007,0.25,-0.0068,-0.02,
27.752,1,DRIVE,2.300,0.300,-0.118,0.001,0.000,0.000,0.000,0.000,0.0,0.0,0.0181,-0.0069,0.19,0.0023,-0.0007,0.28,-0.0070,-0.05,
27.802,1,DRIVE,2.350,0.300,-0.118,0.001,0.000,0.000,0.000,0.000,0.0,0.0,0.0175,-0.0066,0.20,0.0023,-0.0007,0.21,-0.0068,-0.05,
27.851,1,DRIVE,2.400,0.300,-0.118,0.001,0.000,0.000,0.000,0.000,0.0,0.0,0.0174,-0.0066,0.18,0.0023,-0.0007,0.24,-0.0068,-0.07,
27.902,1,DRIVE,2.450,0.300,-0.118,0.001,0.000,0.000,0.000,0.000,0.0,0.0,0.0180,-0.0068,0.20,0.0023,-0.0007,0.22,-0.0070,-0.04,
27.953,1,DRIVE,2.502,0.300,-0.118,0.001,0.000,0.000,0.000,0.000,0.0,0.0,0.0175,-0.0066,0.19,0.0023,-0.0007,0.24,-0.0068,-0.06,
28.001,1,DRIVE,2.550,0.300,-0.118,0.001,0.000,0.000,0.000,0.000,0.0,0.0,0.0174,-0.0066,0.18,0.0023,-0.0007,0.24,-0.0068,-0.06,
28.052,1,DRIVE,2.600,0.300,-0.118,0.001,0.000,0.000,0.000,0.000,0.0,0.0,0.0177,-0.0067,0.19,0.0023,-0.0007,0.24,-0.0068,-0.06,
28.101,1,DRIVE,2.650,0.300,-0.118,0.001,0.000,0.000,0.000,0.000,0.0,0.0,0.0175,-0.0066,0.18,0.0023,-0.0007,0.25,-0.0068,-0.06,
28.151,1,DRIVE,2.700,0.300,-0.118,0.004,0.000,0.000,0.000,0.000,0.0,0.0,0.0184,-0.0072,0.04,0.0023,-0.0007,0.25,-0.0073,-0.21,
28.203,1,DRIVE,2.751,0.300,-0.118,0.000,0.000,0.000,0.000,0.000,0.0,0.0,0.0176,-0.0067,0.23,0.0023,-0.0007,0.28,-0.0068,-0.01,
28.251,1,DRIVE,2.800,0.300,-0.118,0.001,0.000,0.000,0.000,0.000,0.0,0.0,0.0175,-0.0067,0.20,0.0023,-0.0007,0.23,-0.0068,-0.05,
28.302,1,DRIVE,2.850,0.300,-0.118,0.001,0.000,0.000,0.000,0.000,0.0,0.0,0.0180,-0.0068,0.21,0.0023,-0.0007,0.26,-0.0070,-0.04,
28.351,1,DRIVE,2.900,0.300,-0.118,0.001,0.000,0.000,0.000,0.000,0.0,0.0,0.0174,-0.0066,0.19,0.0023,-0.0007,0.25,-0.0067,-0.05,
28.402,1,DRIVE,2.951,0.300,-0.118,0.001,0.000,0.000,0.000,0.000,0.0,0.0,0.0177,-0.0067,0.16,0.0023,-0.0007,0.24,-0.0069,-0.08,
28.453,1,DRIVE,3.001,0.300,-0.118,0.001,0.000,0.000,0.000,0.000,0.0,0.0,0.0173,-0.0066,0.17,0.0023,-0.0007,0.23,-0.0067,-0.07,
28.501,1,DRIVE,3.050,0.300,-0.118,0.002,0.000,0.000,0.000,0.000,0.0,0.0,0.0174,-0.0066,0.15,0.0023,-0.0007,0.23,-0.0068,-0.09,
28.552,1,DRIVE,3.100,0.300,-0.118,0.001,0.000,0.000,0.000,0.000,0.0,0.0,0.0179,-0.0068,0.20,0.0023,-0.0007,0.24,-0.0069,-0.04,
28.601,1,DRIVE,3.150,0.300,-0.118,0.001,0.000,0.000,0.000,0.000,0.0,0.0,0.0174,-0.0066,0.17,0.0023,-0.0007,0.22,-0.0067,-0.07,
28.652,1,DRIVE,3.201,0.300,-0.118,0.001,0.000,0.000,0.000,0.000,0.0,0.0,0.0181,-0.0069,0.19,0.0023,-0.0007,0.21,-0.0070,-0.05,
28.703,1,DRIVE,3.251,0.300,-0.118,0.001,0.000,0.000,0.000,0.000,0.0,0.0,0.0173,-0.0065,0.17,0.0023,-0.0007,0.19,-0.0067,-0.08,
28.751,1,DRIVE,3.300,0.300,-0.118,0.001,0.000,0.000,0.000,0.000,0.0,0.0,0.0175,-0.0067,0.17,0.0023,-0.0007,0.26,-0.0068,-0.08,
28.802,1,DRIVE,3.350,0.300,-0.118,0.001,0.000,0.000,0.000,0.000,0.0,0.0,0.0178,-0.0068,0.17,0.0023,-0.0007,0.21,-0.0069,-0.08,
28.852,1,DRIVE,3.401,0.300,-0.118,0.001,0.000,0.000,0.000,0.000,0.0,0.0,0.0177,-0.0067,0.17,0.0023,-0.0007,0.23,-0.0068,-0.07,
28.901,1,DRIVE,3.450,0.300,-0.118,0.001,0.000,0.000,0.000,0.000,0.0,0.0,0.0172,-0.0066,0.17,0.0023,-0.0007,0.22,-0.0067,-0.08,
28.954,1,DRIVE,3.502,0.300,-0.118,0.001,0.000,0.000,0.000,0.000,0.0,0.0,0.0180,-0.0068,0.19,0.0023,-0.0007,0.21,-0.0070,-0.06,
29.001,1,DRIVE,3.550,0.300,-0.118,0.001,0.000,0.000,0.000,0.000,0.0,0.0,0.0175,-0.0066,0.19,0.0023,-0.0007,0.22,-0.0068,-0.05,
29.051,1,DRIVE,3.600,0.300,-0.118,0.002,0.000,0.000,0.000,0.000,0.0,0.0,0.0173,-0.0066,0.14,0.0023,-0.0007,0.23,-0.0067,-0.10,
29.102,1,DRIVE,3.651,0.300,-0.118,0.001,0.000,0.000,0.000,0.000,0.0,0.0,0.0179,-0.0068,0.18,0.0023,-0.0007,0.22,-0.0069,-0.06,
29.151,1,DRIVE,3.700,0.300,-0.118,0.001,0.000,0.000,0.000,0.000,0.0,0.0,0.0172,-0.0065,0.17,0.0023,-0.0007,0.24,-0.0067,-0.08,
29.204,1,DRIVE,3.752,0.300,-0.118,0.001,0.000,0.000,0.000,0.000,0.0,0.0,0.0178,-0.0068,0.16,0.0023,-0.0007,0.20,-0.0069,-0.09,
29.252,1,DRIVE,3.800,0.300,-0.118,0.001,0.000,0.000,0.000,0.000,0.0,0.0,0.0177,-0.0067,0.19,0.0023,-0.0007,0.21,-0.0068,-0.05,
29.301,1,DRIVE,3.850,0.300,-0.118,0.001,0.000,0.000,0.000,0.000,0.0,0.0,0.0174,-0.0066,0.16,0.0023,-0.0007,0.21,-0.0067,-0.08,
29.352,1,DRIVE,3.900,0.300,-0.118,0.001,0.000,0.000,0.000,0.000,0.0,0.0,0.0176,-0.0067,0.17,0.0023,-0.0007,0.24,-0.0068,-0.08,
29.401,1,DRIVE,3.950,0.300,-0.118,0.001,0.000,0.000,0.000,0.000,0.0,0.0,0.0174,-0.0066,0.18,0.0023,-0.0007,0.23,-0.0067,-0.07,
29.453,1,DRIVE,4.001,0.300,-0.118,0.001,0.000,0.000,0.000,0.000,0.0,0.0,0.0175,-0.0067,0.17,0.0023,-0.0007,0.22,-0.0068,-0.07,
29.502,1,DRIVE,4.050,0.300,-0.118,0.001,0.000,0.000,0.000,0.000,0.0,0.0,0.0178,-0.0068,0.16,0.0023,-0.0007,0.18,-0.0069,-0.08,
29.552,1,DRIVE,4.100,0.300,-0.118,0.002,0.000,0.000,0.000,0.000,0.0,0.0,0.0173,-0.0066,0.14,0.0023,-0.0007,0.24,-0.0067,-0.10,
29.602,1,DRIVE,4.150,0.300,-0.118,0.002,0.000,0.000,0.000,0.000,0.0,0.0,0.0175,-0.0066,0.15,0.0023,-0.0007,0.17,-0.0068,-0.10,
29.651,1,DRIVE,4.200,0.300,-0.118,0.002,0.000,0.000,0.000,0.000,0.0,0.0,0.0174,-0.0066,0.15,0.0023,-0.0007,0.22,-0.0067,-0.10,
29.704,1,DRIVE,4.252,0.300,-0.118,0.002,0.000,0.000,0.000,0.000,0.0,0.0,0.0179,-0.0068,0.14,0.0023,-0.0007,0.13,-0.0069,-0.10,
29.752,1,DRIVE,4.300,0.300,-0.118,0.002,0.000,0.000,0.000,0.000,0.0,0.0,0.0173,-0.0066,0.12,0.0023,-0.0007,0.21,-0.0067,-0.12,
29.802,1,DRIVE,4.351,0.300,-0.118,0.002,0.000,0.000,0.000,0.000,0.0,0.0,0.0176,-0.0067,0.15,0.0023,-0.0007,0.19,-0.0068,-0.10,
29.852,1,DRIVE,4.401,0.300,-0.118,0.002,0.000,0.000,0.000,0.000,0.0,0.0,0.0176,-0.0067,0.14,0.0023,-0.0007,0.20,-0.0068,-0.11,
29.901,1,DRIVE,4.450,0.300,-0.118,0.002,0.000,0.000,0.000,0.000,0.0,0.0,0.0174,-0.0066,0.16,0.0023,-0.0007,0.15,-0.0067,-0.09,
29.953,1,DRIVE,4.501,0.300,-0.118,0.001,0.000,0.000,0.000,0.000,0.0,0.0,0.0178,-0.0067,0.16,0.0023,-0.0007,0.22,-0.0069,-0.08,
30.001,1,DRIVE,4.550,0.300,-0.118,0.002,0.000,0.000,0.000,0.000,0.0,0.0,0.0176,-0.0067,0.14,0.0023,-0.0007,0.15,-0.0068,-0.11,
30.052,1,DRIVE,4.601,0.300,-0.118,0.002,0.000,0.000,0.000,0.000,0.0,0.0,0.0180,-0.0068,0.16,0.0023,-0.0007,0.19,-0.0069,-0.09,
30.101,1,DRIVE,4.650,0.300,-0.118,0.002,0.000,0.000,0.000,0.000,0.0,0.0,0.0175,-0.0066,0.15,0.0023,-0.0007,0.15,-0.0067,-0.09,
30.152,1,DRIVE,4.700,0.300,-0.118,0.002,0.000,0.000,0.000,0.000,0.0,0.0,0.0179,-0.0068,0.16,0.0023,-0.0006,0.18,-0.0069,-0.09,
30.203,1,DRIVE,4.752,0.300,-0.118,0.002,0.000,0.000,0.000,0.000,0.0,0.0,0.0178,-0.0067,0.15,0.0023,-0.0007,0.18,-0.0068,-0.09,
30.251,1,DRIVE,4.800,0.300,-0.118,0.002,0.000,0.000,0.000,0.000,0.0,0.0,0.0176,-0.0067,0.15,0.0023,-0.0007,0.16,-0.0068,-0.09,
30.302,1,DRIVE,4.850,0.300,-0.118,0.002,0.000,0.000,0.000,0.000,0.0,0.0,0.0179,-0.0068,0.15,0.0023,-0.0007,0.15,-0.0069,-0.10,
30.352,1,DRIVE,4.901,0.300,-0.118,0.002,0.000,0.000,0.000,0.000,0.0,0.0,0.0178,-0.0067,0.14,0.0023,-0.0006,0.17,-0.0068,-0.11,
30.403,1,DRIVE,4.952,0.300,-0.118,0.002,0.000,0.000,0.000,0.000,0.0,0.0,0.0181,-0.0068,0.15,0.0023,-0.0007,0.17,-0.0070,-0.09,
30.453,1,DRIVE,5.002,0.300,-0.118,0.002,0.000,0.000,0.000,0.000,0.0,0.0,0.0171,-0.0065,0.12,0.0023,-0.0007,0.18,-0.0066,-0.12,
30.501,1,DRIVE,5.050,0.300,-0.118,0.002,0.000,0.000,0.000,0.000,0.0,0.0,0.0174,-0.0066,0.13,0.0023,-0.0007,0.17,-0.0067,-0.11,
30.551,1,DRIVE,5.100,0.300,-0.118,0.002,0.000,0.000,0.000,0.000,0.0,0.0,0.0176,-0.0067,0.11,0.0023,-0.0006,0.16,-0.0068,-0.13,
30.602,1,DRIVE,5.150,0.300,-0.118,0.002,0.000,0.000,0.000,0.000,0.0,0.0,0.0177,-0.0067,0.13,0.0023,-0.0007,0.15,-0.0068,-0.11,
30.652,1,DRIVE,5.200,0.300,-0.118,0.002,0.000,0.000,0.000,0.000,0.0,0.0,0.0175,-0.0067,0.12,0.0023,-0.0006,0.14,-0.0068,-0.12,
30.703,1,DRIVE,5.251,0.300,-0.118,0.002,0.000,0.000,0.000,0.000,0.0,0.0,0.0175,-0.0066,0.13,0.0023,-0.0007,0.16,-0.0068,-0.11,
30.752,1,DRIVE,5.300,0.300,-0.118,0.002,0.000,0.000,0.000,0.000,0.0,0.0,0.0180,-0.0068,0.15,0.0023,-0.0007,0.17,-0.0069,-0.10,
30.802,1,DRIVE,5.350,0.300,-0.118,0.002,0.000,0.000,0.000,0.000,0.0,0.0,0.0175,-0.0066,0.13,0.0023,-0.0007,0.13,-0.0068,-0.11,
30.851,1,DRIVE,5.400,0.300,-0.118,0.002,0.000,0.000,0.000,0.000,0.0,0.0,0.0176,-0.0067,0.15,0.0023,-0.0007,0.20,-0.0068,-0.10,
30.901,1,DRIVE,5.450,0.300,-0.118,0.002,0.000,0.000,0.000,0.000,0.0,0.0,0.0178,-0.0067,0.13,0.0023,-0.0007,0.15,-0.0069,-0.12,
30.954,1,DRIVE,5.502,0.300,-0.118,0.002,0.000,0.000,0.000,0.000,0.0,0.0,0.0182,-0.0068,0.16,0.0023,-0.0007,0.18,-0.0070,-0.09,
31.001,1,DRIVE,5.550,0.300,-0.118,0.003,0.000,0.000,0.000,0.000,0.0,0.0,0.0177,-0.0067,0.09,0.0023,-0.0007,0.14,-0.0069,-0.15,
31.051,1,DRIVE,5.600,0.300,-0.118,0.002,0.000,0.000,0.000,0.000,0.0,0.0,0.0175,-0.0066,0.15,0.0023,-0.0007,0.17,-0.0068,-0.09,
31.102,1,DRIVE,5.651,0.300,-0.118,0.002,0.000,0.000,0.000,0.000,0.0,0.0,0.0181,-0.0069,0.15,0.0023,-0.0007,0.13,-0.0070,-0.10,
31.151,1,DRIVE,5.700,0.300,-0.118,0.002,0.000,0.000,0.000,0.000,0.0,0.0,0.0176,-0.0067,0.15,0.0023,-0.0006,0.16,-0.0068,-0.10,
31.203,1,DRIVE,5.752,0.300,-0.118,0.001,0.000,0.000,0.000,0.000,0.0,0.0,0.0178,-0.0067,0.16,0.0023,-0.0007,0.15,-0.0068,-0.08,
31.251,1,DRIVE,5.800,0.300,-0.118,0.001,0.000,0.000,0.000,0.000,0.0,0.0,0.0177,-0.0067,0.16,0.0023,-0.0007,0.20,-0.0068,-0.09,
31.302,1,DRIVE,5.850,0.300,-0.118,0.002,0.000,0.000,0.000,0.000,0.0,0.0,0.0177,-0.0067,0.13,0.0023,-0.0007,0.17,-0.0068,-0.11,
31.352,1,DRIVE,5.900,0.300,-0.118,0.002,0.000,0.000,0.000,0.000,0.0,0.0,0.0175,-0.0066,0.15,0.0023,-0.0007,0.19,-0.0068,-0.10,
31.401,1,DRIVE,5.950,0.300,-0.118,0.002,0.000,0.000,0.000,0.000,0.0,0.0,0.0173,-0.0066,0.13,0.0023,-0.0007,0.17,-0.0067,-0.12,
31.453,1,DRIVE,6.002,0.300,-0.118,0.002,0.000,0.000,0.000,0.000,0.0,0.0,0.0176,-0.0067,0.14,0.0023,-0.0007,0.22,-0.0068,-0.11,
31.503,1,DRIVE,6.051,0.300,-0.118,0.002,0.000,0.000,0.000,0.000,0.0,0.0,0.0177,-0.0067,0.14,0.0023,-0.0007,0.18,-0.0069,-0.10,
31.552,1,DRIVE,6.100,0.300,-0.118,0.002,0.000,0.000,0.000,0.000,0.0,0.0,0.0173,-0.0065,0.14,0.0023,-0.0007,0.20,-0.0067,-0.10,
31.601,1,DRIVE,6.150,0.300,-0.118,0.002,0.000,0.000,0.000,0.000,0.0,0.0,0.0175,-0.0067,0.12,0.0023,-0.0007,0.18,-0.0068,-0.12,
31.651,1,DRIVE,6.200,0.300,-0.118,0.004,0.000,0.000,0.000,0.000,0.0,0.0,0.0183,-0.0071,0.03,0.0023,-0.0007,0.18,-0.0073,-0.22,
31.703,1,DRIVE,6.251,0.300,-0.118,0.002,0.000,0.000,0.000,0.000,0.0,0.0,0.0174,-0.0066,0.15,0.0023,-0.0007,0.10,-0.0067,-0.10,
31.751,1,DRIVE,6.300,0.300,-0.118,0.002,0.000,0.000,0.000,0.000,0.0,0.0,0.0178,-0.0067,0.14,0.0023,-0.0006,0.17,-0.0069,-0.10,
31.801,1,DRIVE,6.350,0.300,-0.118,0.002,0.000,0.000,0.000,0.000,0.0,0.0,0.0176,-0.0067,0.13,0.0023,-0.0007,0.17,-0.0068,-0.11,
31.853,1,DRIVE,6.401,0.300,-0.118,0.002,0.000,0.000,0.000,0.000,0.0,0.0,0.0181,-0.0069,0.15,0.0023,-0.0007,0.19,-0.0070,-0.09,
31.902,1,DRIVE,6.450,0.300,-0.118,0.002,0.000,0.000,0.000,0.000,0.0,0.0,0.0173,-0.0066,0.14,0.0023,-0.0007,0.15,-0.0067,-0.11,
31.953,1,DRIVE,6.502,0.300,-0.118,0.002,0.000,0.000,0.000,0.000,0.0,0.0,0.0172,-0.0065,0.12,0.0023,-0.0007,0.16,-0.0067,-0.13,
32.001,1,DRIVE,6.550,0.300,-0.118,0.002,0.000,0.000,0.000,0.000,0.0,0.0,0.0175,-0.0066,0.14,0.0023,-0.0007,0.18,-0.0068,-0.11,
32.052,1,DRIVE,6.601,0.300,-0.118,0.002,0.000,0.000,0.000,0.000,0.0,0.0,0.0176,-0.0067,0.12,0.0023,-0.0006,0.19,-0.0068,-0.13,
32.103,1,DRIVE,6.651,0.300,-0.118,0.001,0.000,0.000,0.000,0.000,0.0,0.0,0.0178,-0.0068,0.16,0.0023,-0.0007,0.16,-0.0069,-0.08,
32.152,1,DRIVE,6.700,0.300,-0.118,0.003,0.000,0.000,0.000,0.000,0.0,0.0,0.0174,-0.0066,0.08,0.0023,-0.0007,0.16,-0.0068,-0.17,
32.204,1,DRIVE,6.753,0.300,-0.118,0.003,0.000,0.000,0.000,0.000,0.0,0.0,0.0191,-0.0073,0.09,0.0023,-0.0007,0.17,-0.0075,-0.15,
32.252,1,DRIVE,6.800,0.300,-0.118,0.002,0.000,0.000,0.000,0.000,0.0,0.0,0.0174,-0.0066,0.15,0.0023,-0.0007,0.17,-0.0067,-0.09,
32.303,1,DRIVE,6.851,0.300,-0.118,0.001,0.000,0.000,0.000,0.000,0.0,0.0,0.0179,-0.0068,0.18,0.0023,-0.0007,0.21,-0.0069,-0.06,
32.353,1,DRIVE,6.901,0.300,-0.118,0.001,0.000,0.000,0.000,0.000,0.0,0.0,0.0177,-0.0067,0.17,0.0023,-0.0007,0.18,-0.0068,-0.07,
32.402,1,DRIVE,6.950,0.300,-0.118,0.002,0.000,0.000,0.000,0.000,0.0,0.0,0.0173,-0.0066,0.16,0.0023,-0.0007,0.18,-0.0067,-0.09,
32.453,1,DRIVE,7.002,0.300,-0.118,0.002,0.000,0.000,0.000,0.000,0.0,0.0,0.0174,-0.0066,0.15,0.0023,-0.0007,0.21,-0.0067,-0.09,
32.502,1,DRIVE,7.051,0.300,-0.118,0.002,0.000,0.000,0.000,0.000,0.0,0.0,0.0176,-0.0067,0.13,0.0023,-0.0007,0.18,-0.0069,-0.12,
32.551,1,DRIVE,7.100,0.300,-0.118,0.001,0.000,0.000,0.000,0.000,0.0,0.0,0.0173,-0.0065,0.17,0.0023,-0.0007,0.22,-0.0067,-0.07,
32.602,1,DRIVE,7.150,0.300,-0.118,0.001,0.000,0.000,0.000,0.000,0.0,0.0,0.0182,-0.0069,0.21,0.0023,-0.0007,0.19,-0.0070,-0.03,
32.652,1,DRIVE,7.200,0.300,-0.118,0.001,0.000,0.000,0.000,0.000,0.0,0.0,0.0178,-0.0067,0.18,0.0023,-0.0007,0.23,-0.0069,-0.06,
32.703,1,DRIVE,7.252,0.300,-0.118,0.002,0.000,0.000,0.000,0.000,0.0,0.0,0.0176,-0.0067,0.16,0.0023,-0.0007,0.17,-0.0068,-0.09,
32.751,1,DRIVE,7.300,0.300,-0.118,0.001,0.000,0.000,0.000,0.000,0.0,0.0,0.0176,-0.0066,0.19,0.0023,-0.0007,0.21,-0.0068,-0.05,
32.803,1,DRIVE,7.351,0.300,-0.118,0.001,0.000,0.000,0.000,0.000,0.0,0.0,0.0184,-0.0070,0.17,0.0023,-0.0007,0.17,-0.0071,-0.08,
32.851,1,DRIVE,7.400,0.300,-0.118,0.001,0.000,0.000,0.000,0.000,0.0,0.0,0.0172,-0.0065,0.16,0.0023,-0.0007,0.21,-0.0066,-0.08,
32.902,1,DRIVE,7.451,0.300,-0.118,0.001,0.000,0.000,0.000,0.000,0.0,0.0,0.0180,-0.0068,0.18,0.0023,-0.0007,0.19,-0.0070,-0.06,
32.954,1,DRIVE,7.502,0.300,-0.118,0.001,0.000,0.000,0.000,0.000,0.0,0.0,0.0176,-0.0067,0.16,0.0023,-0.0007,0.23,-0.0068,-0.08,
33.002,1,DRIVE,7.550,0.300,-0.118,0.001,0.000,0.000,0.000,0.000,0.0,0.0,0.0175,-0.0066,0.16,0.0023,-0.0007,0.20,-0.0068,-0.08,
33.051,1,DRIVE,7.600,0.300,-0.118,0.001,0.000,0.000,0.000,0.000,0.0,0.0,0.0174,-0.0066,0.17,0.0023,-0.0007,0.25,-0.0068,-0.07,
33.101,1,DRIVE,7.650,0.300,-0.118,0.002,0.000,0.000,0.000,0.000,0.0,0.0,0.0176,-0.0067,0.16,0.0023,-0.0007,0.25,-0.0068,-0.09,
33.151,1,DRIVE,7.700,0.300,-0.118,0.001,0.000,0.000,0.000,0.000,0.0,0.0,0.0178,-0.0067,0.18,0.0023,-0.0007,0.22,-0.0069,-0.07,
33.203,1,DRIVE,7.751,0.300,-0.118,0.001,0.000,0.000,0.000,0.000,0.0,0.0,0.0177,-0.0067,0.18,0.0023,-0.0007,0.18,-0.0068,-0.06,
33.251,1,DRIVE,7.800,0.300,-0.118,0.001,0.000,0.000,0.000,0.000,0.0,0.0,0.0178,-0.0067,0.19,0.0023,-0.0007,0.22,-0.0069,-0.06,
33.301,1,DRIVE,7.850,0.300,-0.118,0.001,0.000,0.000,0.000,0.000,0.0,0.0,0.0179,-0.0068,0.18,0.0023,-0.0007,0.20,-0.0069,-0.06,
33.351,1,DRIVE,7.900,0.300,-0.118,0.001,0.000,0.000,0.000,0.000,0.0,0.0,0.0177,-0.0067,0.19,0.0023,-0.0007,0.19,-0.0068,-0.06,
33.401,1,DRIVE,7.950,0.300,-0.118,0.001,0.000,0.000,0.000,0.000,0.0,0.0,0.0177,-0.0067,0.17,0.0023,-0.0007,0.17,-0.0068,-0.07,
33.453,1,DRIVE,8.001,0.300,-0.118,0.001,0.000,0.000,0.000,0.000,0.0,0.0,0.0178,-0.0067,0.18,0.0023,-0.0007,0.21,-0.0069,-0.06,
33.501,1,DRIVE,8.050,0.300,-0.118,0.001,0.000,0.000,0.000,0.000,0.0,0.0,0.0179,-0.0068,0.18,0.0023,-0.0007,0.22,-0.0069,-0.06,
33.552,1,DRIVE,8.101,0.300,-0.118,0.001,0.000,0.000,0.000,0.000,0.0,0.0,0.0181,-0.0069,0.18,0.0023,-0.0007,0.20,-0.0070,-0.06,
33.602,1,DRIVE,8.150,0.300,-0.118,0.001,0.000,0.000,0.000,0.000,0.0,0.0,0.0174,-0.0066,0.18,0.0023,-0.0007,0.19,-0.0067,-0.07,
33.652,1,DRIVE,8.200,0.300,-0.118,0.001,0.000,0.000,0.000,0.000,0.0,0.0,0.0176,-0.0067,0.16,0.0023,-0.0007,0.22,-0.0068,-0.08,
33.703,1,DRIVE,8.251,0.300,-0.118,0.001,0.000,0.000,0.000,0.000,0.0,0.0,0.0176,-0.0067,0.20,0.0023,-0.0007,0.22,-0.0068,-0.05,
33.752,1,DRIVE,8.300,0.300,-0.118,0.001,0.000,0.000,0.000,0.000,0.0,0.0,0.0178,-0.0067,0.19,0.0023,-0.0007,0.24,-0.0069,-0.05,
33.801,1,DRIVE,8.350,0.300,-0.118,0.001,0.000,0.000,0.000,0.000,0.0,0.0,0.0177,-0.0067,0.20,0.0023,-0.0007,0.19,-0.0068,-0.04,
33.852,1,DRIVE,8.400,0.300,-0.118,-0.000,0.000,0.000,0.000,0.000,0.0,0.0,0.0183,-0.0069,0.25,0.0023,-0.0007,0.24,-0.0070,0.01,
33.901,1,DRIVE,8.450,0.300,-0.118,0.001,0.000,0.000,0.000,0.000,0.0,0.0,0.0174,-0.0066,0.19,0.0023,-0.0007,0.24,-0.0068,-0.05,
33.954,1,DRIVE,8.502,0.300,-0.118,0.001,0.000,0.000,0.000,0.000,0.0,0.0,0.0179,-0.0068,0.20,0.0023,-0.0007,0.28,-0.0069,-0.04,
34.002,1,DRIVE,8.551,0.300,-0.118,0.001,0.000,0.000,0.000,0.000,0.0,0.0,0.0176,-0.0067,0.17,0.0023,-0.0007,0.21,-0.0068,-0.07,
34.052,1,DRIVE,8.601,0.300,-0.118,0.001,0.000,0.000,0.000,0.000,0.0,0.0,0.0174,-0.0066,0.18,0.0023,-0.0007,0.28,-0.0067,-0.07,
34.101,1,DRIVE,8.650,0.300,-0.118,0.001,0.000,0.000,0.000,0.000,0.0,0.0,0.0173,-0.0066,0.19,0.0023,-0.0007,0.21,-0.0067,-0.06,
34.152,1,DRIVE,8.701,0.300,-0.118,0.000,0.000,0.000,0.000,0.000,0.0,0.0,0.0180,-0.0068,0.24,0.0023,-0.0007,0.28,-0.0069,-0.01,
34.203,1,DRIVE,8.751,0.300,-0.118,0.002,0.000,0.000,0.000,0.000,0.0,0.0,0.0174,-0.0067,0.16,0.0023,-0.0007,0.25,-0.0068,-0.09,
34.251,1,DRIVE,8.800,0.300,-0.118,0.001,0.000,0.000,0.000,0.000,0.0,0.0,0.0175,-0.0067,0.19,0.0023,-0.0007,0.26,-0.0068,-0.05,
34.301,1,DRIVE,8.850,0.300,-0.118,0.001,0.000,0.000,0.000,0.000,0.0,0.0,0.0176,-0.0067,0.20,0.0023,-0.0007,0.23,-0.0068,-0.05,
34.352,1,DRIVE,8.901,0.300,-0.118,0.000,0.000,0.000,0.000,0.000,0.0,0.0,0.0180,-0.0068,0.22,0.0023,-0.0007,0.25,-0.0070,-0.03,
34.401,1,DRIVE,8.950,0.300,-0.118,0.001,0.000,0.000,0.000,0.000,0.0,0.0,0.0176,-0.0067,0.19,0.0023,-0.0007,0.21,-0.0068,-0.05,
34.453,1,DRIVE,9.002,0.300,-0.118,0.001,0.000,0.000,0.000,0.000,0.0,0.0,0.0177,-0.0067,0.18,0.0023,-0.0007,0.22,-0.0069,-0.07,
34.502,1,DRIVE,9.051,0.300,-0.118,0.001,0.000,0.000,0.000,0.000,0.0,0.0,0.0179,-0.0068,0.20,0.0023,-0.0007,0.22,-0.0069,-0.04,
34.552,1,DRIVE,9.101,0.300,-0.118,0.001,0.000,0.000,0.000,0.000,0.0,0.0,0.0176,-0.0067,0.18,0.0023,-0.0007,0.28,-0.0068,-0.07,
34.602,1,DRIVE,9.150,0.300,-0.118,0.001,0.000,0.000,0.000,0.000,0.0,0.0,0.0175,-0.0066,0.16,0.0023,-0.0007,0.17,-0.0068,-0.08,
34.651,1,DRIVE,9.200,0.300,-0.118,0.001,0.000,0.000,0.000,0.000,0.0,0.0,0.0176,-0.0066,0.19,0.0023,-0.0007,0.22,-0.0068,-0.05,
34.703,1,DRIVE,9.252,0.300,-0.118,0.001,0.000,0.000,0.000,0.000,0.0,0.0,0.0180,-0.0068,0.20,0.0023,-0.0007,0.21,-0.0070,-0.05,
34.752,1,DRIVE,9.300,0.300,-0.118,0.001,0.000,0.000,0.000,0.000,0.0,0.0,0.0177,-0.0067,0.19,0.0023,-0.0007,0.24,-0.0068,-0.05,
34.801,1,DRIVE,9.350,0.300,-0.118,0.001,0.000,0.000,0.000,0.000,0.0,0.0,0.0175,-0.0066,0.17,0.0023,-0.0007,0.18,-0.0068,-0.08,
34.852,1,DRIVE,9.401,0.300,-0.118,0.001,0.000,0.000,0.000,0.000,0.0,0.0,0.0179,-0.0068,0.18,0.0023,-0.0007,0.20,-0.0069,-0.07,
34.902,1,DRIVE,9.451,0.300,-0.118,0.001,0.000,0.000,0.000,0.000,0.0,0.0,0.0178,-0.0068,0.16,0.0023,-0.0007,0.14,-0.0069,-0.08,
34.953,1,DRIVE,9.502,0.300,-0.118,0.001,0.000,0.000,0.000,0.000,0.0,0.0,0.0177,-0.0067,0.17,0.0023,-0.0007,0.18,-0.0068,-0.07,
35.001,1,DRIVE,9.550,0.300,-0.118,0.001,0.000,0.000,0.000,0.000,0.0,0.0,0.0177,-0.0067,0.17,0.0023,-0.0007,0.18,-0.0068,-0.07,
35.052,1,DRIVE,9.600,0.300,-0.118,0.001,0.000,0.000,0.000,0.000,0.0,0.0,0.0179,-0.0068,0.19,0.0023,-0.0007,0.22,-0.0069,-0.05,
35.101,1,DRIVE,9.650,0.300,-0.118,0.002,0.000,0.000,0.000,0.000,0.0,0.0,0.0174,-0.0066,0.16,0.0023,-0.0007,0.18,-0.0067,-0.09,
35.151,1,DRIVE,9.700,0.300,-0.118,0.001,0.000,0.000,0.000,0.000,0.0,0.0,0.0179,-0.0068,0.19,0.0023,-0.0007,0.22,-0.0069,-0.06,
35.203,1,DRIVE,9.751,0.300,-0.118,0.002,0.000,0.000,0.000,0.000,0.0,0.0,0.0175,-0.0066,0.15,0.0023,-0.0007,0.19,-0.0068,-0.09,
35.252,1,DRIVE,9.800,0.300,-0.118,0.001,0.000,0.000,0.000,0.000,0.0,0.0,0.0179,-0.0068,0.18,0.0023,-0.0007,0.20,-0.0069,-0.06,
35.301,1,DRIVE,9.850,0.300,-0.118,0.002,0.000,0.000,0.000,0.000,0.0,0.0,0.0174,-0.0066,0.14,0.0023,-0.0007,0.18,-0.0067,-0.11,
35.351,1,DRIVE,9.900,0.300,-0.118,0.001,0.000,0.000,0.000,0.000,0.0,0.0,0.0179,-0.0068,0.17,0.0023,-0.0007,0.20,-0.0069,-0.08,
35.402,1,DRIVE,9.950,0.300,-0.118,0.001,0.000,0.000,0.000,0.000,0.0,0.0,0.0181,-0.0068,0.19,0.0023,-0.0007,0.18,-0.0069,-0.05,
35.453,1,DRIVE,10.001,0.300,-0.118,0.002,0.000,0.000,0.000,0.000,0.0,0.0,0.0175,-0.0066,0.16,0.0023,-0.0007,0.19,-0.0067,-0.09,
35.502,1,DRIVE,10.050,0.300,-0.118,0.001,0.000,0.000,0.000,0.000,0.0,0.0,0.0179,-0.0068,0.19,0.0023,-0.0007,0.18,-0.0069,-0.06,
35.551,1,DRIVE,10.100,0.300,-0.118,0.001,0.000,0.000,0.000,0.000,0.0,0.0,0.0177,-0.0067,0.17,0.0023,-0.0007,0.18,-0.0068,-0.07,
35.602,1,DRIVE,10.150,0.300,-0.118,0.002,0.000,0.000,0.000,0.000,0.0,0.0,0.0177,-0.0067,0.15,0.0023,-0.0007,0.16,-0.0068,-0.10,
35.651,1,DRIVE,10.200,0.300,-0.118,0.001,0.000,0.000,0.000,0.000,0.0,0.0,0.0174,-0.0066,0.17,0.0023,-0.0007,0.18,-0.0067,-0.08,
35.703,1,DRIVE,10.251,0.300,-0.118,0.001,0.000,0.000,0.000,0.000,0.0,0.0,0.0178,-0.0067,0.16,0.0023,-0.0007,0.21,-0.0069,-0.08,
35.752,1,DRIVE,10.300,0.300,-0.118,0.001,0.000,0.000,0.000,0.000,0.0,0.0,0.0179,-0.0068,0.17,0.0023,-0.0007,0.17,-0.0069,-0.07,
35.802,1,DRIVE,10.351,0.300,-0.118,0.001,0.000,0.000,0.000,0.000,0.0,0.0,0.0180,-0.0068,0.17,0.0023,-0.0007,0.16,-0.0069,-0.07,
35.852,1,DRIVE,10.401,0.300,-0.118,0.001,0.000,0.000,0.000,0.000,0.0,0.0,0.0175,-0.0066,0.17,0.0023,-0.0007,0.24,-0.0068,-0.07,
35.901,1,DRIVE,10.450,0.300,-0.118,0.002,0.000,0.000,0.000,0.000,0.0,0.0,0.0173,-0.0066,0.15,0.0023,-0.0007,0.15,-0.0067,-0.10,
35.953,1,DRIVE,10.501,0.300,-0.118,0.002,0.000,0.000,0.000,0.000,0.0,0.0,0.0181,-0.0069,0.15,0.0023,-0.0007,0.18,-0.0070,-0.09,
36.001,1,DRIVE,10.550,0.300,-0.118,0.001,0.000,0.000,0.000,0.000,0.0,0.0,0.0180,-0.0068,0.18,0.0023,-0.0007,0.22,-0.0070,-0.06,
36.052,1,DRIVE,10.600,0.300,-0.118,0.001,0.000,0.000,0.000,0.000,0.0,0.0,0.0181,-0.0069,0.21,0.0023,-0.0007,0.23,-0.0070,-0.03,
36.101,1,DRIVE,10.650,0.300,-0.118,0.003,0.000,0.000,0.000,0.000,0.0,0.0,0.0207,-0.0080,0.07,0.0023,-0.0007,0.23,-0.0082,-0.18,
36.153,1,DRIVE,10.702,0.300,-0.118,0.001,0.000,0.000,0.000,0.000,0.0,0.0,0.0183,-0.0069,0.19,0.0023,-0.0007,0.20,-0.0070,-0.05,
36.204,1,DRIVE,10.752,0.300,-0.118,0.001,0.000,0.000,0.000,0.000,0.0,0.0,0.0172,-0.0065,0.20,0.0023,-0.0007,0.22,-0.0066,-0.05,
36.252,1,DRIVE,10.801,0.300,-0.118,0.001,0.000,0.000,0.000,0.000,0.0,0.0,0.0180,-0.0068,0.18,0.0023,-0.0007,0.22,-0.0069,-0.07,
36.301,1,DRIVE,10.850,0.300,-0.118,0.001,0.000,0.000,0.000,0.000,0.0,0.0,0.0175,-0.0066,0.20,0.0023,-0.0007,0.23,-0.0068,-0.05,
36.351,1,DRIVE,10.900,0.300,-0.118,0.001,0.000,0.000,0.000,0.000,0.0,0.0,0.0177,-0.0067,0.21,0.0023,-0.0007,0.20,-0.0068,-0.04,
36.401,1,DRIVE,10.950,0.300,-0.118,0.001,0.000,0.000,0.000,0.000,0.0,0.0,0.0179,-0.0068,0.19,0.0023,-0.0007,0.22,-0.0069,-0.05,
36.453,1,DRIVE,11.002,0.300,-0.118,0.001,0.000,0.000,0.000,0.000,0.0,0.0,0.0178,-0.0067,0.20,0.0023,-0.0007,0.24,-0.0069,-0.04,
36.501,1,DRIVE,11.050,0.300,-0.118,0.002,0.000,0.000,0.000,0.000,0.0,0.0,0.0179,-0.0069,0.10,0.0023,-0.0007,0.25,-0.0070,-0.14,
36.552,1,DRIVE,11.101,0.300,-0.118,0.001,0.000,0.000,0.000,0.000,0.0,0.0,0.0179,-0.0068,0.20,0.0023,-0.0007,0.24,-0.0069,-0.05,
36.601,1,DRIVE,11.150,0.300,-0.118,0.001,0.000,0.000,0.000,0.000,0.0,0.0,0.0176,-0.0067,0.17,0.0023,-0.0007,0.19,-0.0068,-0.07,
36.652,1,DRIVE,11.201,0.300,-0.118,0.001,0.000,0.000,0.000,0.000,0.0,0.0,0.0181,-0.0068,0.18,0.0023,-0.0007,0.21,-0.0070,-0.06,
36.703,1,DRIVE,11.251,0.300,-0.118,0.003,0.000,0.000,0.000,0.000,0.0,0.0,0.0178,-0.0068,0.08,0.0023,-0.0007,0.19,-0.0070,-0.16,
36.751,1,DRIVE,11.300,0.300,-0.118,0.001,0.000,0.000,0.000,0.000,0.0,0.0,0.0177,-0.0067,0.18,0.0023,-0.0007,0.17,-0.0069,-0.06,
36.801,1,DRIVE,11.350,0.300,-0.118,0.003,0.000,0.000,0.000,0.000,0.0,0.0,0.0180,-0.0069,0.09,0.0023,-0.0007,0.21,-0.0071,-0.16,
36.851,1,DRIVE,11.400,0.300,-0.118,0.001,0.000,0.000,0.000,0.000,0.0,0.0,0.0175,-0.0066,0.20,0.0023,-0.0007,0.22,-0.0067,-0.04,
36.901,1,DRIVE,11.450,0.300,-0.118,0.001,0.000,0.000,0.000,0.000,0.0,0.0,0.0177,-0.0067,0.16,0.0023,-0.0007,0.24,-0.0068,-0.08,
36.953,1,DRIVE,11.502,0.300,-0.118,0.001,0.000,0.000,0.000,0.000,0.0,0.0,0.0176,-0.0067,0.19,0.0023,-0.0007,0.23,-0.0068,-0.05,
37.001,1,DRIVE,11.550,0.300,-0.118,0.001,0.000,0.000,0.000,0.000,0.0,0.0,0.0175,-0.0066,0.17,0.0023,-0.0007,0.20,-0.0068,-0.08,
37.053,1,DRIVE,11.601,0.300,-0.118,0.002,0.000,0.000,0.000,0.000,0.0,0.0,0.0179,-0.0068,0.15,0.0023,-0.0007,0.23,-0.0069,-0.09,
37.102,1,DRIVE,11.651,0.300,-0.118,0.001,0.000,0.000,0.000,0.000,0.0,0.0,0.0174,-0.0066,0.17,0.0023,-0.0007,0.22,-0.0067,-0.08,
37.152,1,DRIVE,11.700,0.300,-0.118,0.002,0.000,0.000,0.000,0.000,0.0,0.0,0.0173,-0.0066,0.16,0.0023,-0.0007,0.21,-0.0067,-0.09,
37.203,1,DRIVE,11.751,0.300,-0.118,0.002,0.000,0.000,0.000,0.000,0.0,0.0,0.0174,-0.0066,0.16,0.0023,-0.0007,0.19,-0.0067,-0.09,
37.251,1,DRIVE,11.800,0.300,-0.118,0.001,0.000,0.000,0.000,0.000,0.0,0.0,0.0175,-0.0066,0.17,0.0023,-0.0007,0.21,-0.0068,-0.08,
37.302,1,DRIVE,11.850,0.300,-0.118,0.001,0.000,0.000,0.000,0.000,0.0,0.0,0.0176,-0.0067,0.17,0.0023,-0.0007,0.19,-0.0068,-0.08,
37.351,1,DRIVE,11.900,0.300,-0.118,0.001,0.000,0.000,0.000,0.000,0.0,0.0,0.0175,-0.0066,0.17,0.0023,-0.0007,0.24,-0.0068,-0.08,
37.401,1,DRIVE,11.950,0.300,-0.118,0.001,0.000,0.000,0.000,0.000,0.0,0.0,0.0178,-0.0068,0.17,0.0023,-0.0007,0.23,-0.0069,-0.07,
37.453,1,DRIVE,12.001,0.300,-0.118,0.001,0.000,0.000,0.000,0.000,0.0,0.0,0.0178,-0.0067,0.19,0.0023,-0.0007,0.20,-0.0069,-0.06,
37.502,1,DRIVE,12.050,0.300,-0.118,0.001,0.000,0.000,0.000,0.000,0.0,0.0,0.0179,-0.0068,0.19,0.0023,-0.0007,0.19,-0.0069,-0.05,
37.552,1,DRIVE,12.100,0.300,-0.118,0.001,0.000,0.000,0.000,0.000,0.0,0.0,0.0178,-0.0067,0.20,0.0023,-0.0007,0.24,-0.0069,-0.04,
37.601,1,DRIVE,12.150,0.300,-0.118,0.001,0.000,0.000,0.000,0.000,0.0,0.0,0.0176,-0.0067,0.19,0.0023,-0.0007,0.18,-0.0068,-0.06,
37.651,1,DRIVE,12.200,0.300,-0.118,0.001,0.000,0.000,0.000,0.000,0.0,0.0,0.0178,-0.0067,0.19,0.0023,-0.0007,0.21,-0.0069,-0.06,
37.704,1,DRIVE,12.252,0.300,-0.118,0.001,0.000,0.000,0.000,0.000,0.0,0.0,0.0179,-0.0068,0.20,0.0023,-0.0007,0.22,-0.0069,-0.05,
37.752,1,DRIVE,12.300,0.300,-0.118,0.001,0.000,0.000,0.000,0.000,0.0,0.0,0.0178,-0.0067,0.21,0.0023,-0.0007,0.22,-0.0069,-0.04,
37.801,1,DRIVE,12.350,0.300,-0.118,0.001,0.000,0.000,0.000,0.000,0.0,0.0,0.0177,-0.0067,0.21,0.0023,-0.0007,0.26,-0.0068,-0.04,
37.851,1,DRIVE,12.400,0.300,-0.118,0.001,0.000,0.000,0.000,0.000,0.0,0.0,0.0178,-0.0067,0.20,0.0023,-0.0007,0.20,-0.0069,-0.05,
37.902,1,DRIVE,12.450,0.300,-0.118,0.001,0.000,0.000,0.000,0.000,0.0,0.0,0.0178,-0.0068,0.16,0.0023,-0.0007,0.20,-0.0069,-0.08,
37.953,1,DRIVE,12.501,0.300,-0.118,0.001,0.000,0.000,0.000,0.000,0.0,0.0,0.0173,-0.0066,0.17,0.0023,-0.0007,0.25,-0.0067,-0.07,
38.001,1,DRIVE,12.550,0.300,-0.118,0.001,0.000,0.000,0.000,0.000,0.0,0.0,0.0178,-0.0067,0.16,0.0023,-0.0007,0.17,-0.0069,-0.08,
38.051,1,DRIVE,12.600,0.300,-0.118,0.001,0.000,0.000,0.000,0.000,0.0,0.0,0.0179,-0.0068,0.18,0.0023,-0.0007,0.23,-0.0069,-0.06,
38.101,1,DRIVE,12.650,0.300,-0.118,0.001,0.000,0.000,0.000,0.000,0.0,0.0,0.0178,-0.0067,0.19,0.0023,-0.0007,0.23,-0.0069,-0.06,
38.152,1,DRIVE,12.700,0.300,-0.118,0.001,0.000,0.000,0.000,0.000,0.0,0.0,0.0177,-0.0067,0.18,0.0023,-0.0007,0.23,-0.0068,-0.06,
38.203,1,DRIVE,12.751,0.300,-0.118,0.001,0.000,0.000,0.000,0.000,0.0,0.0,0.0176,-0.0067,0.18,0.0023,-0.0007,0.20,-0.0068,-0.07,
38.252,1,DRIVE,12.800,0.300,-0.118,0.001,0.000,0.000,0.000,0.000,0.0,0.0,0.0177,-0.0067,0.17,0.0023,-0.0007,0.22,-0.0069,-0.07,
38.302,1,DRIVE,12.851,0.300,-0.118,0.001,0.000,0.000,0.000,0.000,0.0,0.0,0.0178,-0.0068,0.16,0.0023,-0.0007,0.21,-0.0069,-0.08,
38.351,1,DRIVE,12.900,0.300,-0.118,0.002,0.000,0.000,0.000,0.000,0.0,0.0,0.0172,-0.0065,0.16,0.0023,-0.0007,0.23,-0.0067,-0.09,
38.401,1,DRIVE,12.950,0.300,-0.118,0.001,0.000,0.000,0.000,0.000,0.0,0.0,0.0175,-0.0067,0.17,0.0023,-0.0007,0.21,-0.0068,-0.08,
38.453,1,DRIVE,13.002,0.300,-0.118,0.001,0.000,0.000,0.000,0.000,0.0,0.0,0.0174,-0.0066,0.17,0.0023,-0.0007,0.23,-0.0067,-0.07,
38.501,1,DRIVE,13.050,0.300,-0.118,0.001,0.000,0.000,0.000,0.000,0.0,0.0,0.0175,-0.0067,0.16,0.0023,-0.0007,0.25,-0.0068,-0.08,
38.552,1,DRIVE,13.100,0.300,-0.118,0.001,0.000,0.000,0.000,0.000,0.0,0.0,0.0178,-0.0068,0.19,0.0023,-0.0007,0.24,-0.0069,-0.06,
38.602,1,DRIVE,13.151,0.300,-0.118,0.001,0.000,0.000,0.000,0.000,0.0,0.0,0.0177,-0.0067,0.19,0.0023,-0.0007,0.23,-0.0068,-0.05,
38.651,1,DRIVE,13.200,0.300,-0.118,0.001,0.000,0.000,0.000,0.000,0.0,0.0,0.0171,-0.0065,0.16,0.0023,-0.0007,0.23,-0.0066,-0.08,
38.703,1,DRIVE,13.251,0.300,-0.118,0.002,0.000,0.000,0.000,0.000,0.0,0.0,0.0173,-0.0066,0.14,0.0024,-0.0007,0.19,-0.0067,-0.10,
38.751,1,DRIVE,13.300,0.300,-0.118,0.001,0.000,0.000,0.000,0.000,0.0,0.0,0.0174,-0.0066,0.18,0.0023,-0.0007,0.26,-0.0067,-0.07,
38.801,1,DRIVE,13.350,0.300,-0.118,0.001,0.000,0.000,0.000,0.000,0.0,0.0,0.0175,-0.0067,0.18,0.0023,-0.0007,0.26,-0.0068,-0.06,
38.852,1,DRIVE,13.400,0.300,-0.118,0.001,0.000,0.000,0.000,0.000,0.0,0.0,0.0175,-0.0067,0.18,0.0023,-0.0007,0.28,-0.0068,-0.06,
38.902,1,DRIVE,13.451,0.300,-0.118,0.001,0.000,0.000,0.000,0.000,0.0,0.0,0.0174,-0.0067,0.16,0.0023,-0.0007,0.24,-0.0068,-0.08,
38.953,1,DRIVE,13.502,0.300,-0.118,0.001,0.000,0.000,0.000,0.000,0.0,0.0,0.0172,-0.0065,0.17,0.0023,-0.0007,0.24,-0.0067,-0.07,
39.001,1,DRIVE,13.550,0.300,-0.118,0.001,0.000,0.000,0.000,0.000,0.0,0.0,0.0174,-0.0066,0.19,0.0023,-0.0007,0.20,-0.0068,-0.06,
39.051,1,DRIVE,13.600,0.300,-0.118,0.001,0.000,0.000,0.000,0.000,0.0,0.0,0.0176,-0.0067,0.17,0.0023,-0.0007,0.24,-0.0068,-0.07,
39.101,1,DRIVE,13.650,0.300,-0.118,0.001,0.000,0.000,0.000,0.000,0.0,0.0,0.0176,-0.0067,0.18,0.0023,-0.0007,0.21,-0.0068,-0.06,
39.152,1,DRIVE,13.700,0.300,-0.118,0.001,0.000,0.000,0.000,0.000,0.0,0.0,0.0180,-0.0068,0.21,0.0023,-0.0007,0.24,-0.0069,-0.03,
39.203,1,DRIVE,13.751,0.300,-0.118,0.001,0.000,0.000,0.000,0.000,0.0,0.0,0.0175,-0.0066,0.20,0.0023,-0.0007,0.21,-0.0068,-0.04,
39.251,1,DRIVE,13.800,0.300,-0.118,0.001,0.000,0.000,0.000,0.000,0.0,0.0,0.0175,-0.0067,0.19,0.0023,-0.0007,0.22,-0.0068,-0.05,
39.302,1,DRIVE,13.851,0.300,-0.118,0.000,0.000,0.000,0.000,0.000,0.0,0.0,0.0181,-0.0069,0.22,0.0023,-0.0007,0.27,-0.0070,-0.03,
39.353,1,DRIVE,13.902,0.300,-0.118,0.001,0.000,0.000,0.000,0.000,0.0,0.0,0.0176,-0.0067,0.17,0.0023,-0.0007,0.22,-0.0068,-0.08,
39.401,1,DRIVE,13.950,0.300,-0.118,0.002,0.000,0.000,0.000,0.000,0.0,0.0,0.0171,-0.0065,0.15,0.0023,-0.0007,0.20,-0.0066,-0.09,
39.454,1,DRIVE,14.002,0.300,-0.118,0.001,0.000,0.000,0.000,0.000,0.0,0.0,0.0178,-0.0067,0.17,0.0023,-0.0007,0.24,-0.0069,-0.07,
39.501,1,DRIVE,14.050,0.300,-0.118,0.001,0.000,0.000,0.000,0.000,0.0,0.0,0.0175,-0.0066,0.21,0.0023,-0.0007,0.24,-0.0068,-0.04,
39.551,1,DRIVE,14.100,0.300,-0.118,0.001,0.000,0.000,0.000,0.000,0.0,0.0,0.0176,-0.0067,0.19,0.0023,-0.0007,0.27,-0.0068,-0.05,
39.603,1,DRIVE,14.151,0.300,-0.118,0.000,0.000,0.000,0.000,0.000,0.0,0.0,0.0186,-0.0070,0.22,0.0023,-0.0007,0.19,-0.0072,-0.03,
39.651,1,DRIVE,14.200,0.300,-0.118,0.001,0.000,0.000,0.000,0.000,0.0,0.0,0.0171,-0.0065,0.18,0.0023,-0.0007,0.23,-0.0066,-0.06,
39.703,1,DRIVE,14.252,0.300,-0.118,0.001,0.000,0.000,0.000,0.000,0.0,0.0,0.0178,-0.0068,0.19,0.0023,-0.0007,0.20,-0.0069,-0.05,
39.752,1,DRIVE,14.301,0.300,-0.118,0.001,0.000,0.000,0.000,0.000,0.0,0.0,0.0179,-0.0068,0.19,0.0023,-0.0007,0.20,-0.0069,-0.05,
39.801,1,DRIVE,14.350,0.300,-0.118,0.001,0.000,0.000,0.000,0.000,0.0,0.0,0.0178,-0.0068,0.19,0.0023,-0.0007,0.21,-0.0069,-0.05,
39.851,1,DRIVE,14.400,0.300,-0.118,0.001,0.000,0.000,0.000,0.000,0.0,0.0,0.0175,-0.0066,0.18,0.0023,-0.0007,0.25,-0.0067,-0.06,
39.901,1,DRIVE,14.450,0.300,-0.118,0.001,0.000,0.000,0.000,0.000,0.0,0.0,0.0179,-0.0068,0.18,0.0023,-0.0007,0.20,-0.0069,-0.07,
39.953,1,DRIVE,14.501,0.300,-0.118,0.001,0.000,0.000,0.000,0.000,0.0,0.0,0.0175,-0.0066,0.19,0.0023,-0.0007,0.23,-0.0068,-0.05,
40.001,1,DRIVE,14.550,0.300,-0.118,0.001,0.000,0.000,0.000,0.000,0.0,0.0,0.0180,-0.0068,0.17,0.0023,-0.0007,0.21,-0.0070,-0.07,
40.051,1,DRIVE,14.600,0.300,-0.118,0.001,0.000,0.000,0.000,0.000,0.0,0.0,0.0175,-0.0066,0.20,0.0023,-0.0007,0.25,-0.0068,-0.05,
40.102,1,DRIVE,14.650,0.300,-0.118,0.001,0.000,0.000,0.000,0.000,0.0,0.0,0.0180,-0.0068,0.18,0.0023,-0.0007,0.21,-0.0070,-0.07,
40.152,1,DRIVE,14.700,0.300,-0.118,0.001,0.000,0.000,0.000,0.000,0.0,0.0,0.0178,-0.0068,0.16,0.0023,-0.0007,0.26,-0.0069,-0.08,
40.203,1,DRIVE,14.751,0.300,-0.118,0.001,0.000,0.000,0.000,0.000,0.0,0.0,0.0176,-0.0067,0.20,0.0023,-0.0007,0.21,-0.0068,-0.05,
40.251,1,DRIVE,14.800,0.300,-0.118,0.001,0.000,0.000,0.000,0.000,0.0,0.0,0.0176,-0.0067,0.21,0.0023,-0.0007,0.23,-0.0068,-0.03,
40.302,1,DRIVE,14.851,0.300,-0.118,0.001,0.000,0.000,0.000,0.000,0.0,0.0,0.0179,-0.0068,0.18,0.0023,-0.0007,0.21,-0.0069,-0.06,
40.352,1,DRIVE,14.900,0.300,-0.118,0.001,0.000,0.000,0.000,0.000,0.0,0.0,0.0175,-0.0066,0.19,0.0023,-0.0007,0.25,-0.0068,-0.06,
40.401,1,DRIVE,14.950,0.300,-0.118,0.001,0.000,0.000,0.000,0.000,0.0,0.0,0.0175,-0.0066,0.21,0.0023,-0.0007,0.25,-0.0068,-0.04,
40.455,1,DRIVE,15.004,0.300,-0.118,0.001,0.000,0.000,0.000,0.000,0.0,0.0,0.0183,-0.0070,0.18,0.0023,-0.0007,0.25,-0.0071,-0.06,
40.502,1,DRIVE,15.050,0.300,-0.118,0.001,0.000,0.000,0.000,0.000,0.0,0.0,0.0170,-0.0064,0.19,0.0023,-0.0007,0.29,-0.0066,-0.05,
40.551,1,DRIVE,15.100,0.300,-0.118,0.001,0.000,0.000,0.000,0.000,0.0,0.0,0.0174,-0.0066,0.18,0.0023,-0.0007,0.23,-0.0067,-0.06,
40.602,1,DRIVE,15.150,0.300,-0.118,0.001,0.000,0.000,0.000,0.000,0.0,0.0,0.0177,-0.0068,0.18,0.0023,-0.0007,0.23,-0.0069,-0.07,
40.651,1,DRIVE,15.200,0.300,-0.118,0.000,0.000,0.000,0.000,0.000,0.0,0.0,0.0176,-0.0067,0.23,0.0023,-0.0007,0.25,-0.0068,-0.01,
40.703,1,DRIVE,15.251,0.300,-0.118,0.001,0.000,0.000,0.000,0.000,0.0,0.0,0.0178,-0.0067,0.20,0.0023,-0.0007,0.22,-0.0069,-0.04,
40.752,1,DRIVE,15.300,0.300,-0.118,0.001,0.000,0.000,0.000,0.000,0.0,0.0,0.0180,-0.0068,0.21,0.0023,-0.0007,0.27,-0.0069,-0.03,
40.802,1,DRIVE,15.350,0.300,-0.118,0.001,0.000,0.000,0.000,0.000,0.0,0.0,0.0177,-0.0067,0.19,0.0023,-0.0007,0.23,-0.0068,-0.06,
40.853,1,DRIVE,15.401,0.300,-0.118,0.001,0.000,0.000,0.000,0.000,0.0,0.0,0.0176,-0.0067,0.18,0.0023,-0.0007,0.24,-0.0068,-0.07,
40.902,1,DRIVE,15.450,0.300,-0.118,0.001,0.000,0.000,0.000,0.000,0.0,0.0,0.0176,-0.0067,0.20,0.0023,-0.0007,0.25,-0.0068,-0.04,
40.954,1,DRIVE,15.503,0.300,-0.118,0.001,0.000,0.000,0.000,0.000,0.0,0.0,0.0175,-0.0067,0.17,0.0023,-0.0007,0.25,-0.0068,-0.07,
41.002,1,DRIVE,15.550,0.300,-0.118,0.001,0.000,0.000,0.000,0.000,0.0,0.0,0.0171,-0.0065,0.16,0.0023,-0.0007,0.27,-0.0067,-0.08,
41.051,1,DRIVE,15.600,0.300,-0.118,0.001,0.000,0.000,0.000,0.000,0.0,0.0,0.0172,-0.0066,0.17,0.0023,-0.0007,0.23,-0.0067,-0.07,
41.102,1,DRIVE,15.650,0.300,-0.118,0.002,0.000,0.000,0.000,0.000,0.0,0.0,0.0177,-0.0067,0.16,0.0023,-0.0007,0.19,-0.0069,-0.09,
41.153,1,DRIVE,15.701,0.300,-0.118,0.001,0.000,0.000,0.000,0.000,0.0,0.0,0.0178,-0.0068,0.19,0.0023,-0.0007,0.24,-0.0069,-0.06,
41.203,1,DRIVE,15.752,0.300,-0.118,0.001,0.000,0.000,0.000,0.000,0.0,0.0,0.0174,-0.0066,0.20,0.0023,-0.0007,0.24,-0.0067,-0.05,
41.251,1,DRIVE,15.800,0.300,-0.118,0.000,0.000,0.000,0.000,0.000,0.0,0.0,0.0180,-0.0068,0.23,0.0023,-0.0007,0.21,-0.0069,-0.02,
41.301,1,DRIVE,15.850,0.300,-0.118,0.001,0.000,0.000,0.000,0.000,0.0,0.0,0.0179,-0.0068,0.18,0.0023,-0.0007,0.20,-0.0069,-0.06,
41.352,1,DRIVE,15.900,0.300,-0.118,0.000,0.000,0.000,0.000,0.000,0.0,0.0,0.0182,-0.0069,0.24,0.0023,-0.0007,0.25,-0.0070,-0.01,
41.401,1,DRIVE,15.950,0.300,-0.118,0.001,0.000,0.000,0.000,0.000,0.0,0.0,0.0176,-0.0067,0.20,0.0023,-0.0007,0.21,-0.0068,-0.04,
41.453,1,DRIVE,16.001,0.300,-0.118,0.000,0.000,0.000,0.000,0.000,0.0,0.0,0.0178,-0.0067,0.22,0.0023,-0.0007,0.23,-0.0069,-0.03,
41.501,1,DRIVE,16.050,0.300,-0.118,-0.000,0.000,0.000,0.000,0.000,0.0,0.0,0.0182,-0.0069,0.25,0.0023,-0.0007,0.22,-0.0070,0.01,
41.552,1,DRIVE,16.100,0.300,-0.118,0.000,0.000,0.000,0.000,0.000,0.0,0.0,0.0180,-0.0068,0.22,0.0023,-0.0007,0.27,-0.0069,-0.02,
41.602,1,DRIVE,16.150,0.300,-0.118,0.001,0.000,0.000,0.000,0.000,0.0,0.0,0.0175,-0.0067,0.19,0.0023,-0.0007,0.26,-0.0068,-0.05,
41.651,1,DRIVE,16.200,0.300,-0.118,0.000,0.000,0.000,0.000,0.000,0.0,0.0,0.0176,-0.0067,0.24,0.0023,-0.0007,0.29,-0.0068,-0.01,
41.703,1,DRIVE,16.251,0.300,-0.118,0.001,0.000,0.000,0.000,0.000,0.0,0.0,0.0178,-0.0067,0.20,0.0023,-0.0007,0.24,-0.0069,-0.05,
41.751,1,DRIVE,16.300,0.300,-0.118,0.000,0.000,0.000,0.000,0.000,0.0,0.0,0.0179,-0.0068,0.22,0.0023,-0.0007,0.26,-0.0069,-0.03,
41.801,1,DRIVE,16.350,0.300,-0.118,0.001,0.000,0.000,0.000,0.000,0.0,0.0,0.0176,-0.0067,0.18,0.0023,-0.0007,0.23,-0.0068,-0.06,
41.852,1,DRIVE,16.400,0.300,-0.118,0.001,0.000,0.000,0.000,0.000,0.0,0.0,0.0178,-0.0068,0.21,0.0023,-0.0007,0.27,-0.0069,-0.03,
41.901,1,DRIVE,16.450,0.300,-0.118,0.001,0.000,0.000,0.000,0.000,0.0,0.0,0.0173,-0.0066,0.20,0.0023,-0.0007,0.27,-0.0067,-0.05,
41.953,1,DRIVE,16.501,0.300,-0.118,0.001,0.000,0.000,0.000,0.000,0.0,0.0,0.0174,-0.0066,0.17,0.0023,-0.0007,0.25,-0.0068,-0.07,
42.001,1,DRIVE,16.549,0.300,-0.118,0.001,0.000,0.000,0.000,0.000,0.0,0.0,0.0173,-0.0066,0.16,0.0023,-0.0007,0.24,-0.0067,-0.08,
42.052,1,DRIVE,16.600,0.300,-0.118,0.001,0.000,0.000,0.000,0.000,0.0,0.0,0.0178,-0.0067,0.20,0.0023,-0.0007,0.28,-0.0069,-0.05,
42.102,1,DRIVE,16.650,0.300,-0.118,0.001,0.000,0.000,0.000,0.000,0.0,0.0,0.0175,-0.0066,0.19,0.0023,-0.0007,0.29,-0.0068,-0.05,
42.151,1,DRIVE,16.700,0.300,-0.118,0.000,0.000,0.000,0.000,0.000,0.0,0.0,0.0177,-0.0067,0.22,0.0023,-0.0007,0.24,-0.0069,-0.02,
42.203,1,DRIVE,16.752,0.300,-0.118,0.001,0.000,0.000,0.000,0.000,0.0,0.0,0.0177,-0.0067,0.19,0.0023,-0.0007,0.25,-0.0069,-0.05,
42.251,1,DRIVE,16.800,0.300,-0.118,0.001,0.000,0.000,0.000,0.000,0.0,0.0,0.0172,-0.0066,0.17,0.0023,-0.0007,0.26,-0.0067,-0.07,
42.302,1,DRIVE,16.851,0.300,-0.118,0.000,0.000,0.000,0.000,0.000,0.0,0.0,0.0178,-0.0068,0.22,0.0023,-0.0007,0.30,-0.0069,-0.03,
42.351,1,DRIVE,16.900,0.300,-0.118,-0.001,0.000,0.000,0.000,0.000,0.0,0.0,0.0179,-0.0068,0.29,0.0023,-0.0008,0.28,-0.0069,0.05,
42.401,1,DRIVE,16.950,0.300,-0.118,0.000,0.000,0.000,0.000,0.000,0.0,0.0,0.0179,-0.0068,0.23,0.0023,-0.0007,0.25,-0.0069,-0.01,
42.453,1,DRIVE,17.001,0.300,-0.118,0.003,0.000,0.000,0.000,0.000,0.0,0.0,0.0208,-0.0081,0.07,0.0023,-0.0007,0.25,-0.0082,-0.17,
42.501,1,DRIVE,17.050,0.300,-0.118,0.001,0.000,0.000,0.000,0.000,0.0,0.0,0.0176,-0.0067,0.21,0.0023,-0.0007,0.34,-0.0068,-0.04,
42.551,1,DRIVE,17.100,0.300,-0.118,0.001,0.000,0.000,0.000,0.000,0.0,0.0,0.0176,-0.0067,0.21,0.0023,-0.0007,0.32,-0.0068,-0.03,
42.601,1,DRIVE,17.150,0.300,-0.118,0.000,0.000,0.000,0.000,0.000,0.0,0.0,0.0176,-0.0067,0.22,0.0023,-0.0007,0.32,-0.0068,-0.02,
42.652,1,DRIVE,17.201,0.300,-0.118,0.000,0.000,0.000,0.000,0.000,0.0,0.0,0.0179,-0.0068,0.24,0.0023,-0.0007,0.30,-0.0069,-0.00,
42.703,1,DRIVE,17.251,0.300,-0.118,0.000,0.000,0.000,0.000,0.000,0.0,0.0,0.0173,-0.0066,0.22,0.0023,-0.0007,0.31,-0.0067,-0.02,
42.751,1,DRIVE,17.300,0.300,-0.118,-0.000,0.000,0.000,0.000,0.000,0.0,0.0,0.0178,-0.0068,0.26,0.0023,-0.0008,0.31,-0.0069,0.02,
42.804,1,DRIVE,17.352,0.300,-0.118,0.000,0.000,0.000,0.000,0.000,0.0,0.0,0.0185,-0.0070,0.24,0.0023,-0.0007,0.32,-0.0072,-0.00,
42.861,1,DRIVE,17.410,0.300,-0.118,0.000,0.000,0.000,0.000,0.000,0.0,0.0,0.0200,-0.0076,0.24,0.0023,-0.0007,0.32,-0.0078,-0.00,
42.901,1,DRIVE,17.450,0.300,-0.118,-0.000,0.000,0.000,0.000,0.000,0.0,0.0,0.0149,-0.0056,0.25,0.0023,-0.0008,0.32,-0.0058,0.00,
42.954,1,DRIVE,17.503,0.300,-0.118,0.000,0.000,0.000,0.000,0.000,0.0,0.0,0.0174,-0.0067,0.23,0.0023,-0.0008,0.30,-0.0068,-0.01,
43.003,1,DRIVE,17.552,0.300,-0.118,0.000,0.000,0.000,0.000,0.000,0.0,0.0,0.0182,-0.0070,0.22,0.0023,-0.0008,0.34,-0.0071,-0.02,
43.051,1,DRIVE,17.600,0.300,-0.118,-0.001,0.000,0.000,0.000,0.000,0.0,0.0,0.0176,-0.0067,0.32,0.0023,-0.0007,0.34,-0.0068,0.07,
43.101,1,DRIVE,17.650,0.300,-0.118,0.000,0.000,0.000,0.000,0.000,0.0,0.0,0.0178,-0.0068,0.24,0.0023,-0.0007,0.26,-0.0069,-0.00,
43.152,1,DRIVE,17.700,0.300,-0.118,-0.000,0.000,0.000,0.000,0.000,0.0,0.0,0.0180,-0.0068,0.25,0.0023,-0.0007,0.29,-0.0070,0.01,
43.203,1,DRIVE,17.751,0.300,-0.118,0.001,0.000,0.000,0.000,0.000,0.0,0.0,0.0174,-0.0066,0.21,0.0023,-0.0007,0.26,-0.0068,-0.04,
43.251,1,DRIVE,17.800,0.300,-0.118,0.000,0.000,0.000,0.000,0.000,0.0,0.0,0.0175,-0.0067,0.23,0.0023,-0.0007,0.28,-0.0068,-0.02,
43.301,1,DRIVE,17.850,0.300,-0.118,0.001,0.000,0.000,0.000,0.000,0.0,0.0,0.0176,-0.0067,0.19,0.0023,-0.0007,0.24,-0.0068,-0.06,
43.351,1,DRIVE,17.900,0.300,-0.118,0.001,0.000,0.000,0.000,0.000,0.0,0.0,0.0176,-0.0067,0.21,0.0023,-0.0007,0.26,-0.0068,-0.04,
43.402,1,DRIVE,17.951,0.300,-0.118,0.000,0.000,0.000,0.000,0.000,0.0,0.0,0.0181,-0.0069,0.22,0.0023,-0.0007,0.27,-0.0070,-0.02,
43.454,1,DRIVE,18.002,0.300,-0.118,0.000,0.000,0.000,0.000,0.000,0.0,0.0,0.0174,-0.0066,0.22,0.0023,-0.0007,0.26,-0.0067,-0.02,
43.501,1,DRIVE,18.050,0.300,-0.118,0.001,0.000,0.000,0.000,0.000,0.0,0.0,0.0177,-0.0067,0.21,0.0023,-0.0007,0.28,-0.0068,-0.04,
43.551,1,DRIVE,18.100,0.300,-0.118,0.000,0.000,0.000,0.000,0.000,0.0,0.0,0.0179,-0.0068,0.22,0.0023,-0.0007,0.26,-0.0069,-0.02,
43.601,1,DRIVE,18.150,0.300,-0.118,-0.000,0.000,0.000,0.000,0.000,0.0,0.0,0.0181,-0.0068,0.26,0.0023,-0.0007,0.25,-0.0070,0.01,
43.652,1,DRIVE,18.200,0.300,-0.118,0.001,0.000,0.000,0.000,0.000,0.0,0.0,0.0177,-0.0067,0.20,0.0023,-0.0007,0.20,-0.0068,-0.04,
43.703,1,DRIVE,18.251,0.300,-0.118,0.001,0.000,0.000,0.000,0.000,0.0,0.0,0.0177,-0.0067,0.19,0.0023,-0.0007,0.25,-0.0068,-0.05,
43.752,1,DRIVE,18.301,0.300,-0.118,0.001,0.000,0.000,0.000,0.000,0.0,0.0,0.0179,-0.0068,0.18,0.0023,-0.0007,0.24,-0.0069,-0.07,
43.801,1,DRIVE,18.350,0.300,-0.118,0.001,0.000,0.000,0.000,0.000,0.0,0.0,0.0172,-0.0065,0.17,0.0023,-0.0007,0.20,-0.0067,-0.07,
43.852,1,DRIVE,18.401,0.300,-0.118,0.000,0.000,0.000,0.000,0.000,0.0,0.0,0.0178,-0.0067,0.22,0.0023,-0.0007,0.26,-0.0069,-0.03,
43.902,1,DRIVE,18.451,0.300,-0.118,0.001,0.000,0.000,0.000,0.000,0.0,0.0,0.0176,-0.0067,0.16,0.0023,-0.0007,0.24,-0.0068,-0.08,
43.953,1,DRIVE,18.502,0.300,-0.118,0.001,0.000,0.000,0.000,0.000,0.0,0.0,0.0172,-0.0066,0.16,0.0023,-0.0007,0.26,-0.0067,-0.09,
44.002,1,DRIVE,18.550,0.300,-0.118,0.001,0.000,0.000,0.000,0.000,0.0,0.0,0.0175,-0.0067,0.18,0.0023,-0.0007,0.25,-0.0068,-0.06,
44.052,1,DRIVE,18.601,0.300,-0.118,0.001,0.000,0.000,0.000,0.000,0.0,0.0,0.0176,-0.0067,0.18,0.0023,-0.0007,0.28,-0.0068,-0.06,
44.101,1,DRIVE,18.650,0.300,-0.118,0.001,0.000,0.000,0.000,0.000,0.0,0.0,0.0172,-0.0065,0.17,0.0023,-0.0007,0.23,-0.0067,-0.07,
44.152,1,DRIVE,18.700,0.300,-0.118,0.001,0.000,0.000,0.000,0.000,0.0,0.0,0.0178,-0.0067,0.16,0.0023,-0.0007,0.21,-0.0069,-0.08,
44.204,1,DRIVE,18.752,0.300,-0.118,0.002,0.000,0.000,0.000,0.000,0.0,0.0,0.0174,-0.0066,0.14,0.0023,-0.0007,0.21,-0.0067,-0.11,
44.252,1,DRIVE,18.800,0.300,-0.118,0.001,0.000,0.000,0.000,0.000,0.0,0.0,0.0176,-0.0067,0.17,0.0023,-0.0007,0.23,-0.0068,-0.07,
44.301,1,DRIVE,18.850,0.300,-0.118,0.001,0.000,0.000,0.000,0.000,0.0,0.0,0.0173,-0.0066,0.18,0.0023,-0.0007,0.27,-0.0067,-0.07,
44.351,1,DRIVE,18.900,0.300,-0.118,0.001,0.000,0.000,0.000,0.000,0.0,0.0,0.0175,-0.0067,0.18,0.0023,-0.0007,0.24,-0.0068,-0.07,
44.401,1,DRIVE,18.950,0.300,-0.118,0.001,0.000,0.000,0.000,0.000,0.0,0.0,0.0176,-0.0067,0.17,0.0023,-0.0007,0.26,-0.0068,-0.07,
44.453,1,DRIVE,19.001,0.300,-0.118,0.001,0.000,0.000,0.000,0.000,0.0,0.0,0.0173,-0.0066,0.18,0.0023,-0.0007,0.25,-0.0067,-0.07,
44.501,1,DRIVE,19.050,0.300,-0.118,0.001,0.000,0.000,0.000,0.000,0.0,0.0,0.0176,-0.0067,0.17,0.0023,-0.0007,0.23,-0.0068,-0.08,
44.552,1,DRIVE,19.100,0.300,-0.118,0.000,0.000,0.000,0.000,0.000,0.0,0.0,0.0179,-0.0068,0.22,0.0023,-0.0007,0.23,-0.0069,-0.03,
44.601,1,DRIVE,19.150,0.300,-0.118,0.001,0.000,0.000,0.000,0.000,0.0,0.0,0.0177,-0.0067,0.19,0.0023,-0.0007,0.25,-0.0068,-0.05,
44.651,1,DRIVE,19.200,0.300,-0.118,0.001,0.000,0.000,0.000,0.000,0.0,0.0,0.0179,-0.0068,0.21,0.0023,-0.0007,0.23,-0.0069,-0.04,
44.704,1,DRIVE,19.252,0.300,-0.118,0.000,0.000,0.000,0.000,0.000,0.0,0.0,0.0180,-0.0068,0.22,0.0023,-0.0007,0.28,-0.0069,-0.02,
44.751,1,DRIVE,19.300,0.300,-0.118,0.001,0.000,0.000,0.000,0.000,0.0,0.0,0.0173,-0.0066,0.19,0.0023,-0.0007,0.27,-0.0067,-0.06,
44.801,1,DRIVE,19.350,0.300,-0.118,0.001,0.000,0.000,0.000,0.000,0.0,0.0,0.0178,-0.0068,0.20,0.0023,-0.0007,0.24,-0.0069,-0.05,
44.851,1,DRIVE,19.400,0.300,-0.118,0.000,0.000,0.000,0.000,0.000,0.0,0.0,0.0178,-0.0067,0.22,0.0023,-0.0007,0.25,-0.0069,-0.02,
44.902,1,DRIVE,19.450,0.300,-0.118,0.001,0.000,0.000,0.000,0.000,0.0,0.0,0.0177,-0.0067,0.20,0.0023,-0.0007,0.30,-0.0068,-0.04,
44.953,1,DRIVE,19.501,0.300,-0.118,0.001,0.000,0.000,0.000,0.000,0.0,0.0,0.0174,-0.0066,0.19,0.0023,-0.0007,0.27,-0.0067,-0.06,
45.001,1,DRIVE,19.550,0.300,-0.118,0.001,0.000,0.000,0.000,0.000,0.0,0.0,0.0176,-0.0067,0.18,0.0023,-0.0007,0.27,-0.0068,-0.06,
45.051,1,DRIVE,19.600,0.300,-0.118,0.001,0.000,0.000,0.000,0.000,0.0,0.0,0.0176,-0.0067,0.21,0.0024,-0.0007,0.22,-0.0068,-0.03,
45.101,1,DRIVE,19.650,0.300,-0.118,0.001,0.000,0.000,0.000,0.000,0.0,0.0,0.0177,-0.0067,0.21,0.0023,-0.0007,0.25,-0.0069,-0.03,
45.151,1,DRIVE,19.700,0.300,-0.118,0.000,0.000,0.000,0.000,0.000,0.0,0.0,0.0178,-0.0067,0.23,0.0023,-0.0007,0.27,-0.0069,-0.02,
45.203,1,DRIVE,19.751,0.300,-0.118,0.001,0.000,0.000,0.000,0.000,0.0,0.0,0.0176,-0.0067,0.17,0.0023,-0.0007,0.25,-0.0068,-0.07,
45.252,1,DRIVE,19.800,0.300,-0.118,0.000,0.000,0.000,0.000,0.000,0.0,0.0,0.0178,-0.0068,0.23,0.0023,-0.0007,0.27,-0.0069,-0.02,
45.301,1,DRIVE,19.849,0.300,-0.118,0.001,0.000,0.000,0.000,0.000,0.0,0.0,0.0176,-0.0067,0.21,0.0023,-0.0007,0.28,-0.0068,-0.03,
45.351,1,DRIVE,19.900,0.300,-0.118,0.001,0.000,0.000,0.000,0.000,0.0,0.0,0.0176,-0.0067,0.17,0.0023,-0.0007,0.23,-0.0068,-0.07,
45.401,1,DRIVE,19.950,0.300,-0.118,0.000,0.000,0.000,0.000,0.000,0.0,0.0,0.0182,-0.0069,0.22,0.0023,-0.0007,0.22,-0.0070,-0.02,
45.453,1,DRIVE,20.001,0.300,-0.118,0.001,0.000,0.000,0.000,0.000,0.0,0.0,0.0179,-0.0067,0.20,0.0023,-0.0007,0.24,-0.0069,-0.05,
45.502,1,DRIVE,20.051,0.000,0.000,0.000,0.000,0.000,0.000,0.000,0.0,0.0,0.0176,-0.0067,0.20,0.0023,-0.0007,0.26,-0.0068,-0.05,FIN_DRIVE_leg1_TIMEOUT_20.0s
45.503,1,STOP_BEFORE_SPIN,0.000,0.000,0.000,0.000,0.000,0.000,0.000,0.000,0.0,0.0,0.0176,-0.0067,0.20,0.0023,-0.0007,0.26,-0.0068,-0.05,
45.551,1,STOP_BEFORE_SPIN,0.048,0.000,0.000,0.000,0.000,0.000,0.000,0.000,0.0,0.0,0.0028,-0.0009,0.19,0.0023,-0.0007,0.20,-0.0010,-0.05,
45.601,1,STOP_BEFORE_SPIN,0.098,0.000,0.000,0.000,0.000,0.000,0.000,0.000,0.0,0.0,0.0026,-0.0008,0.20,0.0023,-0.0007,0.20,-0.0009,-0.05,
45.652,1,STOP_BEFORE_SPIN,0.149,0.000,0.000,0.000,0.000,0.000,0.000,0.000,0.0,0.0,0.0022,-0.0007,0.19,0.0023,-0.0007,0.20,-0.0007,-0.05,
45.701,1,STOP_BEFORE_SPIN,0.198,0.000,0.000,0.000,0.000,0.000,0.000,0.000,0.0,0.0,0.0021,-0.0006,0.16,0.0023,-0.0007,0.20,-0.0007,-0.09,
45.752,1,STOP_BEFORE_SPIN,0.249,0.000,0.000,0.000,0.000,0.000,0.000,0.000,0.0,0.0,0.0021,-0.0006,0.18,0.0023,-0.0007,0.20,-0.0007,-0.06,
45.802,1,STOP_BEFORE_SPIN,0.299,0.000,0.000,0.000,0.000,0.000,0.000,0.000,0.0,0.0,0.0019,-0.0006,0.15,0.0023,-0.0007,0.21,-0.0006,-0.10,
45.852,1,STOP_BEFORE_SPIN,0.349,0.000,0.000,0.000,0.000,0.000,0.000,0.000,0.0,0.0,0.0021,-0.0007,0.19,0.0023,-0.0007,0.23,-0.0007,-0.05,
45.901,1,STOP_BEFORE_SPIN,0.398,0.000,0.000,0.000,0.000,0.000,0.000,0.000,0.0,0.0,0.0021,-0.0006,0.17,0.0023,-0.0007,0.24,-0.0007,-0.08,
45.951,1,STOP_BEFORE_SPIN,0.448,0.000,0.000,0.000,0.000,0.000,0.000,0.000,0.0,0.0,0.0021,-0.0006,0.19,0.0023,-0.0007,0.22,-0.0007,-0.06,
46.002,1,STOP_BEFORE_SPIN,0.499,0.000,0.000,0.000,0.000,0.000,0.000,0.000,0.0,0.0,0.0018,-0.0006,0.14,0.0023,-0.0007,0.24,-0.0006,-0.10,
46.052,1,STOP_BEFORE_SPIN,0.549,0.000,0.000,0.000,0.000,0.000,0.000,0.000,0.0,0.0,0.0019,-0.0006,0.15,0.0023,-0.0007,0.21,-0.0006,-0.09,
46.102,1,STOP_BEFORE_SPIN,0.599,0.000,0.000,0.000,0.000,0.000,0.000,0.000,0.0,0.0,0.0017,-0.0005,0.13,0.0023,-0.0007,0.24,-0.0006,-0.11,
46.152,1,STOP_BEFORE_SPIN,0.649,0.000,0.000,0.000,0.000,0.000,0.000,0.000,0.0,0.0,0.0017,-0.0005,0.14,0.0023,-0.0007,0.23,-0.0006,-0.10,
46.203,1,STOP_BEFORE_SPIN,0.700,0.000,0.000,0.000,0.000,0.000,0.000,0.000,0.0,0.0,0.0020,-0.0006,0.18,0.0023,-0.0007,0.28,-0.0007,-0.07,
46.253,1,STOP_BEFORE_SPIN,0.750,0.000,0.000,0.000,0.000,0.000,0.000,0.000,0.0,0.0,0.0016,-0.0005,0.15,0.0023,-0.0007,0.28,-0.0006,-0.09,
46.301,1,STOP_BEFORE_SPIN,0.798,0.000,0.000,0.000,0.000,0.000,0.000,0.000,0.0,0.0,0.0020,-0.0006,0.19,0.0023,-0.0007,0.26,-0.0007,-0.05,
46.351,1,STOP_BEFORE_SPIN,0.848,0.000,0.000,0.000,0.000,0.000,0.000,0.000,0.0,0.0,0.0019,-0.0006,0.18,0.0023,-0.0007,0.25,-0.0006,-0.07,
46.401,1,STOP_BEFORE_SPIN,0.898,0.000,0.000,0.000,0.000,0.000,0.000,0.000,0.0,0.0,0.0019,-0.0006,0.16,0.0023,-0.0007,0.23,-0.0007,-0.08,
46.452,1,STOP_BEFORE_SPIN,0.949,0.000,0.000,0.000,0.000,0.000,0.000,0.000,0.0,0.0,0.0021,-0.0007,0.21,0.0023,-0.0007,0.24,-0.0007,-0.04,
46.501,1,STOP_BEFORE_SPIN,0.998,0.000,0.000,0.000,0.000,0.000,0.000,0.000,0.0,0.0,0.0021,-0.0007,0.18,0.0023,-0.0007,0.24,-0.0007,-0.06,
46.553,1,STOP_BEFORE_SPIN,1.050,0.000,0.000,0.000,0.000,0.000,0.000,0.000,0.0,0.0,0.0019,-0.0006,0.18,0.0023,-0.0007,0.23,-0.0007,-0.07,INICIO_DRIFT_leg1
46.554,1,DRIFT,0.000,0.000,0.000,0.000,0.000,0.000,0.000,0.000,0.0,0.0,0.0019,-0.0006,0.18,0.0023,-0.0007,0.23,-0.0007,0.00,
46.601,1,DRIFT,0.048,0.000,-0.000,1.000,0.000,0.000,0.000,0.000,0.0,0.0,0.0021,-0.0007,0.19,0.0023,-0.0007,0.21,-0.0007,0.01,
46.651,1,DRIFT,0.098,0.000,-0.000,1.000,0.000,0.000,0.000,0.000,0.0,0.0,0.0021,-0.0007,3.08,0.0023,-0.0007,0.23,-0.0007,2.90,
46.701,1,DRIFT,0.148,0.000,-0.000,1.000,0.000,0.000,0.000,0.000,0.0,0.0,0.0019,-0.0006,3.17,0.0023,-0.0007,0.23,-0.0007,2.99,
46.751,1,DRIFT,0.198,0.000,-0.000,1.000,0.000,0.000,0.000,0.000,0.0,0.0,0.0020,-0.0006,3.30,0.0023,-0.0007,0.34,-0.0007,3.12,
46.801,1,DRIFT,0.248,0.000,-0.000,1.000,0.000,0.000,0.000,0.000,0.0,0.0,0.0017,-0.0004,3.43,0.0019,-0.0003,0.46,-0.0004,3.25,
46.853,1,DRIFT,0.300,0.000,-0.000,1.000,0.000,0.000,0.000,0.000,0.0,0.0,0.0017,-0.0004,3.39,0.0020,-0.0004,0.49,-0.0004,3.22,
46.901,1,DRIFT,0.348,0.000,-0.000,1.000,0.000,0.000,0.000,0.000,0.0,0.0,0.0017,-0.0004,3.43,0.0019,-0.0004,0.45,-0.0004,3.26,
46.951,1,DRIFT,0.398,0.000,-0.000,1.000,0.000,0.000,0.000,0.000,0.0,0.0,0.0016,-0.0003,3.41,0.0020,-0.0004,0.51,-0.0004,3.24,
47.002,1,DRIFT,0.449,0.000,-0.000,1.000,0.000,0.000,0.000,0.000,0.0,0.0,0.0018,-0.0004,3.47,0.0020,-0.0004,0.47,-0.0004,3.30,
47.051,1,DRIFT,0.498,0.000,-0.000,1.000,0.000,0.000,0.000,0.000,0.0,0.0,0.0016,-0.0003,3.38,0.0019,-0.0003,0.60,-0.0004,3.20,
47.103,1,DRIFT,0.550,0.000,-0.000,1.000,0.000,0.000,0.000,0.000,0.0,0.0,0.0016,-0.0002,3.46,0.0019,-0.0003,0.60,-0.0003,3.28,
47.151,1,DRIFT,0.598,0.000,-0.000,1.000,0.000,0.000,0.000,0.000,0.0,0.0,0.0016,-0.0002,3.47,0.0019,-0.0003,0.56,-0.0003,3.29,
47.201,1,DRIFT,0.648,0.000,-0.000,1.000,0.000,0.000,0.000,0.000,0.0,0.0,0.0012,-0.0002,3.49,0.0019,-0.0003,0.55,-0.0002,3.31,
47.251,1,DRIFT,0.698,0.000,-0.000,1.000,0.000,0.000,0.000,0.000,0.0,0.0,0.0016,-0.0002,3.46,0.0019,-0.0002,0.59,-0.0003,3.28,
47.301,1,DRIFT,0.748,0.000,-0.000,1.000,0.000,0.000,0.000,0.000,0.0,0.0,0.0017,-0.0002,3.51,0.0018,-0.0003,0.59,-0.0003,3.33,
47.353,1,DRIFT,0.800,0.000,-0.000,1.000,0.000,0.000,0.000,0.000,0.0,0.0,0.0017,-0.0002,3.53,0.0019,-0.0003,0.54,-0.0003,3.36,
47.403,1,DRIFT,0.850,0.000,-0.000,1.000,0.000,0.000,0.000,0.000,0.0,0.0,0.0015,-0.0002,3.50,0.0018,-0.0003,0.56,-0.0003,3.33,
47.452,1,DRIFT,0.899,0.000,-0.000,1.000,0.000,0.000,0.000,0.000,0.0,0.0,0.0014,-0.0002,3.39,0.0019,-0.0003,0.57,-0.0002,3.21,
47.501,1,DRIFT,0.948,0.000,-0.000,1.000,0.000,0.000,0.000,0.000,0.0,0.0,0.0017,-0.0002,3.44,0.0019,-0.0003,0.58,-0.0003,3.27,
47.551,1,DRIFT,0.998,0.000,-0.000,1.000,0.000,0.000,0.000,0.000,0.0,0.0,0.0017,-0.0002,3.54,0.0019,-0.0002,0.59,-0.0003,3.36,
47.603,1,DRIFT,1.050,0.000,-0.000,1.000,0.000,0.000,0.000,0.000,0.0,0.0,0.0016,-0.0002,3.54,0.0018,-0.0002,0.55,-0.0003,3.37,
47.652,1,DRIFT,1.098,0.000,-0.000,1.000,0.000,0.000,0.000,0.000,0.0,0.0,0.0017,-0.0002,3.54,0.0018,-0.0002,0.57,-0.0003,3.37,
47.702,1,DRIFT,1.149,0.000,-0.000,1.000,0.000,0.000,0.000,0.000,0.0,0.0,0.0015,-0.0001,3.49,0.0018,-0.0001,0.62,-0.0002,3.31,
47.751,1,DRIFT,1.198,0.000,-0.000,1.000,0.000,0.000,0.000,0.000,0.0,0.0,0.0015,-0.0001,3.45,0.0018,-0.0002,0.58,-0.0002,3.27,
47.801,1,DRIFT,1.248,0.000,-0.000,1.000,0.000,0.000,0.000,0.000,0.0,0.0,0.0015,-0.0001,3.47,0.0018,-0.0002,0.64,-0.0002,3.30,
47.854,1,DRIFT,1.301,0.000,-0.000,1.000,0.000,0.000,0.000,0.000,0.0,0.0,0.0014,-0.0001,3.49,0.0018,-0.0002,0.65,-0.0002,3.32,
47.901,1,DRIFT,1.348,0.000,-0.000,1.000,0.000,0.000,0.000,0.000,0.0,0.0,0.0014,-0.0001,3.46,0.0018,-0.0001,0.68,-0.0002,3.28,
47.951,1,DRIFT,1.398,0.000,-0.000,1.000,0.000,0.000,0.000,0.000,0.0,0.0,0.0016,-0.0001,3.62,0.0018,-0.0001,0.65,-0.0002,3.44,
48.001,1,DRIFT,1.448,0.000,-0.000,1.000,0.000,0.000,0.000,0.000,0.0,0.0,0.0016,-0.0001,3.63,0.0018,-0.0001,0.69,-0.0002,3.45,
48.052,1,DRIFT,1.498,0.000,-0.000,1.000,0.000,0.000,0.000,0.000,0.0,0.0,0.0016,-0.0001,3.65,0.0018,-0.0001,0.70,-0.0001,3.48,
48.103,1,DRIFT,1.550,0.000,-0.000,1.000,0.000,0.000,0.000,0.000,0.0,0.0,0.0015,-0.0001,3.70,0.0018,-0.0001,0.69,-0.0001,3.53,
48.151,1,DRIFT,1.598,0.000,-0.000,1.000,0.000,0.000,0.000,0.000,0.0,0.0,0.0005,-0.0000,4.01,0.0018,-0.0001,0.69,-0.0001,3.83,
48.201,1,DRIFT,1.648,0.000,-0.000,1.000,0.000,0.000,0.000,0.000,0.0,0.0,0.0015,0.0001,3.69,0.0017,0.0002,0.94,0.0000,3.52,
48.253,1,DRIFT,1.699,0.000,-0.000,1.000,0.000,0.000,0.000,0.000,0.0,0.0,0.0015,0.0002,3.84,0.0017,0.0002,0.98,0.0001,3.66,
48.301,1,DRIFT,1.748,0.000,-0.000,1.000,0.000,0.000,0.000,0.000,0.0,0.0,0.0015,0.0002,3.68,0.0017,0.0002,0.96,0.0001,3.51,
48.354,1,DRIFT,1.800,0.000,-0.000,1.000,0.000,0.000,0.000,0.000,0.0,0.0,0.0016,0.0002,3.87,0.0018,0.0002,0.96,0.0002,3.70,
48.401,1,DRIFT,1.848,0.000,-0.000,1.000,0.000,0.000,0.000,0.000,0.0,0.0,0.0016,0.0002,3.84,0.0018,0.0002,0.99,0.0002,3.66,
48.451,1,DRIFT,1.898,0.000,-0.000,1.000,0.000,0.000,0.000,0.000,0.0,0.0,0.0016,0.0002,3.88,0.0018,0.0002,0.97,0.0001,3.70,
48.502,1,DRIFT,1.949,0.000,-0.000,1.000,0.000,0.000,0.000,0.000,0.0,0.0,0.0014,0.0002,3.70,0.0017,0.0002,1.01,0.0001,3.52,
48.552,1,DRIFT,1.999,0.000,-0.000,1.000,0.000,0.000,0.000,0.000,0.0,0.0,0.0014,0.0002,3.78,0.0018,0.0002,0.98,0.0001,3.60,
48.603,1,DRIFT,2.050,0.000,-0.000,1.000,0.000,0.000,0.000,0.000,0.0,0.0,0.0017,0.0002,3.87,0.0018,0.0003,1.02,0.0002,3.70,
48.651,1,DRIFT,2.098,0.000,-0.000,1.000,0.000,0.000,0.000,0.000,0.0,0.0,0.0016,0.0002,3.78,0.0019,0.0003,1.05,0.0002,3.60,
48.701,1,DRIFT,2.148,0.000,-0.000,1.000,0.000,0.000,0.000,0.000,0.0,0.0,0.0018,0.0002,3.92,0.0024,0.0003,1.30,0.0002,3.74,
48.751,1,DRIFT,2.198,0.000,-0.000,1.000,0.000,0.000,0.000,0.000,0.0,0.0,0.0020,0.0003,4.06,0.0026,0.0004,1.42,0.0002,3.88,
48.802,1,DRIFT,2.249,0.000,-0.000,1.000,0.000,0.000,0.000,0.000,0.0,0.0,0.0024,0.0004,4.34,0.0026,0.0005,1.45,0.0003,4.16,
48.854,1,DRIFT,2.301,0.000,-0.000,1.000,0.000,0.000,0.000,0.000,0.0,0.0,0.0023,0.0004,4.32,0.0026,0.0005,1.44,0.0003,4.15,
48.901,1,DRIFT,2.348,0.000,-0.000,1.000,0.000,0.000,0.000,0.000,0.0,0.0,0.0023,0.0004,4.23,0.0026,0.0005,1.51,0.0003,4.05,
48.952,1,DRIFT,2.399,0.000,-0.000,1.000,0.000,0.000,0.000,0.000,0.0,0.0,0.0023,0.0004,4.25,0.0026,0.0004,1.54,0.0003,4.07,
49.001,1,DRIFT,2.448,0.000,-0.000,1.000,0.000,0.000,0.000,0.000,0.0,0.0,0.0023,0.0004,4.26,0.0026,0.0005,1.51,0.0004,4.08,
49.053,2,DRIFT,2.500,0.000,0.000,0.000,0.000,0.000,0.000,0.000,0.0,0.0,0.0022,0.0004,4.15,0.0026,0.0004,1.52,0.0003,3.97,FIN_DRIFT_leg1_TIMEOUT_2.5s_2.50s
49.055,2,STOP_BEFORE_DRIVE,0.000,0.000,0.000,0.000,0.000,0.000,0.000,0.000,0.0,0.0,0.0022,0.0004,4.15,0.0026,0.0004,1.52,0.0003,3.97,
49.101,2,STOP_BEFORE_DRIVE,0.047,0.000,0.000,0.000,0.000,0.000,0.000,0.000,0.0,0.0,0.0024,0.0004,1.45,0.0026,0.0005,1.48,0.0004,1.27,
49.151,2,STOP_BEFORE_DRIVE,0.097,0.000,0.000,0.000,0.000,0.000,0.000,0.000,0.0,0.0,0.0023,0.0004,1.27,0.0026,0.0005,1.48,0.0004,1.09,
49.202,2,STOP_BEFORE_DRIVE,0.148,0.000,0.000,0.000,0.000,0.000,0.000,0.000,0.0,0.0,0.0022,0.0004,1.10,0.0026,0.0005,1.48,0.0003,0.93,
49.252,2,STOP_BEFORE_DRIVE,0.197,0.000,0.000,0.000,0.000,0.000,0.000,0.000,0.0,0.0,0.0022,0.0004,1.12,0.0026,0.0004,1.43,0.0003,0.95,
49.302,2,STOP_BEFORE_DRIVE,0.247,0.000,0.000,0.000,0.000,0.000,0.000,0.000,0.0,0.0,0.0021,0.0004,1.03,0.0026,0.0004,1.46,0.0003,0.86,
49.353,2,STOP_BEFORE_DRIVE,0.299,0.000,0.000,0.000,0.000,0.000,0.000,0.000,0.0,0.0,0.0019,0.0003,0.92,0.0026,0.0004,1.45,0.0003,0.74,
49.403,2,STOP_BEFORE_DRIVE,0.349,0.000,0.000,0.000,0.000,0.000,0.000,0.000,0.0,0.0,0.0020,0.0003,0.97,0.0026,0.0004,1.47,0.0003,0.79,
49.452,2,STOP_BEFORE_DRIVE,0.398,0.000,0.000,0.000,0.000,0.000,0.000,0.000,0.0,0.0,0.0022,0.0004,1.13,0.0026,0.0004,1.46,0.0003,0.95,
49.501,2,STOP_BEFORE_DRIVE,0.448,0.000,0.000,0.000,0.000,0.000,0.000,0.000,0.0,0.0,0.0021,0.0003,1.04,0.0026,0.0004,1.50,0.0003,0.87,
49.552,2,STOP_BEFORE_DRIVE,0.497,0.000,0.000,0.000,0.000,0.000,0.000,0.000,0.0,0.0,0.0022,0.0004,1.13,0.0026,0.0004,1.46,0.0003,0.96,
49.601,2,STOP_BEFORE_DRIVE,0.547,0.000,0.000,0.000,0.000,0.000,0.000,0.000,0.0,0.0,0.0023,0.0004,1.26,0.0026,0.0004,1.50,0.0003,1.08,
49.651,2,STOP_BEFORE_DRIVE,0.597,0.000,0.000,0.000,0.000,0.000,0.000,0.000,0.0,0.0,0.0021,0.0003,1.06,0.0026,0.0004,1.46,0.0003,0.88,
49.701,2,STOP_BEFORE_DRIVE,0.647,0.000,0.000,0.000,0.000,0.000,0.000,0.000,0.0,0.0,0.0024,0.0004,1.26,0.0026,0.0004,1.50,0.0003,1.08,
49.752,2,STOP_BEFORE_DRIVE,0.698,0.000,0.000,0.000,0.000,0.000,0.000,0.000,0.0,0.0,0.0026,0.0004,1.44,0.0026,0.0004,1.46,0.0004,1.27,
49.801,2,STOP_BEFORE_DRIVE,0.747,0.000,0.000,0.000,0.000,0.000,0.000,0.000,0.0,0.0,0.0023,0.0004,1.23,0.0026,0.0005,1.46,0.0003,1.05,
49.852,2,STOP_BEFORE_DRIVE,0.798,0.000,0.000,0.000,0.000,0.000,0.000,0.000,0.0,0.0,0.0023,0.0004,1.16,0.0026,0.0004,1.43,0.0003,0.99,
49.901,2,STOP_BEFORE_DRIVE,0.847,0.000,0.000,0.000,0.000,0.000,0.000,0.000,0.0,0.0,0.0023,0.0004,1.19,0.0026,0.0004,1.48,0.0003,1.01,
49.951,2,STOP_BEFORE_DRIVE,0.897,0.000,0.000,0.000,0.000,0.000,0.000,0.000,0.0,0.0,0.0023,0.0004,1.21,0.0026,0.0004,1.46,0.0003,1.03,
50.001,2,STOP_BEFORE_DRIVE,0.947,0.000,0.000,0.000,0.000,0.000,0.000,0.000,0.0,0.0,0.0024,0.0004,1.28,0.0026,0.0004,1.48,0.0003,1.10,
50.053,2,STOP_BEFORE_DRIVE,0.998,0.000,0.000,0.000,0.000,0.000,0.000,0.000,0.0,0.0,0.0024,0.0004,1.25,0.0026,0.0004,1.44,0.0003,1.07,
50.101,2,DRIVE,0.000,0.000,0.000,0.000,0.000,0.000,0.000,0.000,0.0,0.0,0.0022,0.0004,1.09,0.0026,0.0004,1.49,0.0000,0.00,
50.151,2,DRIVE,0.050,0.300,-0.120,0.001,0.000,0.000,0.000,0.000,0.0,0.0,0.0021,0.0003,1.04,0.0026,0.0004,1.44,-0.0000,-0.05,
50.202,2,DRIVE,0.101,0.300,-0.118,-0.001,0.000,0.000,0.000,0.000,0.0,0.0,0.0176,-0.0054,1.16,0.0026,0.0004,1.45,-0.0061,0.06,
50.251,2,DRIVE,0.150,0.300,-0.118,0.000,0.000,0.000,0.000,0.000,0.0,0.0,0.0176,-0.0054,1.08,0.0026,0.0004,1.45,-0.0061,-0.02,
50.301,2,DRIVE,0.200,0.300,-0.118,-0.002,0.000,0.000,0.000,0.000,0.0,0.0,0.0181,-0.0055,1.22,0.0026,0.0004,1.47,-0.0061,0.12,
50.354,2,DRIVE,0.253,0.300,-0.118,-0.002,0.000,0.000,0.000,0.000,0.0,0.0,0.0185,-0.0056,1.19,0.0026,0.0004,1.45,-0.0063,0.09,
50.402,2,DRIVE,0.301,0.300,-0.118,0.001,0.000,0.000,0.000,0.000,0.0,0.0,0.0180,-0.0056,1.02,0.0032,-0.0000,1.32,-0.0063,-0.07,
50.451,2,DRIVE,0.350,0.300,-0.118,-0.004,0.000,0.000,0.000,0.000,0.0,0.0,0.0192,-0.0059,1.35,0.0035,-0.0001,1.36,-0.0066,0.26,
50.501,2,DRIVE,0.400,0.300,-0.118,-0.001,0.000,0.000,0.000,0.000,0.0,0.0,0.0190,-0.0060,1.14,0.0035,-0.0001,1.39,-0.0067,0.05,
50.551,2,DRIVE,0.450,0.300,-0.118,-0.001,0.000,0.000,0.000,0.000,0.0,0.0,0.0190,-0.0060,1.17,0.0035,-0.0001,1.37,-0.0066,0.07,
50.604,2,DRIVE,0.503,0.300,-0.118,-0.004,0.000,0.000,0.000,0.000,0.0,0.0,0.0196,-0.0061,1.32,0.0035,-0.0001,1.38,-0.0068,0.23,
50.651,2,DRIVE,0.550,0.300,-0.118,-0.002,0.000,0.000,0.000,0.000,0.0,0.0,0.0187,-0.0058,1.19,0.0035,-0.0001,1.36,-0.0065,0.09,
50.701,2,DRIVE,0.600,0.300,-0.118,0.003,0.000,0.000,0.000,0.000,0.0,0.0,0.0184,-0.0060,0.92,0.0035,-0.0001,1.38,-0.0066,-0.17,
50.751,2,DRIVE,0.650,0.300,-0.118,-0.001,0.000,0.000,0.000,0.000,0.0,0.0,0.0190,-0.0060,1.15,0.0035,-0.0002,1.38,-0.0067,0.05,
50.801,2,DRIVE,0.700,0.300,-0.118,-0.002,0.000,0.000,0.000,0.000,0.0,0.0,0.0190,-0.0059,1.23,0.0035,-0.0001,1.40,-0.0066,0.13,
50.853,2,DRIVE,0.752,0.300,-0.118,0.002,0.000,0.000,0.000,0.000,0.0,0.0,0.0186,-0.0060,0.96,0.0035,-0.0001,1.34,-0.0067,-0.14,
50.901,2,DRIVE,0.800,0.300,-0.118,0.002,0.000,0.000,0.000,0.000,0.0,0.0,0.0187,-0.0060,0.98,0.0035,-0.0001,1.38,-0.0067,-0.11,
50.951,2,DRIVE,0.850,0.300,-0.118,-0.004,0.000,0.000,0.000,0.000,0.0,0.0,0.0193,-0.0059,1.34,0.0035,-0.0001,1.31,-0.0066,0.25,
51.001,2,DRIVE,0.901,0.300,-0.118,0.002,0.000,0.000,0.000,0.000,0.0,0.0,0.0188,-0.0060,1.01,0.0035,-0.0001,1.38,-0.0067,-0.09,
51.051,2,DRIVE,0.950,0.300,-0.118,0.001,0.000,0.000,0.000,0.000,0.0,0.0,0.0186,-0.0059,1.05,0.0035,-0.0001,1.40,-0.0066,-0.04,
51.103,2,DRIVE,1.002,0.300,-0.118,0.000,0.000,0.000,0.000,0.000,0.0,0.0,0.0188,-0.0060,1.08,0.0035,-0.0001,1.42,-0.0067,-0.02,
51.151,2,DRIVE,1.051,0.300,-0.118,0.002,0.000,0.000,0.000,0.000,0.0,0.0,0.0186,-0.0060,0.97,0.0035,-0.0001,1.38,-0.0067,-0.13,
51.201,2,DRIVE,1.100,0.300,-0.118,-0.001,0.000,0.000,0.000,0.000,0.0,0.0,0.0190,-0.0060,1.17,0.0035,-0.0001,1.41,-0.0066,0.07,
51.252,2,DRIVE,1.151,0.300,-0.118,0.002,0.000,0.000,0.000,0.000,0.0,0.0,0.0187,-0.0060,0.97,0.0036,-0.0001,1.36,-0.0067,-0.12,
51.303,2,DRIVE,1.202,0.300,-0.118,0.002,0.000,0.000,0.000,0.000,0.0,0.0,0.0187,-0.0060,0.96,0.0035,-0.0001,1.36,-0.0067,-0.13,
51.353,2,DRIVE,1.252,0.300,-0.118,0.000,0.000,0.000,0.000,0.000,0.0,0.0,0.0186,-0.0058,1.09,0.0037,-0.0001,1.30,-0.0065,-0.00,
51.402,2,DRIVE,1.301,0.300,-0.118,0.003,0.000,0.000,0.000,0.000,0.0,0.0,0.0190,-0.0061,0.94,0.0037,-0.0001,1.34,-0.0068,-0.15,
51.451,2,DRIVE,1.350,0.300,-0.118,-0.001,0.000,0.000,0.000,0.000,0.0,0.0,0.0190,-0.0059,1.17,0.0038,-0.0001,1.39,-0.0065,0.07,
51.501,2,DRIVE,1.400,0.300,-0.118,0.001,0.000,0.000,0.000,0.000,0.0,0.0,0.0189,-0.0059,1.05,0.0038,-0.0001,1.35,-0.0066,-0.05,
51.551,2,DRIVE,1.450,0.300,-0.118,0.002,0.000,0.000,0.000,0.000,0.0,0.0,0.0189,-0.0059,1.01,0.0038,-0.0001,1.33,-0.0066,-0.09,
51.603,2,DRIVE,1.502,0.300,-0.118,0.002,0.000,0.000,0.000,0.000,0.0,0.0,0.0189,-0.0060,0.97,0.0038,-0.0001,1.39,-0.0067,-0.13,
51.651,2,DRIVE,1.550,0.300,-0.118,-0.001,0.000,0.000,0.000,0.000,0.0,0.0,0.0193,-0.0060,1.13,0.0038,-0.0001,1.35,-0.0067,0.04,
51.701,2,DRIVE,1.600,0.300,-0.118,0.000,0.000,0.000,0.000,0.000,0.0,0.0,0.0188,-0.0059,1.08,0.0038,-0.0001,1.38,-0.0066,-0.01,
51.751,2,DRIVE,1.650,0.300,-0.118,0.001,0.000,0.000,0.000,0.000,0.0,0.0,0.0189,-0.0060,1.03,0.0038,-0.0001,1.37,-0.0066,-0.07,
51.801,2,DRIVE,1.700,0.300,-0.118,0.004,0.000,0.000,0.000,0.000,0.0,0.0,0.0185,-0.0060,0.87,0.0038,-0.0001,1.37,-0.0067,-0.23,
51.854,2,DRIVE,1.753,0.300,-0.118,0.000,0.000,0.000,0.000,0.000,0.0,0.0,0.0192,-0.0060,1.07,0.0038,-0.0002,1.41,-0.0067,-0.02,
51.901,2,DRIVE,1.800,0.300,-0.118,0.000,0.000,0.000,0.000,0.000,0.0,0.0,0.0187,-0.0059,1.09,0.0038,-0.0002,1.44,-0.0065,-0.01,
51.952,2,DRIVE,1.851,0.300,-0.118,0.004,0.000,0.000,0.000,0.000,0.0,0.0,0.0186,-0.0060,0.89,0.0038,-0.0001,1.38,-0.0067,-0.21,
52.001,2,DRIVE,1.900,0.300,-0.118,0.003,0.000,0.000,0.000,0.000,0.0,0.0,0.0194,-0.0063,0.91,0.0038,-0.0001,1.37,-0.0070,-0.18,
52.053,2,DRIVE,1.952,0.300,-0.118,-0.001,0.000,0.000,0.000,0.000,0.0,0.0,0.0194,-0.0061,1.14,0.0038,-0.0001,1.40,-0.0067,0.04,
52.103,2,DRIVE,2.002,0.300,-0.118,-0.003,0.000,0.000,0.000,0.000,0.0,0.0,0.0188,-0.0058,1.24,0.0038,-0.0002,1.46,-0.0065,0.15,
52.151,2,DRIVE,2.050,0.300,-0.118,-0.002,0.000,0.000,0.000,0.000,0.0,0.0,0.0191,-0.0059,1.21,0.0038,-0.0002,1.42,-0.0066,0.12,
52.201,2,DRIVE,2.100,0.300,-0.118,-0.001,0.000,0.000,0.000,0.000,0.0,0.0,0.0193,-0.0060,1.17,0.0038,-0.0001,1.41,-0.0067,0.07,
52.251,2,DRIVE,2.150,0.300,-0.118,-0.002,0.000,0.000,0.000,0.000,0.0,0.0,0.0192,-0.0060,1.20,0.0038,-0.0002,1.39,-0.0067,0.11,
52.301,2,DRIVE,2.200,0.300,-0.118,0.001,0.000,0.000,0.000,0.000,0.0,0.0,0.0189,-0.0060,1.06,0.0038,-0.0001,1.44,-0.0066,-0.03,
52.353,2,DRIVE,2.252,0.300,-0.118,0.000,0.000,0.000,0.000,0.000,0.0,0.0,0.0189,-0.0059,1.09,0.0038,-0.0001,1.37,-0.0066,-0.01,
52.402,2,DRIVE,2.301,0.300,-0.118,0.001,0.000,0.000,0.000,0.000,0.0,0.0,0.0190,-0.0060,1.01,0.0038,-0.0002,1.47,-0.0067,-0.09,
52.452,2,DRIVE,2.351,0.300,-0.118,-0.002,0.000,0.000,0.000,0.000,0.0,0.0,0.0193,-0.0060,1.19,0.0038,-0.0002,1.41,-0.0067,0.10,
52.501,2,DRIVE,2.400,0.300,-0.118,-0.002,0.000,0.000,0.000,0.000,0.0,0.0,0.0190,-0.0058,1.22,0.0038,-0.0001,1.42,-0.0065,0.12,
52.551,2,DRIVE,2.450,0.300,-0.118,-0.002,0.000,0.000,0.000,0.000,0.0,0.0,0.0192,-0.0060,1.21,0.0038,-0.0002,1.42,-0.0067,0.11,
52.603,2,DRIVE,2.502,0.300,-0.118,0.001,0.000,0.000,0.000,0.000,0.0,0.0,0.0190,-0.0060,1.06,0.0038,-0.0001,1.39,-0.0067,-0.04,
52.651,2,DRIVE,2.550,0.300,-0.118,0.001,0.000,0.000,0.000,0.000,0.0,0.0,0.0188,-0.0060,1.06,0.0038,-0.0002,1.43,-0.0066,-0.04,
52.701,2,DRIVE,2.600,0.300,-0.118,0.000,0.000,0.000,0.000,0.000,0.0,0.0,0.0189,-0.0060,1.08,0.0038,-0.0002,1.49,-0.0067,-0.02,
52.751,2,DRIVE,2.650,0.300,-0.118,0.000,0.000,0.000,0.000,0.000,0.0,0.0,0.0189,-0.0060,1.07,0.0038,-0.0002,1.43,-0.0067,-0.02,
52.801,2,DRIVE,2.700,0.300,-0.118,0.001,0.000,0.000,0.000,0.000,0.0,0.0,0.0189,-0.0060,1.04,0.0038,-0.0001,1.44,-0.0067,-0.06,
52.854,2,DRIVE,2.753,0.300,-0.118,-0.003,0.000,0.000,0.000,0.000,0.0,0.0,0.0195,-0.0060,1.26,0.0038,-0.0002,1.44,-0.0067,0.16,
52.902,2,DRIVE,2.801,0.300,-0.118,-0.006,0.000,0.000,0.000,0.000,0.0,0.0,0.0197,-0.0060,1.43,0.0038,-0.0002,1.48,-0.0067,0.34,
52.951,2,DRIVE,2.850,0.300,-0.118,-0.000,0.000,0.000,0.000,0.000,0.0,0.0,0.0186,-0.0059,1.10,0.0038,-0.0002,1.45,-0.0066,0.00,
53.001,2,DRIVE,2.900,0.300,-0.118,-0.002,0.000,0.000,0.000,0.000,0.0,0.0,0.0193,-0.0060,1.21,0.0038,-0.0002,1.50,-0.0067,0.11,
53.052,2,DRIVE,2.951,0.300,-0.118,0.001,0.000,0.000,0.000,0.000,0.0,0.0,0.0188,-0.0060,1.02,0.0038,-0.0002,1.45,-0.0067,-0.08,
53.103,2,DRIVE,3.002,0.300,-0.118,-0.000,0.000,0.000,0.000,0.000,0.0,0.0,0.0188,-0.0059,1.11,0.0038,-0.0002,1.49,-0.0066,0.01,
53.151,2,DRIVE,3.050,0.300,-0.118,0.000,0.000,0.000,0.000,0.000,0.0,0.0,0.0189,-0.0060,1.09,0.0038,-0.0002,1.43,-0.0067,-0.00,
53.201,2,DRIVE,3.100,0.300,-0.118,-0.003,0.000,0.000,0.000,0.000,0.0,0.0,0.0192,-0.0060,1.24,0.0038,-0.0002,1.46,-0.0067,0.15,
53.251,2,DRIVE,3.150,0.300,-0.118,0.001,0.000,0.000,0.000,0.000,0.0,0.0,0.0189,-0.0060,1.05,0.0038,-0.0002,1.48,-0.0067,-0.04,
53.302,2,DRIVE,3.201,0.300,-0.118,0.001,0.000,0.000,0.000,0.000,0.0,0.0,0.0189,-0.0061,1.04,0.0038,-0.0002,1.50,-0.0067,-0.06,
53.353,2,DRIVE,3.252,0.300,-0.118,-0.003,0.000,0.000,0.000,0.000,0.0,0.0,0.0190,-0.0059,1.26,0.0038,-0.0002,1.49,-0.0066,0.17,
53.401,2,DRIVE,3.300,0.300,-0.118,-0.006,0.000,0.000,0.000,0.000,0.0,0.0,0.0197,-0.0060,1.45,0.0038,-0.0002,1.45,-0.0067,0.35,
53.452,2,DRIVE,3.351,0.300,-0.118,0.001,0.000,0.000,0.000,0.000,0.0,0.0,0.0190,-0.0061,1.03,0.0038,-0.0002,1.49,-0.0068,-0.06,
53.501,2,DRIVE,3.400,0.300,-0.118,0.001,0.000,0.000,0.000,0.000,0.0,0.0,0.0186,-0.0059,1.06,0.0038,-0.0002,1.48,-0.0066,-0.04,
53.551,2,DRIVE,3.450,0.300,-0.118,-0.002,0.000,0.000,0.000,0.000,0.0,0.0,0.0193,-0.0060,1.23,0.0038,-0.0002,1.50,-0.0067,0.13,
53.603,2,DRIVE,3.502,0.300,-0.118,-0.006,0.000,0.000,0.000,0.000,0.0,0.0,0.0197,-0.0060,1.46,0.0038,-0.0002,1.45,-0.0067,0.37,
53.651,2,DRIVE,3.550,0.300,-0.118,0.000,0.000,0.000,0.000,0.000,0.0,0.0,0.0187,-0.0060,1.07,0.0038,-0.0002,1.53,-0.0066,-0.02,
53.701,2,DRIVE,3.600,0.300,-0.118,-0.002,0.000,0.000,0.000,0.000,0.0,0.0,0.0193,-0.0060,1.22,0.0038,-0.0002,1.51,-0.0067,0.13,
53.752,2,DRIVE,3.651,0.300,-0.118,-0.003,0.000,0.000,0.000,0.000,0.0,0.0,0.0195,-0.0060,1.28,0.0038,-0.0002,1.49,-0.0067,0.19,
53.801,2,DRIVE,3.700,0.300,-0.118,-0.003,0.000,0.000,0.000,0.000,0.0,0.0,0.0190,-0.0059,1.29,0.0038,-0.0002,1.47,-0.0066,0.20,
53.854,2,DRIVE,3.753,0.300,-0.118,-0.002,0.000,0.000,0.000,0.000,0.0,0.0,0.0196,-0.0062,1.23,0.0039,-0.0002,1.41,-0.0069,0.13,
53.901,2,DRIVE,3.800,0.300,-0.118,0.001,0.000,0.000,0.000,0.000,0.0,0.0,0.0186,-0.0059,1.05,0.0038,-0.0002,1.49,-0.0066,-0.04,
53.951,2,DRIVE,3.850,0.300,-0.118,-0.003,0.000,0.000,0.000,0.000,0.0,0.0,0.0192,-0.0060,1.29,0.0038,-0.0002,1.47,-0.0067,0.20,
54.001,2,DRIVE,3.900,0.300,-0.118,-0.003,0.000,0.000,0.000,0.000,0.0,0.0,0.0192,-0.0059,1.29,0.0038,-0.0002,1.41,-0.0066,0.19,
54.052,2,DRIVE,3.951,0.300,-0.118,0.001,0.000,0.000,0.000,0.000,0.0,0.0,0.0193,-0.0062,1.06,0.0038,-0.0002,1.47,-0.0069,-0.04,
54.103,2,DRIVE,4.002,0.300,-0.118,-0.006,0.000,0.000,0.000,0.000,0.0,0.0,0.0196,-0.0060,1.44,0.0038,-0.0002,1.47,-0.0067,0.34,
54.152,2,DRIVE,4.051,0.300,-0.118,-0.004,0.000,0.000,0.000,0.000,0.0,0.0,0.0192,-0.0059,1.32,0.0038,-0.0002,1.46,-0.0066,0.23,
54.201,2,DRIVE,4.100,0.300,-0.118,0.000,0.000,0.000,0.000,0.000,0.0,0.0,0.0187,-0.0060,1.09,0.0038,-0.0002,1.53,-0.0066,-0.01,
54.252,2,DRIVE,4.151,0.300,-0.118,0.001,0.000,0.000,0.000,0.000,0.0,0.0,0.0192,-0.0061,1.06,0.0038,-0.0002,1.49,-0.0068,-0.04,
54.301,2,DRIVE,4.200,0.300,-0.118,-0.004,0.000,0.000,0.000,0.000,0.0,0.0,0.0189,-0.0058,1.30,0.0038,-0.0002,1.46,-0.0065,0.21,
54.353,2,DRIVE,4.252,0.300,-0.118,0.000,0.000,0.000,0.000,0.000,0.0,0.0,0.0191,-0.0061,1.07,0.0038,-0.0002,1.48,-0.0068,-0.03,
54.401,2,DRIVE,4.300,0.300,-0.118,-0.000,0.000,0.000,0.000,0.000,0.0,0.0,0.0187,-0.0059,1.12,0.0038,-0.0002,1.51,-0.0066,0.02,
54.451,2,DRIVE,4.350,0.300,-0.118,-0.006,0.000,0.000,0.000,0.000,0.0,0.0,0.0197,-0.0060,1.45,0.0038,-0.0002,1.48,-0.0067,0.36,
54.502,2,DRIVE,4.401,0.300,-0.118,-0.004,0.000,0.000,0.000,0.000,0.0,0.0,0.0194,-0.0060,1.30,0.0038,-0.0002,1.53,-0.0067,0.20,
54.551,2,DRIVE,4.450,0.300,-0.118,-0.003,0.000,0.000,0.000,0.000,0.0,0.0,0.0191,-0.0060,1.24,0.0038,-0.0002,1.49,-0.0067,0.15,
54.603,2,DRIVE,4.502,0.300,-0.118,0.001,0.000,0.000,0.000,0.000,0.0,0.0,0.0189,-0.0060,1.06,0.0038,-0.0002,1.51,-0.0067,-0.04,
54.652,2,DRIVE,4.551,0.300,-0.118,-0.004,0.000,0.000,0.000,0.000,0.0,0.0,0.0194,-0.0060,1.31,0.0038,-0.0002,1.44,-0.0067,0.22,
54.701,2,DRIVE,4.600,0.300,-0.118,0.000,0.000,0.000,0.000,0.000,0.0,0.0,0.0188,-0.0060,1.09,0.0038,-0.0002,1.55,-0.0067,-0.00,
54.751,2,DRIVE,4.650,0.300,-0.118,-0.006,0.000,0.000,0.000,0.000,0.0,0.0,0.0197,-0.0060,1.46,0.0038,-0.0002,1.49,-0.0067,0.37,
54.802,2,DRIVE,4.701,0.300,-0.118,-0.004,0.000,0.000,0.000,0.000,0.0,0.0,0.0195,-0.0060,1.30,0.0038,-0.0002,1.44,-0.0067,0.21,
54.853,2,DRIVE,4.752,0.300,-0.118,0.000,0.000,0.000,0.000,0.000,0.0,0.0,0.0187,-0.0060,1.08,0.0038,-0.0002,1.49,-0.0067,-0.01,
54.902,2,DRIVE,4.801,0.300,-0.118,-0.003,0.000,0.000,0.000,0.000,0.0,0.0,0.0195,-0.0061,1.28,0.0038,-0.0002,1.50,-0.0068,0.18,
54.951,2,DRIVE,4.850,0.300,-0.118,-0.002,0.000,0.000,0.000,0.000,0.0,0.0,0.0191,-0.0059,1.23,0.0038,-0.0002,1.50,-0.0066,0.13,
55.001,2,DRIVE,4.900,0.300,-0.117,0.012,0.000,0.000,0.000,0.000,0.0,0.0,0.0212,-0.0077,0.38,0.0038,-0.0002,1.50,-0.0084,-0.71,
55.051,2,DRIVE,4.950,0.300,-0.118,-0.004,0.000,0.000,0.000,0.000,0.0,0.0,0.0191,-0.0059,1.35,0.0038,-0.0002,1.47,-0.0065,0.25,
55.103,2,DRIVE,5.002,0.300,-0.118,-0.006,0.000,0.000,0.000,0.000,0.0,0.0,0.0198,-0.0060,1.44,0.0038,-0.0002,1.53,-0.0067,0.35,
55.151,2,DRIVE,5.051,0.300,-0.118,-0.000,0.000,0.000,0.000,0.000,0.0,0.0,0.0190,-0.0060,1.10,0.0038,-0.0002,1.46,-0.0067,0.01,
55.201,2,DRIVE,5.100,0.300,-0.118,0.006,0.000,0.000,0.000,0.000,0.0,0.0,0.0187,-0.0063,0.78,0.0038,-0.0002,1.46,-0.0069,-0.32,
55.253,2,DRIVE,5.152,0.300,-0.118,-0.002,0.000,0.000,0.000,0.000,0.0,0.0,0.0199,-0.0063,1.18,0.0038,-0.0002,1.51,-0.0070,0.09,
55.302,2,DRIVE,5.201,0.300,-0.118,-0.002,0.000,0.000,0.000,0.000,0.0,0.0,0.0187,-0.0058,1.23,0.0038,-0.0002,1.48,-0.0065,0.14,
55.353,2,DRIVE,5.252,0.300,-0.118,-0.001,0.000,0.000,0.000,0.000,0.0,0.0,0.0186,-0.0059,1.14,0.0038,-0.0002,1.45,-0.0065,0.05,
55.402,2,DRIVE,5.301,0.300,-0.118,0.002,0.000,0.000,0.000,0.000,0.0,0.0,0.0191,-0.0062,1.00,0.0038,-0.0002,1.48,-0.0068,-0.10,
55.452,2,DRIVE,5.351,0.300,-0.118,-0.001,0.000,0.000,0.000,0.000,0.0,0.0,0.0189,-0.0060,1.15,0.0038,-0.0002,1.42,-0.0067,0.06,
55.501,2,DRIVE,5.400,0.300,-0.118,-0.000,0.000,0.000,0.000,0.000,0.0,0.0,0.0187,-0.0059,1.12,0.0038,-0.0002,1.49,-0.0066,0.02,
55.551,2,DRIVE,5.450,0.300,-0.118,-0.000,0.000,0.000,0.000,0.000,0.0,0.0,0.0189,-0.0060,1.10,0.0038,-0.0002,1.47,-0.0067,0.01,
55.604,2,DRIVE,5.503,0.300,-0.118,-0.003,0.000,0.000,0.000,0.000,0.0,0.0,0.0195,-0.0061,1.27,0.0038,-0.0002,1.52,-0.0068,0.18,
55.652,2,DRIVE,5.551,0.300,-0.118,-0.004,0.000,0.000,0.000,0.000,0.0,0.0,0.0191,-0.0059,1.30,0.0038,-0.0002,1.46,-0.0066,0.20,
55.701,2,DRIVE,5.600,0.300,-0.118,-0.000,0.000,0.000,0.000,0.000,0.0,0.0,0.0188,-0.0060,1.10,0.0038,-0.0002,1.55,-0.0067,0.00,
55.751,2,DRIVE,5.650,0.300,-0.118,-0.006,0.000,0.000,0.000,0.000,0.0,0.0,0.0198,-0.0061,1.46,0.0038,-0.0002,1.47,-0.0067,0.36,
55.801,2,DRIVE,5.700,0.300,-0.118,-0.003,0.000,0.000,0.000,0.000,0.0,0.0,0.0193,-0.0060,1.28,0.0038,-0.0002,1.51,-0.0067,0.18,
55.853,2,DRIVE,5.752,0.300,-0.118,-0.004,0.000,0.000,0.000,0.000,0.0,0.0,0.0192,-0.0060,1.31,0.0038,-0.0002,1.49,-0.0066,0.22,
55.901,2,DRIVE,5.800,0.300,-0.118,-0.003,0.000,0.000,0.000,0.000,0.0,0.0,0.0193,-0.0060,1.28,0.0038,-0.0002,1.50,-0.0067,0.19,
55.951,2,DRIVE,5.850,0.300,-0.118,0.000,0.000,0.000,0.000,0.000,0.0,0.0,0.0189,-0.0060,1.07,0.0038,-0.0002,1.46,-0.0067,-0.03,
56.001,2,DRIVE,5.901,0.300,-0.118,-0.003,0.000,0.000,0.000,0.000,0.0,0.0,0.0193,-0.0060,1.27,0.0038,-0.0002,1.52,-0.0067,0.18,
56.051,2,DRIVE,5.950,0.300,-0.118,-0.004,0.000,0.000,0.000,0.000,0.0,0.0,0.0192,-0.0059,1.31,0.0038,-0.0002,1.49,-0.0066,0.22,
56.103,2,DRIVE,6.002,0.300,-0.118,-0.002,0.000,0.000,0.000,0.000,0.0,0.0,0.0193,-0.0060,1.24,0.0039,-0.0002,1.45,-0.0067,0.14,
56.151,2,DRIVE,6.050,0.300,-0.118,0.001,0.000,0.000,0.000,0.000,0.0,0.0,0.0189,-0.0060,1.05,0.0038,-0.0002,1.46,-0.0067,-0.04,
56.202,2,DRIVE,6.101,0.300,-0.118,-0.003,0.000,0.000,0.000,0.000,0.0,0.0,0.0195,-0.0060,1.28,0.0038,-0.0002,1.49,-0.0067,0.19,
56.252,2,DRIVE,6.151,0.300,-0.118,-0.000,0.000,0.000,0.000,0.000,0.0,0.0,0.0189,-0.0060,1.10,0.0038,-0.0002,1.45,-0.0067,0.01,
56.302,2,DRIVE,6.201,0.300,-0.118,0.000,0.000,0.000,0.000,0.000,0.0,0.0,0.0190,-0.0060,1.09,0.0038,-0.0002,1.45,-0.0067,-0.01,
56.354,2,DRIVE,6.253,0.300,-0.118,0.001,0.000,0.000,0.000,0.000,0.0,0.0,0.0188,-0.0060,1.05,0.0038,-0.0002,1.47,-0.0067,-0.04,
56.402,2,DRIVE,6.301,0.300,-0.118,-0.001,0.000,0.000,0.000,0.000,0.0,0.0,0.0188,-0.0059,1.17,0.0038,-0.0002,1.47,-0.0066,0.07,
56.452,2,DRIVE,6.351,0.300,-0.118,-0.002,0.000,0.000,0.000,0.000,0.0,0.0,0.0193,-0.0061,1.21,0.0038,-0.0002,1.46,-0.0067,0.11,
56.502,2,DRIVE,6.401,0.300,-0.118,0.000,0.000,0.000,0.000,0.000,0.0,0.0,0.0190,-0.0060,1.07,0.0038,-0.0001,1.39,-0.0067,-0.02,
56.551,2,DRIVE,6.450,0.300,-0.118,-0.003,0.000,0.000,0.000,0.000,0.0,0.0,0.0190,-0.0059,1.25,0.0038,-0.0002,1.41,-0.0066,0.15,
56.603,2,DRIVE,6.502,0.300,-0.118,-0.002,0.000,0.000,0.000,0.000,0.0,0.0,0.0193,-0.0060,1.19,0.0038,-0.0002,1.44,-0.0067,0.10,
56.651,2,DRIVE,6.550,0.300,-0.118,-0.002,0.000,0.000,0.000,0.000,0.0,0.0,0.0192,-0.0060,1.20,0.0038,-0.0002,1.38,-0.0067,0.11,
56.702,2,DRIVE,6.601,0.300,-0.118,0.000,0.000,0.000,0.000,0.000,0.0,0.0,0.0191,-0.0060,1.09,0.0038,-0.0001,1.41,-0.0067,-0.01,
56.751,2,DRIVE,6.651,0.300,-0.118,0.001,0.000,0.000,0.000,0.000,0.0,0.0,0.0188,-0.0060,1.03,0.0038,-0.0002,1.40,-0.0067,-0.07,
56.802,2,DRIVE,6.701,0.300,-0.118,-0.000,0.000,0.000,0.000,0.000,0.0,0.0,0.0189,-0.0060,1.12,0.0038,-0.0001,1.42,-0.0066,0.03,
56.853,2,DRIVE,6.753,0.300,-0.118,0.000,0.000,0.000,0.000,0.000,0.0,0.0,0.0190,-0.0060,1.08,0.0038,-0.0002,1.45,-0.0067,-0.01,
56.901,2,DRIVE,6.800,0.300,-0.118,-0.002,0.000,0.000,0.000,0.000,0.0,0.0,0.0191,-0.0059,1.19,0.0038,-0.0002,1.44,-0.0066,0.10,
56.951,2,DRIVE,6.851,0.300,-0.118,-0.003,0.000,0.000,0.000,0.000,0.0,0.0,0.0193,-0.0060,1.24,0.0038,-0.0002,1.43,-0.0067,0.15,
57.001,2,DRIVE,6.900,0.300,-0.118,-0.002,0.000,0.000,0.000,0.000,0.0,0.0,0.0192,-0.0060,1.23,0.0038,-0.0002,1.47,-0.0066,0.14,
57.052,2,DRIVE,6.951,0.300,-0.118,-0.003,0.000,0.000,0.000,0.000,0.0,0.0,0.0195,-0.0060,1.24,0.0038,-0.0002,1.43,-0.0067,0.15,
57.103,2,DRIVE,7.002,0.300,-0.118,-0.002,0.000,0.000,0.000,0.000,0.0,0.0,0.0191,-0.0059,1.20,0.0038,-0.0002,1.45,-0.0066,0.11,
57.152,2,DRIVE,7.051,0.300,-0.118,-0.002,0.000,0.000,0.000,0.000,0.0,0.0,0.0193,-0.0060,1.20,0.0038,-0.0002,1.41,-0.0067,0.11,
57.202,2,DRIVE,7.101,0.300,-0.118,-0.002,0.000,0.000,0.000,0.000,0.0,0.0,0.0194,-0.0060,1.21,0.0038,-0.0001,1.43,-0.0067,0.12,
57.251,2,DRIVE,7.150,0.300,-0.118,0.002,0.000,0.000,0.000,0.000,0.0,0.0,0.0184,-0.0059,0.96,0.0038,-0.0002,1.41,-0.0066,-0.14,
57.303,2,DRIVE,7.202,0.300,-0.118,0.002,0.000,0.000,0.000,0.000,0.0,0.0,0.0193,-0.0062,0.97,0.0038,-0.0001,1.42,-0.0069,-0.13,
57.355,2,DRIVE,7.254,0.300,-0.118,-0.000,0.000,0.000,0.000,0.000,0.0,0.0,0.0191,-0.0060,1.10,0.0038,-0.0002,1.42,-0.0067,0.01,
57.401,2,DRIVE,7.300,0.300,-0.118,-0.002,0.000,0.000,0.000,0.000,0.0,0.0,0.0186,-0.0057,1.21,0.0038,-0.0002,1.40,-0.0064,0.12,
57.451,2,DRIVE,7.350,0.300,-0.118,0.001,0.000,0.000,0.000,0.000,0.0,0.0,0.0189,-0.0060,1.06,0.0038,-0.0002,1.40,-0.0067,-0.04,
57.502,2,DRIVE,7.401,0.300,-0.118,0.001,0.000,0.000,0.000,0.000,0.0,0.0,0.0191,-0.0061,1.01,0.0038,-0.0001,1.42,-0.0068,-0.08,
57.552,2,DRIVE,7.452,0.300,-0.118,-0.003,0.000,0.000,0.000,0.000,0.0,0.0,0.0193,-0.0060,1.28,0.0038,-0.0002,1.45,-0.0066,0.18,
57.603,2,DRIVE,7.502,0.300,-0.118,0.001,0.000,0.000,0.000,0.000,0.0,0.0,0.0186,-0.0059,1.05,0.0038,-0.0002,1.49,-0.0066,-0.04,
57.651,2,DRIVE,7.550,0.300,-0.118,0.003,0.000,0.000,0.000,0.000,0.0,0.0,0.0185,-0.0060,0.91,0.0038,-0.0002,1.40,-0.0067,-0.19,
57.702,2,DRIVE,7.601,0.300,-0.118,-0.000,0.000,0.000,0.000,0.000,0.0,0.0,0.0190,-0.0060,1.10,0.0038,-0.0001,1.38,-0.0067,0.00,
57.751,2,DRIVE,7.650,0.300,-0.118,-0.005,0.000,0.000,0.000,0.000,0.0,0.0,0.0194,-0.0059,1.38,0.0038,-0.0002,1.37,-0.0066,0.29,
57.801,2,DRIVE,7.700,0.300,-0.118,0.003,0.000,0.000,0.000,0.000,0.0,0.0,0.0186,-0.0060,0.90,0.0038,-0.0002,1.45,-0.0067,-0.19,
57.853,2,DRIVE,7.752,0.300,-0.118,-0.002,0.000,0.000,0.000,0.000,0.0,0.0,0.0193,-0.0060,1.19,0.0038,-0.0001,1.34,-0.0067,0.09,
57.901,2,DRIVE,7.800,0.300,-0.118,0.001,0.000,0.000,0.000,0.000,0.0,0.0,0.0188,-0.0060,1.03,0.0038,-0.0002,1.41,-0.0067,-0.07,
57.952,2,DRIVE,7.851,0.300,-0.118,-0.002,0.000,0.000,0.000,0.000,0.0,0.0,0.0195,-0.0060,1.23,0.0038,-0.0002,1.37,-0.0067,0.14,
58.001,2,DRIVE,7.900,0.300,-0.118,-0.002,0.000,0.000,0.000,0.000,0.0,0.0,0.0190,-0.0059,1.20,0.0038,-0.0002,1.45,-0.0066,0.11,
58.052,2,DRIVE,7.951,0.300,-0.118,-0.001,0.000,0.000,0.000,0.000,0.0,0.0,0.0194,-0.0061,1.17,0.0038,-0.0002,1.38,-0.0067,0.08,
58.106,2,DRIVE,8.006,0.300,-0.118,-0.001,0.000,0.000,0.000,0.000,0.0,0.0,0.0201,-0.0063,1.16,0.0038,-0.0001,1.40,-0.0070,0.07,
58.151,2,DRIVE,8.050,0.300,-0.118,-0.000,0.000,0.000,0.000,0.000,0.0,0.0,0.0180,-0.0056,1.12,0.0038,-0.0002,1.41,-0.0062,0.02,
58.201,2,DRIVE,8.100,0.300,-0.118,-0.002,0.000,0.000,0.000,0.000,0.0,0.0,0.0193,-0.0060,1.18,0.0038,-0.0001,1.42,-0.0067,0.09,
58.252,2,DRIVE,8.151,0.300,-0.118,-0.002,0.000,0.000,0.000,0.000,0.0,0.0,0.0196,-0.0061,1.24,0.0038,-0.0002,1.44,-0.0068,0.14,
58.301,2,DRIVE,8.200,0.300,-0.118,0.000,0.000,0.000,0.000,0.000,0.0,0.0,0.0185,-0.0058,1.07,0.0038,-0.0002,1.42,-0.0065,-0.02,
58.356,2,DRIVE,8.255,0.300,-0.118,0.002,0.000,0.000,0.000,0.000,0.0,0.0,0.0197,-0.0063,1.00,0.0038,-0.0002,1.40,-0.0070,-0.09,
58.401,2,DRIVE,8.301,0.300,-0.118,-0.002,0.000,0.000,0.000,0.000,0.0,0.0,0.0185,-0.0057,1.22,0.0038,-0.0001,1.41,-0.0063,0.13,
58.451,2,DRIVE,8.350,0.300,-0.118,0.000,0.000,0.000,0.000,0.000,0.0,0.0,0.0188,-0.0060,1.07,0.0038,-0.0002,1.39,-0.0066,-0.03,
58.501,2,DRIVE,8.400,0.300,-0.118,-0.001,0.000,0.000,0.000,0.000,0.0,0.0,0.0192,-0.0060,1.17,0.0038,-0.0002,1.41,-0.0067,0.07,
58.551,2,DRIVE,8.450,0.300,-0.118,-0.002,0.000,0.000,0.000,0.000,0.0,0.0,0.0192,-0.0059,1.21,0.0038,-0.0001,1.35,-0.0066,0.11,
58.603,2,DRIVE,8.503,0.300,-0.118,-0.002,0.000,0.000,0.000,0.000,0.0,0.0,0.0194,-0.0060,1.19,0.0038,-0.0001,1.36,-0.0067,0.10,
58.652,2,DRIVE,8.551,0.300,-0.118,0.000,0.000,0.000,0.000,0.000,0.0,0.0,0.0189,-0.0059,1.07,0.0038,-0.0001,1.36,-0.0066,-0.02,
58.701,2,DRIVE,8.600,0.300,-0.118,0.002,0.000,0.000,0.000,0.000,0.0,0.0,0.0188,-0.0060,1.00,0.0038,-0.0001,1.38,-0.0066,-0.09,
58.751,2,DRIVE,8.650,0.300,-0.118,0.003,0.000,0.000,0.000,0.000,0.0,0.0,0.0195,-0.0063,0.95,0.0038,-0.0002,1.42,-0.0070,-0.15,
58.802,2,DRIVE,8.701,0.300,-0.118,-0.002,0.000,0.000,0.000,0.000,0.0,0.0,0.0195,-0.0060,1.20,0.0038,-0.0001,1.37,-0.0067,0.10,
58.853,2,DRIVE,8.752,0.300,-0.118,0.000,0.000,0.000,0.000,0.000,0.0,0.0,0.0187,-0.0059,1.07,0.0038,-0.0001,1.35,-0.0065,-0.02,
58.901,2,DRIVE,8.800,0.300,-0.118,-0.001,0.000,0.000,0.000,0.000,0.0,0.0,0.0192,-0.0060,1.15,0.0038,-0.0001,1.36,-0.0067,0.06,
58.952,2,DRIVE,8.851,0.300,-0.118,-0.000,0.000,0.000,0.000,0.000,0.0,0.0,0.0191,-0.0060,1.10,0.0038,-0.0001,1.38,-0.0067,0.01,
59.001,2,DRIVE,8.900,0.300,-0.118,-0.000,0.000,0.000,0.000,0.000,0.0,0.0,0.0191,-0.0060,1.12,0.0038,-0.0001,1.42,-0.0067,0.03,
59.052,2,DRIVE,8.951,0.300,-0.118,0.000,0.000,0.000,0.000,0.000,0.0,0.0,0.0191,-0.0060,1.09,0.0038,-0.0002,1.39,-0.0067,-0.01,
59.103,2,DRIVE,9.002,0.300,-0.118,0.001,0.000,0.000,0.000,0.000,0.0,0.0,0.0188,-0.0059,1.05,0.0038,-0.0001,1.40,-0.0066,-0.05,
59.151,2,DRIVE,9.050,0.300,-0.118,0.004,0.000,0.000,0.000,0.000,0.0,0.0,0.0184,-0.0060,0.85,0.0038,-0.0001,1.33,-0.0066,-0.24,
59.202,2,DRIVE,9.101,0.300,-0.118,0.001,0.000,0.000,0.000,0.000,0.0,0.0,0.0190,-0.0060,1.02,0.0038,-0.0001,1.39,-0.0067,-0.08,
59.251,2,DRIVE,9.150,0.300,-0.118,0.002,0.000,0.000,0.000,0.000,0.0,0.0,0.0185,-0.0059,0.99,0.0038,-0.0002,1.37,-0.0066,-0.10,
59.301,2,DRIVE,9.200,0.300,-0.118,-0.001,0.000,0.000,0.000,0.000,0.0,0.0,0.0192,-0.0060,1.15,0.0038,-0.0001,1.38,-0.0067,0.05,
59.353,2,DRIVE,9.252,0.300,-0.118,-0.001,0.000,0.000,0.000,0.000,0.0,0.0,0.0193,-0.0059,1.18,0.0038,-0.0001,1.33,-0.0066,0.08,
59.401,2,DRIVE,9.300,0.300,-0.118,0.001,0.000,0.000,0.000,0.000,0.0,0.0,0.0189,-0.0059,1.02,0.0038,-0.0001,1.36,-0.0066,-0.07,
59.451,2,DRIVE,9.350,0.300,-0.118,-0.000,0.000,0.000,0.000,0.000,0.0,0.0,0.0193,-0.0060,1.12,0.0038,-0.0001,1.38,-0.0067,0.03,
59.501,2,DRIVE,9.401,0.300,-0.118,-0.002,0.000,0.000,0.000,0.000,0.0,0.0,0.0193,-0.0059,1.20,0.0038,-0.0001,1.38,-0.0066,0.11,
59.551,2,DRIVE,9.451,0.300,-0.118,-0.001,0.000,0.000,0.000,0.000,0.0,0.0,0.0192,-0.0059,1.15,0.0038,-0.0001,1.32,-0.0066,0.05,
59.603,2,DRIVE,9.503,0.300,-0.118,-0.000,0.000,0.000,0.000,0.000,0.0,0.0,0.0194,-0.0060,1.10,0.0038,-0.0001,1.27,-0.0067,0.01,
59.652,2,DRIVE,9.551,0.300,-0.118,-0.001,0.000,0.000,0.000,0.000,0.0,0.0,0.0193,-0.0059,1.17,0.0038,-0.0001,1.32,-0.0066,0.08,
59.703,2,DRIVE,9.602,0.300,-0.118,0.002,0.000,0.000,0.000,0.000,0.0,0.0,0.0190,-0.0060,0.98,0.0038,-0.0001,1.36,-0.0067,-0.12,
59.751,2,DRIVE,9.650,0.300,-0.118,0.002,0.000,0.000,0.000,0.000,0.0,0.0,0.0184,-0.0058,0.98,0.0038,-0.0001,1.38,-0.0065,-0.11,
59.802,2,DRIVE,9.701,0.300,-0.118,0.001,0.000,0.000,0.000,0.000,0.0,0.0,0.0190,-0.0060,1.03,0.0038,-0.0001,1.38,-0.0067,-0.07,
59.853,2,DRIVE,9.752,0.300,-0.118,-0.001,0.000,0.000,0.000,0.000,0.0,0.0,0.0191,-0.0059,1.16,0.0038,-0.0001,1.31,-0.0065,0.07,
59.902,2,DRIVE,9.801,0.300,-0.118,-0.001,0.000,0.000,0.000,0.000,0.0,0.0,0.0195,-0.0060,1.15,0.0038,-0.0001,1.36,-0.0067,0.05,
59.951,2,DRIVE,9.850,0.300,-0.118,-0.001,0.000,0.000,0.000,0.000,0.0,0.0,0.0189,-0.0058,1.16,0.0038,-0.0001,1.32,-0.0065,0.07,
60.002,2,DRIVE,9.901,0.300,-0.118,-0.001,0.000,0.000,0.000,0.000,0.0,0.0,0.0194,-0.0060,1.13,0.0038,-0.0001,1.33,-0.0067,0.04,
60.052,2,DRIVE,9.951,0.300,-0.118,0.001,0.000,0.000,0.000,0.000,0.0,0.0,0.0189,-0.0059,1.04,0.0038,-0.0001,1.32,-0.0066,-0.06,
60.104,2,DRIVE,10.003,0.300,-0.118,0.002,0.000,0.000,0.000,0.000,0.0,0.0,0.0190,-0.0060,0.98,0.0038,-0.0001,1.38,-0.0067,-0.11,
60.153,2,DRIVE,10.052,0.300,-0.118,0.002,0.000,0.000,0.000,0.000,0.0,0.0,0.0189,-0.0060,0.96,0.0038,-0.0001,1.31,-0.0067,-0.14,
60.202,2,DRIVE,10.101,0.300,-0.118,-0.001,0.000,0.000,0.000,0.000,0.0,0.0,0.0190,-0.0059,1.15,0.0038,-0.0001,1.37,-0.0066,0.06,
60.251,2,DRIVE,10.150,0.300,-0.118,0.001,0.000,0.000,0.000,0.000,0.0,0.0,0.0188,-0.0059,1.03,0.0038,-0.0001,1.32,-0.0065,-0.06,
60.301,2,DRIVE,10.200,0.300,-0.118,-0.000,0.000,0.000,0.000,0.000,0.0,0.0,0.0192,-0.0060,1.11,0.0038,-0.0001,1.28,-0.0067,0.02,
60.353,2,DRIVE,10.252,0.300,-0.118,-0.001,0.000,0.000,0.000,0.000,0.0,0.0,0.0194,-0.0060,1.13,0.0038,-0.0001,1.40,-0.0067,0.03,
60.401,2,DRIVE,10.300,0.300,-0.118,-0.002,0.000,0.000,0.000,0.000,0.0,0.0,0.0191,-0.0058,1.19,0.0038,-0.0001,1.33,-0.0065,0.09,
60.453,2,DRIVE,10.352,0.300,-0.118,0.002,0.000,0.000,0.000,0.000,0.0,0.0,0.0194,-0.0062,0.99,0.0038,-0.0001,1.34,-0.0068,-0.11,
60.502,2,DRIVE,10.401,0.300,-0.118,-0.001,0.000,0.000,0.000,0.000,0.0,0.0,0.0190,-0.0058,1.16,0.0038,-0.0001,1.34,-0.0065,0.06,
60.551,2,DRIVE,10.451,0.300,-0.118,0.002,0.000,0.000,0.000,0.000,0.0,0.0,0.0186,-0.0059,0.95,0.0038,-0.0001,1.29,-0.0066,-0.14,
60.603,2,DRIVE,10.502,0.300,-0.118,-0.001,0.000,0.000,0.000,0.000,0.0,0.0,0.0192,-0.0059,1.16,0.0038,-0.0001,1.39,-0.0066,0.06,
60.651,2,DRIVE,10.550,0.300,-0.118,-0.001,0.000,0.000,0.000,0.000,0.0,0.0,0.0191,-0.0059,1.13,0.0038,-0.0001,1.32,-0.0066,0.04,
60.701,2,DRIVE,10.600,0.300,-0.118,0.002,0.000,0.000,0.000,0.000,0.0,0.0,0.0189,-0.0060,0.97,0.0038,-0.0001,1.33,-0.0067,-0.12,
60.753,2,DRIVE,10.652,0.300,-0.118,0.001,0.000,0.000,0.000,0.000,0.0,0.0,0.0193,-0.0061,1.05,0.0038,-0.0001,1.35,-0.0068,-0.04,
60.802,2,DRIVE,10.701,0.300,-0.118,-0.001,0.000,0.000,0.000,0.000,0.0,0.0,0.0189,-0.0058,1.15,0.0038,-0.0001,1.34,-0.0065,0.05,
60.853,2,DRIVE,10.752,0.300,-0.118,-0.001,0.000,0.000,0.000,0.000,0.0,0.0,0.0192,-0.0060,1.15,0.0038,-0.0001,1.34,-0.0066,0.06,
60.901,2,DRIVE,10.800,0.300,-0.118,0.002,0.000,0.000,0.000,0.000,0.0,0.0,0.0187,-0.0059,1.01,0.0038,-0.0001,1.34,-0.0066,-0.09,
60.951,2,DRIVE,10.850,0.300,-0.118,-0.000,0.000,0.000,0.000,0.000,0.0,0.0,0.0192,-0.0059,1.11,0.0038,-0.0001,1.28,-0.0066,0.01,
61.001,2,DRIVE,10.901,0.300,-0.118,-0.001,0.000,0.000,0.000,0.000,0.0,0.0,0.0193,-0.0059,1.16,0.0038,-0.0001,1.30,-0.0066,0.06,
61.052,2,DRIVE,10.951,0.300,-0.118,0.003,0.000,0.000,0.000,0.000,0.0,0.0,0.0189,-0.0060,0.94,0.0038,-0.0001,1.26,-0.0067,-0.16,
61.103,2,DRIVE,11.002,0.300,-0.118,0.000,0.000,0.000,0.000,0.000,0.0,0.0,0.0191,-0.0059,1.09,0.0038,-0.0001,1.31,-0.0066,-0.01,
61.152,2,DRIVE,11.051,0.300,-0.118,-0.000,0.000,0.000,0.000,0.000,0.0,0.0,0.0193,-0.0059,1.12,0.0038,-0.0001,1.26,-0.0066,0.02,
61.201,2,DRIVE,11.101,0.300,-0.118,0.002,0.000,0.000,0.000,0.000,0.0,0.0,0.0188,-0.0059,1.00,0.0038,-0.0001,1.27,-0.0066,-0.09,
61.252,2,DRIVE,11.151,0.300,-0.118,0.002,0.000,0.000,0.000,0.000,0.0,0.0,0.0189,-0.0060,0.95,0.0038,-0.0001,1.31,-0.0067,-0.14,
61.302,2,DRIVE,11.201,0.300,-0.118,-0.001,0.000,0.000,0.000,0.000,0.0,0.0,0.0193,-0.0059,1.17,0.0038,-0.0001,1.32,-0.0066,0.07,
61.354,2,DRIVE,11.253,0.300,-0.118,0.003,0.000,0.000,0.000,0.000,0.0,0.0,0.0189,-0.0060,0.93,0.0038,-0.0001,1.24,-0.0067,-0.16,
61.402,2,DRIVE,11.301,0.300,-0.118,0.002,0.000,0.000,0.000,0.000,0.0,0.0,0.0186,-0.0059,0.97,0.0038,-0.0001,1.35,-0.0066,-0.12,
61.452,2,DRIVE,11.351,0.300,-0.118,0.001,0.000,0.000,0.000,0.000,0.0,0.0,0.0190,-0.0060,1.02,0.0038,-0.0001,1.25,-0.0067,-0.08,
61.501,2,DRIVE,11.400,0.300,-0.118,-0.001,0.000,0.000,0.000,0.000,0.0,0.0,0.0190,-0.0058,1.14,0.0038,-0.0001,1.33,-0.0065,0.05,
61.551,2,DRIVE,11.450,0.300,-0.118,0.002,0.000,0.000,0.000,0.000,0.0,0.0,0.0189,-0.0060,0.96,0.0038,-0.0001,1.32,-0.0067,-0.13,
61.603,2,DRIVE,11.503,0.300,-0.118,0.001,0.000,0.000,0.000,0.000,0.0,0.0,0.0190,-0.0060,1.04,0.0038,-0.0001,1.33,-0.0066,-0.06,
61.651,2,DRIVE,11.550,0.300,-0.118,0.002,0.000,0.000,0.000,0.000,0.0,0.0,0.0188,-0.0059,0.99,0.0038,-0.0001,1.30,-0.0066,-0.10,
61.703,2,DRIVE,11.602,0.300,-0.118,0.002,0.000,0.000,0.000,0.000,0.0,0.0,0.0193,-0.0061,0.97,0.0038,-0.0001,1.35,-0.0068,-0.13,
61.752,2,DRIVE,11.651,0.300,-0.118,0.001,0.000,0.000,0.000,0.000,0.0,0.0,0.0187,-0.0058,1.05,0.0038,-0.0001,1.33,-0.0065,-0.04,
61.801,2,DRIVE,11.701,0.300,-0.118,0.001,0.000,0.000,0.000,0.000,0.0,0.0,0.0187,-0.0059,1.01,0.0038,-0.0001,1.33,-0.0066,-0.08,
61.853,2,DRIVE,11.752,0.300,-0.118,-0.000,0.000,0.000,0.000,0.000,0.0,0.0,0.0193,-0.0060,1.11,0.0038,-0.0001,1.33,-0.0067,0.01,
61.902,2,DRIVE,11.801,0.300,-0.118,0.001,0.000,0.000,0.000,0.000,0.0,0.0,0.0191,-0.0060,1.05,0.0038,-0.0001,1.36,-0.0067,-0.04,
61.952,2,DRIVE,11.851,0.300,-0.118,0.002,0.000,0.000,0.000,0.000,0.0,0.0,0.0187,-0.0059,1.00,0.0038,-0.0001,1.27,-0.0066,-0.10,
62.001,2,DRIVE,11.901,0.300,-0.118,0.004,0.000,0.000,0.000,0.000,0.0,0.0,0.0185,-0.0060,0.85,0.0038,-0.0001,1.34,-0.0066,-0.24,
62.051,2,DRIVE,11.950,0.300,-0.118,0.001,0.000,0.000,0.000,0.000,0.0,0.0,0.0188,-0.0059,1.03,0.0038,-0.0001,1.27,-0.0066,-0.07,
62.103,2,DRIVE,12.002,0.300,-0.118,0.004,0.000,0.000,0.000,0.000,0.0,0.0,0.0185,-0.0060,0.85,0.0038,-0.0001,1.34,-0.0067,-0.24,
62.152,2,DRIVE,12.051,0.300,-0.118,0.001,0.000,0.000,0.000,0.000,0.0,0.0,0.0191,-0.0060,1.04,0.0038,-0.0001,1.30,-0.0067,-0.06,
62.202,2,DRIVE,12.101,0.300,-0.118,0.001,0.000,0.000,0.000,0.000,0.0,0.0,0.0189,-0.0060,1.03,0.0038,-0.0001,1.36,-0.0066,-0.07,
62.251,2,DRIVE,12.150,0.300,-0.118,0.000,0.000,0.000,0.000,0.000,0.0,0.0,0.0191,-0.0059,1.09,0.0038,-0.0001,1.28,-0.0066,-0.00,
62.302,2,DRIVE,12.201,0.300,-0.118,0.000,0.000,0.000,0.000,0.000,0.0,0.0,0.0192,-0.0060,1.08,0.0038,-0.0001,1.34,-0.0067,-0.02,
62.354,2,DRIVE,12.253,0.300,-0.118,-0.000,0.000,0.000,0.000,0.000,0.0,0.0,0.0193,-0.0060,1.12,0.0038,-0.0001,1.37,-0.0067,0.02,
62.401,2,DRIVE,12.300,0.300,-0.118,-0.002,0.000,0.000,0.000,0.000,0.0,0.0,0.0189,-0.0058,1.18,0.0038,-0.0001,1.38,-0.0065,0.09,
62.451,2,DRIVE,12.350,0.300,-0.118,-0.001,0.000,0.000,0.000,0.000,0.0,0.0,0.0192,-0.0060,1.13,0.0038,-0.0001,1.35,-0.0067,0.04,
62.503,2,DRIVE,12.402,0.300,-0.118,-0.002,0.000,0.000,0.000,0.000,0.0,0.0,0.0196,-0.0061,1.19,0.0038,-0.0001,1.32,-0.0067,0.09,
62.551,2,DRIVE,12.451,0.300,-0.118,-0.001,0.000,0.000,0.000,0.000,0.0,0.0,0.0189,-0.0058,1.14,0.0038,-0.0001,1.33,-0.0065,0.05,
62.603,2,DRIVE,12.502,0.300,-0.118,0.001,0.000,0.000,0.000,0.000,0.0,0.0,0.0188,-0.0059,1.03,0.0038,-0.0001,1.38,-0.0066,-0.07,
62.652,2,DRIVE,12.551,0.300,-0.118,-0.000,0.000,0.000,0.000,0.000,0.0,0.0,0.0195,-0.0061,1.10,0.0038,-0.0001,1.30,-0.0068,0.00,
62.701,2,DRIVE,12.600,0.300,-0.118,-0.004,0.000,0.000,0.000,0.000,0.0,0.0,0.0194,-0.0058,1.33,0.0038,-0.0001,1.35,-0.0065,0.24,
62.751,2,DRIVE,12.650,0.300,-0.118,-0.001,0.000,0.000,0.000,0.000,0.0,0.0,0.0193,-0.0060,1.16,0.0038,-0.0001,1.36,-0.0066,0.06,
62.801,2,DRIVE,12.700,0.300,-0.118,0.002,0.000,0.000,0.000,0.000,0.0,0.0,0.0189,-0.0060,0.98,0.0038,-0.0001,1.39,-0.0067,-0.11,
62.853,2,DRIVE,12.752,0.300,-0.118,-0.003,0.000,0.000,0.000,0.000,0.0,0.0,0.0196,-0.0059,1.29,0.0038,-0.0001,1.28,-0.0066,0.20,
62.901,2,DRIVE,12.800,0.300,-0.118,0.001,0.000,0.000,0.000,0.000,0.0,0.0,0.0189,-0.0059,1.03,0.0038,-0.0001,1.35,-0.0066,-0.07,
62.951,2,DRIVE,12.850,0.300,-0.118,-0.000,0.000,0.000,0.000,0.000,0.0,0.0,0.0193,-0.0060,1.12,0.0038,-0.0001,1.33,-0.0067,0.02,
63.002,2,DRIVE,12.901,0.300,-0.118,-0.002,0.000,0.000,0.000,0.000,0.0,0.0,0.0194,-0.0059,1.19,0.0038,-0.0001,1.39,-0.0066,0.10,
63.051,2,DRIVE,12.950,0.300,-0.118,0.002,0.000,0.000,0.000,0.000,0.0,0.0,0.0187,-0.0059,0.97,0.0038,-0.0001,1.38,-0.0066,-0.12,
63.103,2,DRIVE,13.002,0.300,-0.118,-0.001,0.000,0.000,0.000,0.000,0.0,0.0,0.0193,-0.0060,1.13,0.0038,-0.0001,1.34,-0.0067,0.03,
63.153,2,DRIVE,13.052,0.300,-0.118,-0.001,0.000,0.000,0.000,0.000,0.0,0.0,0.0196,-0.0061,1.17,0.0038,-0.0001,1.33,-0.0068,0.07,
63.203,2,DRIVE,13.102,0.300,-0.118,-0.001,0.000,0.000,0.000,0.000,0.0,0.0,0.0193,-0.0060,1.16,0.0038,-0.0001,1.29,-0.0067,0.06,
63.251,2,DRIVE,13.151,0.300,-0.118,0.002,0.000,0.000,0.000,0.000,0.0,0.0,0.0184,-0.0058,0.96,0.0038,-0.0001,1.36,-0.0065,-0.13,
63.301,2,DRIVE,13.200,0.300,-0.118,0.000,0.000,0.000,0.000,0.000,0.0,0.0,0.0189,-0.0059,1.09,0.0038,-0.0001,1.36,-0.0066,-0.01,
63.353,2,DRIVE,13.252,0.300,-0.118,0.002,0.000,0.000,0.000,0.000,0.0,0.0,0.0189,-0.0060,0.97,0.0038,-0.0001,1.37,-0.0067,-0.13,
63.402,2,DRIVE,13.301,0.300,-0.118,-0.002,0.000,0.000,0.000,0.000,0.0,0.0,0.0194,-0.0060,1.19,0.0038,-0.0001,1.37,-0.0067,0.10,
63.451,2,DRIVE,13.350,0.300,-0.118,0.002,0.000,0.000,0.000,0.000,0.0,0.0,0.0187,-0.0059,0.98,0.0038,-0.0001,1.37,-0.0066,-0.12,
63.501,2,DRIVE,13.401,0.300,-0.118,0.002,0.000,0.000,0.000,0.000,0.0,0.0,0.0189,-0.0060,0.98,0.0038,-0.0001,1.36,-0.0067,-0.11,
63.552,2,DRIVE,13.451,0.300,-0.118,-0.000,0.000,0.000,0.000,0.000,0.0,0.0,0.0193,-0.0060,1.11,0.0038,-0.0001,1.32,-0.0067,0.02,
63.604,2,DRIVE,13.503,0.300,-0.118,-0.000,0.000,0.000,0.000,0.000,0.0,0.0,0.0191,-0.0059,1.11,0.0038,-0.0001,1.33,-0.0066,0.02,
63.652,2,DRIVE,13.551,0.300,-0.118,-0.000,0.000,0.000,0.000,0.000,0.0,0.0,0.0192,-0.0060,1.11,0.0038,-0.0001,1.32,-0.0066,0.02,
63.702,2,DRIVE,13.601,0.300,-0.118,-0.001,0.000,0.000,0.000,0.000,0.0,0.0,0.0193,-0.0060,1.15,0.0038,-0.0001,1.34,-0.0067,0.05,
63.751,2,DRIVE,13.651,0.300,-0.118,0.001,0.000,0.000,0.000,0.000,0.0,0.0,0.0187,-0.0059,1.01,0.0038,-0.0001,1.33,-0.0066,-0.08,
63.801,2,DRIVE,13.700,0.300,-0.118,-0.001,0.000,0.000,0.000,0.000,0.0,0.0,0.0193,-0.0060,1.13,0.0038,-0.0001,1.38,-0.0067,0.04,
63.854,2,DRIVE,13.753,0.300,-0.118,-0.001,0.000,0.000,0.000,0.000,0.0,0.0,0.0195,-0.0060,1.15,0.0038,-0.0001,1.35,-0.0067,0.05,
63.901,2,DRIVE,13.800,0.300,-0.118,-0.002,0.000,0.000,0.000,0.000,0.0,0.0,0.0189,-0.0058,1.19,0.0038,-0.0001,1.37,-0.0065,0.10,
63.952,2,DRIVE,13.851,0.300,-0.118,0.001,0.000,0.000,0.000,0.000,0.0,0.0,0.0191,-0.0060,1.02,0.0038,-0.0001,1.38,-0.0067,-0.08,
64.001,2,DRIVE,13.901,0.300,-0.118,-0.002,0.000,0.000,0.000,0.000,0.0,0.0,0.0190,-0.0059,1.19,0.0038,-0.0001,1.35,-0.0065,0.09,
64.052,2,DRIVE,13.951,0.300,-0.118,0.002,0.000,0.000,0.000,0.000,0.0,0.0,0.0190,-0.0060,0.97,0.0038,-0.0001,1.34,-0.0067,-0.12,
64.104,2,DRIVE,14.003,0.300,-0.118,0.001,0.000,0.000,0.000,0.000,0.0,0.0,0.0191,-0.0060,1.03,0.0038,-0.0001,1.35,-0.0067,-0.07,
64.151,2,DRIVE,14.051,0.300,-0.118,0.001,0.000,0.000,0.000,0.000,0.0,0.0,0.0186,-0.0059,1.03,0.0038,-0.0001,1.36,-0.0065,-0.06,
64.201,2,DRIVE,14.100,0.300,-0.118,0.002,0.000,0.000,0.000,0.000,0.0,0.0,0.0188,-0.0060,1.00,0.0038,-0.0001,1.35,-0.0067,-0.10,
64.251,2,DRIVE,14.151,0.300,-0.118,-0.001,0.000,0.000,0.000,0.000,0.0,0.0,0.0193,-0.0060,1.18,0.0038,-0.0002,1.38,-0.0067,0.09,
64.301,2,DRIVE,14.200,0.300,-0.118,0.001,0.000,0.000,0.000,0.000,0.0,0.0,0.0188,-0.0059,1.04,0.0038,-0.0001,1.34,-0.0066,-0.05,
64.354,2,DRIVE,14.253,0.300,-0.118,0.001,0.000,0.000,0.000,0.000,0.0,0.0,0.0192,-0.0061,1.05,0.0038,-0.0001,1.34,-0.0067,-0.05,
64.401,2,DRIVE,14.300,0.300,-0.118,0.001,0.000,0.000,0.000,0.000,0.0,0.0,0.0185,-0.0058,1.02,0.0038,-0.0001,1.33,-0.0065,-0.08,
64.453,2,DRIVE,14.352,0.300,-0.118,0.004,0.000,0.000,0.000,0.000,0.0,0.0,0.0189,-0.0062,0.86,0.0038,-0.0001,1.36,-0.0068,-0.24,
64.502,2,DRIVE,14.401,0.300,-0.118,0.001,0.000,0.000,0.000,0.000,0.0,0.0,0.0188,-0.0059,1.06,0.0038,-0.0001,1.38,-0.0066,-0.03,
64.552,2,DRIVE,14.451,0.300,-0.118,0.001,0.000,0.000,0.000,0.000,0.0,0.0,0.0188,-0.0059,1.03,0.0038,-0.0001,1.40,-0.0066,-0.07,
64.603,2,DRIVE,14.502,0.300,-0.118,0.003,0.000,0.000,0.000,0.000,0.0,0.0,0.0184,-0.0059,0.93,0.0038,-0.0001,1.42,-0.0066,-0.16,
64.651,2,DRIVE,14.550,0.300,-0.118,0.002,0.000,0.000,0.000,0.000,0.0,0.0,0.0189,-0.0060,1.00,0.0038,-0.0001,1.34,-0.0066,-0.09,
64.701,2,DRIVE,14.600,0.300,-0.118,-0.001,0.000,0.000,0.000,0.000,0.0,0.0,0.0193,-0.0060,1.14,0.0038,-0.0001,1.36,-0.0067,0.04,
64.752,2,DRIVE,14.651,0.300,-0.118,0.001,0.000,0.000,0.000,0.000,0.0,0.0,0.0192,-0.0060,1.04,0.0038,-0.0001,1.35,-0.0067,-0.06,
64.803,2,DRIVE,14.702,0.300,-0.118,-0.001,0.000,0.000,0.000,0.000,0.0,0.0,0.0194,-0.0060,1.18,0.0038,-0.0001,1.31,-0.0066,0.08,
64.853,2,DRIVE,14.752,0.300,-0.118,-0.000,0.000,0.000,0.000,0.000,0.0,0.0,0.0189,-0.0058,1.11,0.0038,-0.0001,1.33,-0.0065,0.02,
64.901,2,DRIVE,14.800,0.300,-0.118,-0.001,0.000,0.000,0.000,0.000,0.0,0.0,0.0193,-0.0060,1.14,0.0038,-0.0001,1.38,-0.0067,0.04,
64.952,2,DRIVE,14.851,0.300,-0.118,-0.002,0.000,0.000,0.000,0.000,0.0,0.0,0.0194,-0.0060,1.18,0.0038,-0.0001,1.35,-0.0067,0.09,
65.001,2,DRIVE,14.901,0.300,-0.118,-0.002,0.000,0.000,0.000,0.000,0.0,0.0,0.0191,-0.0058,1.19,0.0038,-0.0001,1.39,-0.0065,0.09,
65.051,2,DRIVE,14.950,0.300,-0.118,-0.000,0.000,0.000,0.000,0.000,0.0,0.0,0.0192,-0.0060,1.11,0.0038,-0.0001,1.31,-0.0066,0.02,
65.103,2,DRIVE,15.002,0.300,-0.118,-0.000,0.000,0.000,0.000,0.000,0.0,0.0,0.0193,-0.0060,1.12,0.0038,-0.0001,1.36,-0.0067,0.03,
65.152,2,DRIVE,15.051,0.300,-0.118,0.001,0.000,0.000,0.000,0.000,0.0,0.0,0.0191,-0.0060,1.04,0.0038,-0.0001,1.37,-0.0067,-0.05,
65.202,2,DRIVE,15.101,0.300,-0.118,0.002,0.000,0.000,0.000,0.000,0.0,0.0,0.0190,-0.0060,1.01,0.0038,-0.0001,1.31,-0.0067,-0.09,
65.253,2,DRIVE,15.152,0.300,-0.118,0.001,0.000,0.000,0.000,0.000,0.0,0.0,0.0190,-0.0060,1.01,0.0038,-0.0001,1.36,-0.0067,-0.08,
65.301,2,DRIVE,15.200,0.300,-0.118,-0.001,0.000,0.000,0.000,0.000,0.0,0.0,0.0189,-0.0058,1.15,0.0038,-0.0001,1.36,-0.0065,0.05,
65.354,2,DRIVE,15.253,0.300,-0.118,-0.002,0.000,0.000,0.000,0.000,0.0,0.0,0.0194,-0.0060,1.21,0.0038,-0.0001,1.43,-0.0067,0.11,
65.402,2,DRIVE,15.302,0.300,-0.118,0.002,0.000,0.000,0.000,0.000,0.0,0.0,0.0190,-0.0060,1.00,0.0038,-0.0001,1.38,-0.0067,-0.09,
65.451,2,DRIVE,15.350,0.300,-0.118,0.001,0.000,0.000,0.000,0.000,0.0,0.0,0.0185,-0.0058,1.03,0.0038,-0.0001,1.37,-0.0065,-0.07,
65.501,2,DRIVE,15.400,0.300,-0.118,0.002,0.000,0.000,0.000,0.000,0.0,0.0,0.0189,-0.0060,1.00,0.0038,-0.0001,1.36,-0.0067,-0.10,
65.552,2,DRIVE,15.451,0.300,-0.118,-0.001,0.000,0.000,0.000,0.000,0.0,0.0,0.0194,-0.0060,1.16,0.0038,-0.0002,1.36,-0.0067,0.06,
65.603,2,DRIVE,15.502,0.300,-0.118,0.000,0.000,0.000,0.000,0.000,0.0,0.0,0.0187,-0.0058,1.09,0.0038,-0.0001,1.40,-0.0065,-0.00,
65.651,2,DRIVE,15.550,0.300,-0.118,0.003,0.000,0.000,0.000,0.000,0.0,0.0,0.0186,-0.0060,0.93,0.0038,-0.0001,1.37,-0.0067,-0.17,
65.702,2,DRIVE,15.601,0.300,-0.118,0.004,0.000,0.000,0.000,0.000,0.0,0.0,0.0187,-0.0061,0.87,0.0038,-0.0001,1.39,-0.0067,-0.22,
65.751,2,DRIVE,15.650,0.300,-0.118,0.000,0.000,0.000,0.000,0.000,0.0,0.0,0.0187,-0.0059,1.08,0.0038,-0.0002,1.41,-0.0066,-0.02,
65.803,2,DRIVE,15.702,0.300,-0.118,0.003,0.000,0.000,0.000,0.000,0.0,0.0,0.0190,-0.0061,0.94,0.0038,-0.0002,1.40,-0.0068,-0.15,
65.853,2,DRIVE,15.753,0.300,-0.118,-0.001,0.000,0.000,0.000,0.000,0.0,0.0,0.0189,-0.0058,1.16,0.0038,-0.0001,1.37,-0.0065,0.07,
65.902,2,DRIVE,15.801,0.300,-0.118,0.001,0.000,0.000,0.000,0.000,0.0,0.0,0.0191,-0.0061,1.01,0.0038,-0.0001,1.38,-0.0067,-0.09,
65.953,2,DRIVE,15.853,0.300,-0.118,0.000,0.000,0.000,0.000,0.000,0.0,0.0,0.0193,-0.0061,1.09,0.0038,-0.0001,1.41,-0.0068,-0.00,
66.002,2,DRIVE,15.901,0.300,-0.118,0.001,0.000,0.000,0.000,0.000,0.0,0.0,0.0184,-0.0058,1.07,0.0038,-0.0002,1.43,-0.0065,-0.03,
66.051,2,DRIVE,15.950,0.300,-0.118,-0.001,0.000,0.000,0.000,0.000,0.0,0.0,0.0191,-0.0060,1.15,0.0038,-0.0001,1.37,-0.0066,0.06,
66.105,2,DRIVE,16.004,0.300,-0.118,-0.002,0.000,0.000,0.000,0.000,0.0,0.0,0.0196,-0.0061,1.22,0.0038,-0.0001,1.36,-0.0068,0.13,
66.152,2,DRIVE,16.051,0.300,-0.118,0.002,0.000,0.000,0.000,0.000,0.0,0.0,0.0186,-0.0059,0.99,0.0038,-0.0001,1.36,-0.0066,-0.10,
66.203,2,DRIVE,16.102,0.300,-0.118,-0.001,0.000,0.000,0.000,0.000,0.0,0.0,0.0192,-0.0060,1.13,0.0038,-0.0002,1.40,-0.0067,0.03,
66.251,2,DRIVE,16.150,0.300,-0.118,0.002,0.000,0.000,0.000,0.000,0.0,0.0,0.0185,-0.0059,1.00,0.0038,-0.0001,1.43,-0.0065,-0.09,
66.303,2,DRIVE,16.202,0.300,-0.118,-0.002,0.000,0.000,0.000,0.000,0.0,0.0,0.0196,-0.0061,1.19,0.0038,-0.0002,1.38,-0.0068,0.09,
66.354,2,DRIVE,16.253,0.300,-0.118,-0.001,0.000,0.000,0.000,0.000,0.0,0.0,0.0189,-0.0059,1.14,0.0038,-0.0001,1.36,-0.0066,0.04,
66.402,2,DRIVE,16.301,0.300,-0.118,-0.001,0.000,0.000,0.000,0.000,0.0,0.0,0.0194,-0.0060,1.17,0.0038,-0.0001,1.36,-0.0067,0.07,
66.452,2,DRIVE,16.351,0.300,-0.118,-0.002,0.000,0.000,0.000,0.000,0.0,0.0,0.0192,-0.0059,1.23,0.0038,-0.0001,1.38,-0.0066,0.14,
66.501,2,DRIVE,16.400,0.300,-0.118,-0.001,0.000,0.000,0.000,0.000,0.0,0.0,0.0191,-0.0059,1.17,0.0038,-0.0002,1.45,-0.0066,0.07,
66.551,2,DRIVE,16.450,0.300,-0.118,-0.001,0.000,0.000,0.000,0.000,0.0,0.0,0.0193,-0.0060,1.17,0.0038,-0.0002,1.38,-0.0067,0.07,
66.603,2,DRIVE,16.502,0.300,-0.118,0.000,0.000,0.000,0.000,0.000,0.0,0.0,0.0190,-0.0060,1.08,0.0038,-0.0002,1.37,-0.0067,-0.01,
66.652,2,DRIVE,16.551,0.300,-0.118,-0.002,0.000,0.000,0.000,0.000,0.0,0.0,0.0193,-0.0060,1.20,0.0038,-0.0002,1.44,-0.0067,0.11,
66.701,2,DRIVE,16.600,0.300,-0.118,0.000,0.000,0.000,0.000,0.000,0.0,0.0,0.0187,-0.0059,1.08,0.0038,-0.0002,1.40,-0.0066,-0.02,
66.751,2,DRIVE,16.650,0.300,-0.118,-0.002,0.000,0.000,0.000,0.000,0.0,0.0,0.0193,-0.0060,1.19,0.0038,-0.0002,1.43,-0.0067,0.09,
66.803,2,DRIVE,16.702,0.300,-0.118,-0.003,0.000,0.000,0.000,0.000,0.0,0.0,0.0197,-0.0061,1.25,0.0038,-0.0002,1.43,-0.0068,0.15,
66.853,2,DRIVE,16.752,0.300,-0.118,0.001,0.000,0.000,0.000,0.000,0.0,0.0,0.0185,-0.0058,1.06,0.0038,-0.0002,1.43,-0.0065,-0.04,
66.901,2,DRIVE,16.800,0.300,-0.118,-0.002,0.000,0.000,0.000,0.000,0.0,0.0,0.0192,-0.0060,1.22,0.0038,-0.0001,1.37,-0.0066,0.13,
66.951,2,DRIVE,16.850,0.300,-0.118,0.001,0.000,0.000,0.000,0.000,0.0,0.0,0.0189,-0.0060,1.01,0.0038,-0.0002,1.45,-0.0067,-0.08,
67.002,2,DRIVE,16.902,0.300,-0.118,-0.003,0.000,0.000,0.000,0.000,0.0,0.0,0.0196,-0.0061,1.27,0.0038,-0.0002,1.46,-0.0068,0.18,
67.051,2,DRIVE,16.950,0.300,-0.118,0.001,0.000,0.000,0.000,0.000,0.0,0.0,0.0186,-0.0059,1.02,0.0038,-0.0002,1.40,-0.0066,-0.07,
67.105,2,DRIVE,17.004,0.300,-0.118,0.001,0.000,0.000,0.000,0.000,0.0,0.0,0.0191,-0.0061,1.03,0.0038,-0.0002,1.45,-0.0068,-0.07,
67.151,2,DRIVE,17.051,0.300,-0.118,0.001,0.000,0.000,0.000,0.000,0.0,0.0,0.0185,-0.0059,1.03,0.0038,-0.0002,1.45,-0.0066,-0.07,
67.202,2,DRIVE,17.101,0.300,-0.118,0.000,0.000,0.000,0.000,0.000,0.0,0.0,0.0191,-0.0061,1.07,0.0038,-0.0002,1.41,-0.0067,-0.02,
67.252,2,DRIVE,17.151,0.300,-0.118,0.002,0.000,0.000,0.000,0.000,0.0,0.0,0.0187,-0.0060,0.99,0.0038,-0.0001,1.42,-0.0066,-0.10,
67.301,2,DRIVE,17.200,0.300,-0.118,0.000,0.000,0.000,0.000,0.000,0.0,0.0,0.0186,-0.0059,1.09,0.0038,-0.0002,1.44,-0.0066,-0.00,
67.353,2,DRIVE,17.253,0.300,-0.118,0.000,0.000,0.000,0.000,0.000,0.0,0.0,0.0190,-0.0060,1.07,0.0038,-0.0001,1.44,-0.0067,-0.03,
67.402,2,DRIVE,17.301,0.300,-0.118,-0.002,0.000,0.000,0.000,0.000,0.0,0.0,0.0192,-0.0060,1.18,0.0038,-0.0002,1.41,-0.0067,0.09,
67.451,2,DRIVE,17.351,0.300,-0.118,-0.000,0.000,0.000,0.000,0.000,0.0,0.0,0.0189,-0.0060,1.12,0.0038,-0.0002,1.45,-0.0066,0.02,
67.502,2,DRIVE,17.401,0.300,-0.118,0.000,0.000,0.000,0.000,0.000,0.0,0.0,0.0190,-0.0060,1.07,0.0038,-0.0002,1.44,-0.0067,-0.03,
67.552,2,DRIVE,17.451,0.300,-0.118,-0.002,0.000,0.000,0.000,0.000,0.0,0.0,0.0193,-0.0060,1.18,0.0038,-0.0002,1.45,-0.0067,0.09,
67.603,2,DRIVE,17.502,0.300,-0.118,-0.003,0.000,0.000,0.000,0.000,0.0,0.0,0.0192,-0.0059,1.27,0.0038,-0.0002,1.45,-0.0066,0.17,
67.651,2,DRIVE,17.550,0.300,-0.118,-0.002,0.000,0.000,0.000,0.000,0.0,0.0,0.0192,-0.0059,1.20,0.0038,-0.0002,1.46,-0.0066,0.10,
67.702,2,DRIVE,17.601,0.300,-0.118,-0.002,0.000,0.000,0.000,0.000,0.0,0.0,0.0197,-0.0061,1.18,0.0038,-0.0002,1.44,-0.0068,0.09,
67.751,2,DRIVE,17.650,0.300,-0.118,0.000,0.000,0.000,0.000,0.000,0.0,0.0,0.0186,-0.0059,1.07,0.0038,-0.0002,1.46,-0.0065,-0.02,
67.802,2,DRIVE,17.701,0.300,-0.118,0.000,0.000,0.000,0.000,0.000,0.0,0.0,0.0191,-0.0061,1.09,0.0038,-0.0002,1.42,-0.0067,-0.01,
67.853,2,DRIVE,17.752,0.300,-0.118,0.002,0.000,0.000,0.000,0.000,0.0,0.0,0.0185,-0.0059,1.00,0.0038,-0.0002,1.48,-0.0066,-0.09,
67.902,2,DRIVE,17.801,0.300,-0.118,-0.002,0.000,0.000,0.000,0.000,0.0,0.0,0.0192,-0.0060,1.23,0.0038,-0.0002,1.47,-0.0067,0.14,
67.951,2,DRIVE,17.850,0.300,-0.118,0.001,0.000,0.000,0.000,0.000,0.0,0.0,0.0188,-0.0060,1.03,0.0038,-0.0002,1.42,-0.0067,-0.07,
68.002,2,DRIVE,17.901,0.300,-0.118,-0.003,0.000,0.000,0.000,0.000,0.0,0.0,0.0193,-0.0060,1.27,0.0038,-0.0002,1.43,-0.0067,0.17,
68.051,2,DRIVE,17.950,0.300,-0.118,-0.002,0.000,0.000,0.000,0.000,0.0,0.0,0.0191,-0.0059,1.21,0.0038,-0.0002,1.45,-0.0066,0.11,
68.103,2,DRIVE,18.002,0.300,-0.118,0.000,0.000,0.000,0.000,0.000,0.0,0.0,0.0190,-0.0060,1.08,0.0038,-0.0002,1.44,-0.0067,-0.02,
68.151,2,DRIVE,18.050,0.300,-0.118,0.001,0.000,0.000,0.000,0.000,0.0,0.0,0.0188,-0.0060,1.03,0.0038,-0.0002,1.43,-0.0067,-0.07,
68.203,2,DRIVE,18.102,0.300,-0.118,0.000,0.000,0.000,0.000,0.000,0.0,0.0,0.0195,-0.0062,1.08,0.0038,-0.0002,1.44,-0.0069,-0.02,
68.253,2,DRIVE,18.152,0.300,-0.118,0.000,0.000,0.000,0.000,0.000,0.0,0.0,0.0188,-0.0059,1.07,0.0038,-0.0002,1.44,-0.0066,-0.02,
68.302,2,DRIVE,18.201,0.300,-0.118,0.000,0.000,0.000,0.000,0.000,0.0,0.0,0.0187,-0.0059,1.09,0.0038,-0.0002,1.45,-0.0066,-0.01,
68.357,2,DRIVE,18.256,0.300,-0.118,-0.002,0.000,0.000,0.000,0.000,0.0,0.0,0.0190,-0.0059,1.19,0.0038,-0.0001,1.41,-0.0066,0.10,
68.402,2,DRIVE,18.301,0.300,-0.118,0.000,0.000,0.000,0.000,0.000,0.0,0.0,0.0191,-0.0061,1.08,0.0038,-0.0002,1.40,-0.0067,-0.01,
68.451,2,DRIVE,18.350,0.300,-0.118,-0.003,0.000,0.000,0.000,0.000,0.0,0.0,0.0189,-0.0058,1.24,0.0038,-0.0001,1.45,-0.0065,0.15,
68.501,2,DRIVE,18.400,0.300,-0.118,0.000,0.000,0.000,0.000,0.000,0.0,0.0,0.0189,-0.0060,1.08,0.0038,-0.0002,1.42,-0.0066,-0.01,
68.552,2,DRIVE,18.451,0.300,-0.118,0.004,0.000,0.000,0.000,0.000,0.0,0.0,0.0188,-0.0061,0.89,0.0038,-0.0001,1.41,-0.0068,-0.20,
68.603,2,DRIVE,18.502,0.300,-0.118,-0.001,0.000,0.000,0.000,0.000,0.0,0.0,0.0188,-0.0059,1.15,0.0038,-0.0002,1.42,-0.0066,0.05,
68.651,2,DRIVE,18.550,0.300,-0.118,-0.002,0.000,0.000,0.000,0.000,0.0,0.0,0.0192,-0.0060,1.19,0.0038,-0.0001,1.44,-0.0067,0.10,
68.702,2,DRIVE,18.601,0.300,-0.118,-0.002,0.000,0.000,0.000,0.000,0.0,0.0,0.0195,-0.0061,1.21,0.0038,-0.0002,1.46,-0.0068,0.11,
68.751,2,DRIVE,18.650,0.300,-0.118,-0.001,0.000,0.000,0.000,0.000,0.0,0.0,0.0187,-0.0059,1.14,0.0038,-0.0002,1.50,-0.0065,0.04,
68.801,2,DRIVE,18.700,0.300,-0.118,0.000,0.000,0.000,0.000,0.000,0.0,0.0,0.0189,-0.0060,1.09,0.0038,-0.0002,1.45,-0.0067,-0.00,
68.853,2,DRIVE,18.752,0.300,-0.118,-0.003,0.000,0.000,0.000,0.000,0.0,0.0,0.0193,-0.0060,1.25,0.0038,-0.0002,1.47,-0.0067,0.15,
68.901,2,DRIVE,18.800,0.300,-0.118,-0.002,0.000,0.000,0.000,0.000,0.0,0.0,0.0193,-0.0060,1.21,0.0038,-0.0002,1.43,-0.0067,0.11,
68.952,2,DRIVE,18.851,0.300,-0.118,-0.002,0.000,0.000,0.000,0.000,0.0,0.0,0.0194,-0.0060,1.23,0.0038,-0.0002,1.46,-0.0067,0.13,
69.001,2,DRIVE,18.900,0.300,-0.118,-0.003,0.000,0.000,0.000,0.000,0.0,0.0,0.0191,-0.0059,1.27,0.0038,-0.0002,1.46,-0.0066,0.18,
69.051,2,DRIVE,18.950,0.300,-0.118,-0.000,0.000,0.000,0.000,0.000,0.0,0.0,0.0189,-0.0060,1.10,0.0038,-0.0002,1.46,-0.0067,0.00,
69.104,2,DRIVE,19.003,0.300,-0.118,-0.002,0.000,0.000,0.000,0.000,0.0,0.0,0.0194,-0.0061,1.21,0.0038,-0.0002,1.44,-0.0068,0.12,
69.151,2,DRIVE,19.050,0.300,-0.118,0.000,0.000,0.000,0.000,0.000,0.0,0.0,0.0188,-0.0059,1.09,0.0038,-0.0002,1.47,-0.0066,-0.00,
69.201,2,DRIVE,19.100,0.300,-0.118,0.001,0.000,0.000,0.000,0.000,0.0,0.0,0.0187,-0.0060,1.03,0.0038,-0.0002,1.46,-0.0067,-0.07,
69.252,2,DRIVE,19.151,0.300,-0.118,-0.000,0.000,0.000,0.000,0.000,0.0,0.0,0.0190,-0.0060,1.10,0.0038,-0.0002,1.50,-0.0067,0.00,
69.301,2,DRIVE,19.200,0.300,-0.118,-0.002,0.000,0.000,0.000,0.000,0.0,0.0,0.0191,-0.0060,1.21,0.0038,-0.0002,1.48,-0.0066,0.12,
69.354,2,DRIVE,19.253,0.300,-0.118,-0.003,0.000,0.000,0.000,0.000,0.0,0.0,0.0196,-0.0061,1.26,0.0038,-0.0002,1.50,-0.0068,0.16,
69.401,2,DRIVE,19.300,0.300,-0.118,-0.000,0.000,0.000,0.000,0.000,0.0,0.0,0.0186,-0.0059,1.10,0.0038,-0.0002,1.45,-0.0065,0.01,
69.451,2,DRIVE,19.350,0.300,-0.118,-0.000,0.000,0.000,0.000,0.000,0.0,0.0,0.0189,-0.0060,1.10,0.0038,-0.0002,1.49,-0.0067,0.00,
69.502,2,DRIVE,19.401,0.300,-0.118,-0.006,0.000,0.000,0.000,0.000,0.0,0.0,0.0198,-0.0060,1.44,0.0038,-0.0002,1.44,-0.0067,0.35,
69.551,2,DRIVE,19.450,0.300,-0.118,0.000,0.000,0.000,0.000,0.000,0.0,0.0,0.0188,-0.0059,1.08,0.0038,-0.0002,1.43,-0.0066,-0.02,
69.603,2,DRIVE,19.502,0.300,-0.118,-0.006,0.000,0.000,0.000,0.000,0.0,0.0,0.0198,-0.0060,1.42,0.0038,-0.0002,1.42,-0.0067,0.33,
69.652,2,DRIVE,19.551,0.300,-0.118,-0.002,0.000,0.000,0.000,0.000,0.0,0.0,0.0195,-0.0060,1.23,0.0038,-0.0002,1.45,-0.0067,0.14,
69.701,2,DRIVE,19.600,0.300,-0.118,-0.003,0.000,0.000,0.000,0.000,0.0,0.0,0.0190,-0.0059,1.26,0.0038,-0.0002,1.47,-0.0066,0.16,
69.751,2,DRIVE,19.650,0.300,-0.118,-0.002,0.000,0.000,0.000,0.000,0.0,0.0,0.0193,-0.0060,1.21,0.0038,-0.0002,1.51,-0.0067,0.11,
69.801,2,DRIVE,19.700,0.300,-0.118,-0.004,0.000,0.000,0.000,0.000,0.0,0.0,0.0192,-0.0059,1.30,0.0038,-0.0002,1.49,-0.0066,0.20,
69.853,2,DRIVE,19.752,0.300,-0.118,-0.006,0.000,0.000,0.000,0.000,0.0,0.0,0.0197,-0.0060,1.44,0.0038,-0.0002,1.48,-0.0067,0.35,
69.901,2,DRIVE,19.800,0.300,-0.118,0.001,0.000,0.000,0.000,0.000,0.0,0.0,0.0189,-0.0060,1.04,0.0038,-0.0002,1.48,-0.0067,-0.05,
69.951,2,DRIVE,19.850,0.300,-0.118,0.000,0.000,0.000,0.000,0.000,0.0,0.0,0.0190,-0.0060,1.09,0.0038,-0.0002,1.46,-0.0067,-0.01,
70.001,2,DRIVE,19.900,0.300,-0.118,0.001,0.000,0.000,0.000,0.000,0.0,0.0,0.0186,-0.0059,1.05,0.0038,-0.0002,1.46,-0.0066,-0.04,
70.052,2,DRIVE,19.951,0.300,-0.118,0.001,0.000,0.000,0.000,0.000,0.0,0.0,0.0190,-0.0061,1.05,0.0038,-0.0002,1.52,-0.0067,-0.04,
70.103,2,DRIVE,20.003,0.000,0.000,0.000,0.000,0.000,0.000,0.000,0.0,0.0,0.0191,-0.0061,1.08,0.0038,-0.0002,1.41,-0.0067,-0.02,FIN_DRIVE_leg2_TIMEOUT_20.0s
70.104,2,STOP_BEFORE_SPIN,0.000,0.000,0.000,0.000,0.000,0.000,0.000,0.000,0.0,0.0,0.0191,-0.0061,1.08,0.0038,-0.0002,1.41,-0.0067,-0.02,
70.151,2,STOP_BEFORE_SPIN,0.047,0.000,0.000,0.000,0.000,0.000,0.000,0.000,0.0,0.0,0.0038,-0.0004,1.03,0.0038,-0.0002,1.44,-0.0008,-0.07,
70.202,2,STOP_BEFORE_SPIN,0.098,0.000,0.000,0.000,0.000,0.000,0.000,0.000,0.0,0.0,0.0036,-0.0003,1.13,0.0038,-0.0002,1.40,-0.0007,0.03,
70.253,2,STOP_BEFORE_SPIN,0.149,0.000,0.000,0.000,0.000,0.000,0.000,0.000,0.0,0.0,0.0036,-0.0002,1.26,0.0038,-0.0001,1.42,-0.0005,0.16,
70.302,2,STOP_BEFORE_SPIN,0.198,0.000,0.000,0.000,0.000,0.000,0.000,0.000,0.0,0.0,0.0028,-0.0001,0.90,0.0038,-0.0001,1.37,-0.0005,-0.20,
70.351,2,STOP_BEFORE_SPIN,0.248,0.000,0.000,0.000,0.000,0.000,0.000,0.000,0.0,0.0,0.0034,-0.0002,1.16,0.0038,-0.0002,1.42,-0.0006,0.06,
70.401,2,STOP_BEFORE_SPIN,0.297,0.000,0.000,0.000,0.000,0.000,0.000,0.000,0.0,0.0,0.0032,-0.0001,1.07,0.0038,-0.0002,1.41,-0.0005,-0.03,
70.451,2,STOP_BEFORE_SPIN,0.347,0.000,0.000,0.000,0.000,0.000,0.000,0.000,0.0,0.0,0.0035,-0.0002,1.21,0.0038,-0.0002,1.43,-0.0006,0.12,
70.502,2,STOP_BEFORE_SPIN,0.398,0.000,0.000,0.000,0.000,0.000,0.000,0.000,0.0,0.0,0.0035,-0.0002,1.24,0.0038,-0.0002,1.43,-0.0006,0.15,
70.552,2,STOP_BEFORE_SPIN,0.448,0.000,0.000,0.000,0.000,0.000,0.000,0.000,0.0,0.0,0.0031,-0.0001,1.01,0.0038,-0.0002,1.45,-0.0005,-0.08,
70.601,2,STOP_BEFORE_SPIN,0.497,0.000,0.000,0.000,0.000,0.000,0.000,0.000,0.0,0.0,0.0034,-0.0002,1.17,0.0038,-0.0002,1.41,-0.0006,0.08,
70.651,2,STOP_BEFORE_SPIN,0.547,0.000,0.000,0.000,0.000,0.000,0.000,0.000,0.0,0.0,0.0038,-0.0002,1.40,0.0038,-0.0002,1.44,-0.0006,0.31,
70.701,2,STOP_BEFORE_SPIN,0.597,0.000,0.000,0.000,0.000,0.000,0.000,0.000,0.0,0.0,0.0033,-0.0002,1.12,0.0038,-0.0002,1.42,-0.0005,0.02,
70.751,2,STOP_BEFORE_SPIN,0.647,0.000,0.000,0.000,0.000,0.000,0.000,0.000,0.0,0.0,0.0032,-0.0002,1.07,0.0037,-0.0001,1.58,-0.0005,-0.02,
70.801,2,STOP_BEFORE_SPIN,0.697,0.000,0.000,0.000,0.000,0.000,0.000,0.000,0.0,0.0,0.0029,-0.0001,0.95,0.0038,-0.0002,1.38,-0.0005,-0.14,
70.852,2,STOP_BEFORE_SPIN,0.748,0.000,0.000,0.000,0.000,0.000,0.000,0.000,0.0,0.0,0.0031,-0.0001,1.00,0.0038,-0.0002,1.43,-0.0005,-0.10,
70.902,2,STOP_BEFORE_SPIN,0.798,0.000,0.000,0.000,0.000,0.000,0.000,0.000,0.0,0.0,0.0030,-0.0001,1.00,0.0038,-0.0002,1.44,-0.0005,-0.10,
70.951,2,STOP_BEFORE_SPIN,0.847,0.000,0.000,0.000,0.000,0.000,0.000,0.000,0.0,0.0,0.0034,-0.0002,1.20,0.0038,-0.0002,1.43,-0.0006,0.11,
71.001,2,STOP_BEFORE_SPIN,0.897,0.000,0.000,0.000,0.000,0.000,0.000,0.000,0.0,0.0,0.0032,-0.0002,1.08,0.0038,-0.0002,1.42,-0.0005,-0.02,
71.051,2,STOP_BEFORE_SPIN,0.947,0.000,0.000,0.000,0.000,0.000,0.000,0.000,0.0,0.0,0.0035,-0.0002,1.19,0.0038,-0.0002,1.40,-0.0005,0.09,
71.101,2,STOP_BEFORE_SPIN,0.997,0.000,0.000,0.000,0.000,0.000,0.000,0.000,0.0,0.0,0.0031,-0.0001,1.02,0.0038,-0.0002,1.35,-0.0005,-0.07,
71.153,2,STOP_BEFORE_SPIN,1.049,0.000,0.000,0.000,0.000,0.000,0.000,0.000,0.0,0.0,0.0032,-0.0001,1.04,0.0038,-0.0001,1.38,-0.0005,-0.06,INICIO_DRIFT_leg2
71.154,2,DRIFT,0.000,0.000,0.000,0.000,0.000,0.000,0.000,0.000,0.0,0.0,0.0032,-0.0001,1.04,0.0038,-0.0001,1.38,-0.0005,0.00,
71.201,2,DRIFT,0.048,0.000,-0.000,1.000,0.000,0.000,0.000,0.000,0.0,0.0,0.0033,-0.0001,1.12,0.0038,-0.0002,1.37,-0.0005,0.08,
71.251,2,DRIFT,0.098,0.000,-0.000,1.000,0.000,0.000,0.000,0.000,0.0,0.0,0.0035,-0.0001,4.07,0.0038,-0.0002,1.46,-0.0005,3.03,
71.301,2,DRIFT,0.148,0.000,-0.000,1.000,0.000,0.000,0.000,0.000,0.0,0.0,0.0031,-0.0001,4.05,0.0038,-0.0002,1.37,-0.0005,3.01,
71.351,2,DRIFT,0.198,0.000,-0.000,1.000,0.000,0.000,0.000,0.000,0.0,0.0,0.0032,-0.0001,4.06,0.0038,-0.0001,1.37,-0.0005,3.02,
71.401,2,DRIFT,0.248,0.000,-0.000,1.000,0.000,0.000,0.000,0.000,0.0,0.0,0.0033,-0.0001,4.11,0.0038,-0.0002,1.40,-0.0005,3.07,
71.453,2,DRIFT,0.300,0.000,-0.000,1.000,0.000,0.000,0.000,0.000,0.0,0.0,0.0034,-0.0001,4.22,0.0038,-0.0001,1.38,-0.0005,3.18,
71.502,2,DRIFT,0.348,0.000,-0.000,1.000,0.000,0.000,0.000,0.000,0.0,0.0,0.0035,-0.0001,4.28,0.0038,-0.0002,1.37,-0.0005,3.24,
71.552,2,DRIFT,0.399,0.000,-0.000,1.000,0.000,0.000,0.000,0.000,0.0,0.0,0.0035,-0.0001,4.26,0.0038,-0.0001,1.33,-0.0005,3.23,
71.602,2,DRIFT,0.448,0.000,-0.000,1.000,0.000,0.000,0.000,0.000,0.0,0.0,0.0034,-0.0000,4.30,0.0037,-0.0000,1.59,-0.0004,3.27,
71.651,2,DRIFT,0.498,0.000,-0.000,1.000,0.000,0.000,0.000,0.000,0.0,0.0,0.0033,0.0001,4.47,0.0036,0.0001,1.78,-0.0003,3.44,
71.703,2,DRIFT,0.549,0.000,-0.000,1.000,0.000,0.000,0.000,0.000,0.0,0.0,0.0029,0.0001,4.29,0.0036,0.0001,1.74,-0.0003,3.25,
71.751,2,DRIFT,0.598,0.000,-0.000,1.000,0.000,0.000,0.000,0.000,0.0,0.0,0.0031,0.0001,4.35,0.0036,0.0002,1.75,-0.0003,3.31,
71.801,2,DRIFT,0.648,0.000,-0.000,1.000,0.000,0.000,0.000,0.000,0.0,0.0,0.0030,0.0001,4.31,0.0036,0.0001,1.75,-0.0003,3.27,
71.851,2,DRIFT,0.698,0.000,-0.000,1.000,0.000,0.000,0.000,0.000,0.0,0.0,0.0032,0.0001,4.51,0.0036,0.0002,1.77,-0.0003,3.47,
71.902,2,DRIFT,0.749,0.000,-0.000,1.000,0.000,0.000,0.000,0.000,0.0,0.0,0.0036,0.0001,4.84,0.0036,0.0001,1.72,-0.0002,3.81,
71.953,2,DRIFT,0.800,0.000,-0.000,1.000,0.000,0.000,0.000,0.000,0.0,0.0,0.0033,0.0001,4.53,0.0036,0.0002,1.72,-0.0002,3.49,
72.002,2,DRIFT,0.849,0.000,-0.000,1.000,0.000,0.000,0.000,0.000,0.0,0.0,0.0030,0.0001,4.37,0.0036,0.0001,1.76,-0.0003,3.33,
72.051,2,DRIFT,0.898,0.000,-0.000,1.000,0.000,0.000,0.000,0.000,0.0,0.0,0.0032,0.0001,4.43,0.0036,0.0001,1.77,-0.0003,3.40,
72.102,2,DRIFT,0.949,0.000,-0.000,1.000,0.000,0.000,0.000,0.000,0.0,0.0,0.0033,0.0001,4.60,0.0036,0.0002,1.71,-0.0002,3.56,
72.152,2,DRIFT,0.999,0.000,-0.000,1.000,0.000,0.000,0.000,0.000,0.0,0.0,0.0031,0.0001,4.34,0.0036,0.0002,1.73,-0.0002,3.30,
72.203,2,DRIFT,1.050,0.000,-0.000,1.000,0.000,0.000,0.000,0.000,0.0,0.0,0.0030,0.0001,4.31,0.0036,0.0002,1.72,-0.0002,3.27,
72.251,2,DRIFT,1.098,0.000,-0.000,1.000,0.000,0.000,0.000,0.000,0.0,0.0,0.0032,0.0001,4.50,0.0036,0.0002,1.76,-0.0002,3.46,
72.302,2,DRIFT,1.148,0.000,-0.000,1.000,0.000,0.000,0.000,0.000,0.0,0.0,0.0033,0.0002,4.53,0.0036,0.0002,1.75,-0.0002,3.49,
72.352,2,DRIFT,1.198,0.000,-0.000,1.000,0.000,0.000,0.000,0.000,0.0,0.0,0.0031,0.0001,4.40,0.0036,0.0002,1.80,-0.0002,3.36,
72.402,2,DRIFT,1.249,0.000,-0.000,1.000,0.000,0.000,0.000,0.000,0.0,0.0,0.0031,0.0001,4.34,0.0036,0.0002,1.75,-0.0003,3.30,
72.453,2,DRIFT,1.300,0.000,-0.000,1.000,0.000,0.000,0.000,0.000,0.0,0.0,0.0027,0.0001,4.08,0.0036,0.0002,1.78,-0.0003,3.04,
72.502,2,DRIFT,1.349,0.000,-0.000,1.000,0.000,0.000,0.000,0.000,0.0,0.0,0.0033,0.0002,4.61,0.0036,0.0002,1.76,-0.0002,3.57,
72.551,2,DRIFT,1.398,0.000,-0.000,1.000,0.000,0.000,0.000,0.000,0.0,0.0,0.0033,0.0002,4.52,0.0036,0.0002,1.78,-0.0002,3.48,
72.601,2,DRIFT,1.448,0.000,-0.000,1.000,0.000,0.000,0.000,0.000,0.0,0.0,0.0033,0.0002,4.54,0.0036,0.0002,1.80,-0.0002,3.50,
72.651,2,DRIFT,1.498,0.000,-0.000,1.000,0.000,0.000,0.000,0.000,0.0,0.0,0.0033,0.0002,4.58,0.0036,0.0002,1.80,-0.0002,3.54,
72.703,2,DRIFT,1.550,0.000,-0.000,1.000,0.000,0.000,0.000,0.000,0.0,0.0,0.0032,0.0002,4.56,0.0036,0.0002,1.77,-0.0002,3.52,
72.752,2,DRIFT,1.599,0.000,-0.000,1.000,0.000,0.000,0.000,0.000,0.0,0.0,0.0033,0.0002,4.63,0.0036,0.0002,1.79,-0.0002,3.59,
72.802,2,DRIFT,1.649,0.000,-0.000,1.000,0.000,0.000,0.000,0.000,0.0,0.0,0.0034,0.0002,4.56,0.0038,0.0003,1.71,-0.0001,3.52,
72.851,2,DRIFT,1.698,0.000,-0.000,1.000,0.000,0.000,0.000,0.000,0.0,0.0,0.0035,0.0003,4.50,0.0037,0.0004,1.85,-0.0001,3.47,
72.901,2,DRIFT,1.748,0.000,-0.000,1.000,0.000,0.000,0.000,0.000,0.0,0.0,0.0035,0.0003,4.53,0.0038,0.0003,1.72,-0.0001,3.50,
72.953,2,DRIFT,1.800,0.000,-0.000,1.000,0.000,0.000,0.000,0.000,0.0,0.0,0.0038,0.0003,4.79,0.0038,0.0003,1.74,-0.0001,3.75,
73.001,2,DRIFT,1.848,0.000,-0.000,1.000,0.000,0.000,0.000,0.000,0.0,0.0,0.0034,0.0003,4.55,0.0038,0.0003,1.70,-0.0001,3.52,
73.051,2,DRIFT,1.898,0.000,-0.000,1.000,0.000,0.000,0.000,0.000,0.0,0.0,0.0035,0.0003,4.53,0.0038,0.0003,1.74,-0.0001,3.49,
73.102,2,DRIFT,1.949,0.000,-0.000,1.000,0.000,0.000,0.000,0.000,0.0,0.0,0.0033,0.0003,4.42,0.0038,0.0003,1.71,-0.0001,3.38,
73.151,2,DRIFT,1.998,0.000,-0.000,1.000,0.000,0.000,0.000,0.000,0.0,0.0,0.0038,0.0003,4.73,0.0038,0.0003,1.74,-0.0001,3.69,
73.203,2,DRIFT,2.050,0.000,-0.000,1.000,0.000,0.000,0.000,0.000,0.0,0.0,0.0029,0.0002,4.14,0.0039,0.0003,1.69,-0.0002,3.10,
73.251,2,DRIFT,2.098,0.000,-0.000,1.000,0.000,0.000,0.000,0.000,0.0,0.0,0.0035,0.0003,4.51,0.0038,0.0003,1.74,-0.0001,3.47,
73.303,2,DRIFT,2.150,0.000,-0.000,1.000,0.000,0.000,0.000,0.000,0.0,0.0,0.0035,0.0003,4.63,0.0038,0.0003,1.70,-0.0001,3.59,
73.351,2,DRIFT,2.198,0.000,-0.000,1.000,0.000,0.000,0.000,0.000,0.0,0.0,0.0033,0.0002,4.28,0.0038,0.0003,1.74,-0.0001,3.25,
73.402,2,DRIFT,2.249,0.000,-0.000,1.000,0.000,0.000,0.000,0.000,0.0,0.0,0.0032,0.0002,4.37,0.0038,0.0003,1.76,-0.0001,3.34,
73.455,2,DRIFT,2.301,0.000,-0.000,1.000,0.000,0.000,0.000,0.000,0.0,0.0,0.0038,0.0003,4.86,0.0038,0.0003,1.77,-0.0001,3.83,
73.501,2,DRIFT,2.348,0.000,-0.000,1.000,0.000,0.000,0.000,0.000,0.0,0.0,0.0032,0.0002,4.31,0.0038,0.0003,1.76,-0.0001,3.27,
73.551,2,DRIFT,2.398,0.000,-0.000,1.000,0.000,0.000,0.000,0.000,0.0,0.0,0.0035,0.0002,4.54,0.0038,0.0003,1.80,-0.0001,3.51,
73.601,2,DRIFT,2.448,0.000,-0.000,1.000,0.000,0.000,0.000,0.000,0.0,0.0,0.0038,0.0003,4.84,0.0038,0.0003,1.78,-0.0001,3.80,
73.653,3,DRIFT,2.499,0.000,0.000,0.000,0.000,0.000,0.000,0.000,0.0,0.0,0.0034,0.0002,4.57,0.0038,0.0003,1.77,-0.0001,3.53,FIN_DRIFT_leg2_TIMEOUT_2.5s_2.50s
73.654,3,STOP_BEFORE_DRIVE,0.000,0.000,0.000,0.000,0.000,0.000,0.000,0.000,0.0,0.0,0.0034,0.0002,4.57,0.0038,0.0003,1.77,-0.0001,3.53,
73.701,3,STOP_BEFORE_DRIVE,0.047,0.000,0.000,0.000,0.000,0.000,0.000,0.000,0.0,0.0,0.0035,0.0002,1.71,0.0038,0.0003,1.77,-0.0001,0.67,
73.751,3,STOP_BEFORE_DRIVE,0.097,0.000,0.000,0.000,0.000,0.000,0.000,0.000,0.0,0.0,0.0035,0.0002,1.63,0.0039,0.0003,1.75,-0.0001,0.60,
73.802,3,STOP_BEFORE_DRIVE,0.148,0.000,0.000,0.000,0.000,0.000,0.000,0.000,0.0,0.0,0.0031,0.0002,1.29,0.0038,0.0003,1.77,-0.0002,0.25,
73.851,3,STOP_BEFORE_DRIVE,0.197,0.000,0.000,0.000,0.000,0.000,0.000,0.000,0.0,0.0,0.0031,0.0002,1.26,0.0037,0.0003,1.86,-0.0001,0.22,
73.901,3,STOP_BEFORE_DRIVE,0.247,0.000,0.000,0.000,0.000,0.000,0.000,0.000,0.0,0.0,0.0032,0.0002,1.33,0.0037,0.0003,1.85,-0.0001,0.29,
73.951,3,STOP_BEFORE_DRIVE,0.297,0.000,0.000,0.000,0.000,0.000,0.000,0.000,0.0,0.0,0.0031,0.0002,1.28,0.0038,0.0002,1.79,-0.0002,0.24,
74.001,3,STOP_BEFORE_DRIVE,0.347,0.000,0.000,0.000,0.000,0.000,0.000,0.000,0.0,0.0,0.0031,0.0002,1.30,0.0038,0.0002,1.75,-0.0002,0.26,
74.051,3,STOP_BEFORE_DRIVE,0.397,0.000,0.000,0.000,0.000,0.000,0.000,0.000,0.0,0.0,0.0028,0.0002,1.13,0.0037,0.0003,1.87,-0.0002,0.09,
74.101,3,STOP_BEFORE_DRIVE,0.447,0.000,0.000,0.000,0.000,0.000,0.000,0.000,0.0,0.0,0.0030,0.0002,1.28,0.0038,0.0002,1.80,-0.0002,0.24,
74.151,3,STOP_BEFORE_DRIVE,0.497,0.000,0.000,0.000,0.000,0.000,0.000,0.000,0.0,0.0,0.0031,0.0002,1.36,0.0038,0.0002,1.82,-0.0002,0.32,
74.201,3,STOP_BEFORE_DRIVE,0.547,0.000,0.000,0.000,0.000,0.000,0.000,0.000,0.0,0.0,0.0029,0.0002,1.21,0.0037,0.0003,1.87,-0.0002,0.17,
74.251,3,STOP_BEFORE_DRIVE,0.597,0.000,0.000,0.000,0.000,0.000,0.000,0.000,0.0,0.0,0.0027,0.0002,1.07,0.0038,0.0002,1.74,-0.0002,0.03,
74.301,3,STOP_BEFORE_DRIVE,0.647,0.000,0.000,0.000,0.000,0.000,0.000,0.000,0.0,0.0,0.0035,0.0002,1.60,0.0038,0.0002,1.78,-0.0002,0.56,
74.351,3,STOP_BEFORE_DRIVE,0.697,0.000,0.000,0.000,0.000,0.000,0.000,0.000,0.0,0.0,0.0038,0.0002,1.83,0.0038,0.0002,1.83,-0.0002,0.79,
74.401,3,STOP_BEFORE_DRIVE,0.747,0.000,0.000,0.000,0.000,0.000,0.000,0.000,0.0,0.0,0.0035,0.0002,1.59,0.0038,0.0002,1.81,-0.0002,0.55,
74.451,3,STOP_BEFORE_DRIVE,0.797,0.000,0.000,0.000,0.000,0.000,0.000,0.000,0.0,0.0,0.0034,0.0002,1.54,0.0037,0.0003,1.91,-0.0002,0.50,
74.501,3,STOP_BEFORE_DRIVE,0.847,0.000,0.000,0.000,0.000,0.000,0.000,0.000,0.0,0.0,0.0035,0.0002,1.59,0.0038,0.0002,1.79,-0.0002,0.55,
74.551,3,STOP_BEFORE_DRIVE,0.897,0.000,0.000,0.000,0.000,0.000,0.000,0.000,0.0,0.0,0.0034,0.0002,1.58,0.0038,0.0002,1.81,-0.0002,0.54,
74.601,3,STOP_BEFORE_DRIVE,0.947,0.000,0.000,0.000,0.000,0.000,0.000,0.000,0.0,0.0,0.0032,0.0002,1.37,0.0038,0.0002,1.81,-0.0002,0.33,
74.651,3,STOP_BEFORE_DRIVE,0.997,0.000,0.000,0.000,0.000,0.000,0.000,0.000,0.0,0.0,0.0031,0.0002,1.39,0.0038,0.0002,1.81,-0.0002,0.36,
74.701,3,DRIVE,0.000,0.000,0.000,0.000,0.000,0.000,0.000,0.000,0.0,0.0,0.0035,0.0002,1.55,0.0038,0.0002,1.80,0.0000,0.00,
74.751,3,DRIVE,0.050,0.300,-0.120,0.000,0.000,0.000,0.000,0.000,0.0,0.0,0.0035,0.0002,1.53,0.0038,0.0002,1.77,0.0000,-0.02,
74.801,3,DRIVE,0.100,0.300,-0.118,-0.001,0.000,0.000,0.000,0.000,0.0,0.0,0.0186,-0.0054,1.59,0.0037,0.0003,1.89,-0.0060,0.04,
74.851,3,DRIVE,0.150,0.300,-0.118,-0.000,0.000,0.000,0.000,0.000,0.0,0.0,0.0193,-0.0056,1.57,0.0037,0.0003,1.91,-0.0062,0.02,
74.901,3,DRIVE,0.200,0.300,-0.118,0.002,0.000,0.000,0.000,0.000,0.0,0.0,0.0194,-0.0057,1.44,0.0041,0.0000,1.42,-0.0063,-0.11,
74.954,3,DRIVE,0.253,0.300,-0.118,0.006,0.000,0.000,0.000,0.000,0.0,0.0,0.0198,-0.0061,1.23,0.0047,-0.0003,1.71,-0.0067,-0.32,
75.001,3,DRIVE,0.301,0.300,-0.118,0.004,0.000,0.000,0.000,0.000,0.0,0.0,0.0198,-0.0059,1.34,0.0052,-0.0003,1.69,-0.0065,-0.21,
75.051,3,DRIVE,0.350,0.300,-0.118,-0.003,0.000,0.000,0.000,0.000,0.0,0.0,0.0211,-0.0060,1.70,0.0052,-0.0003,1.76,-0.0067,0.15,
75.101,3,DRIVE,0.400,0.300,-0.118,0.001,0.000,0.000,0.000,0.000,0.0,0.0,0.0206,-0.0061,1.47,0.0052,-0.0003,1.72,-0.0067,-0.09,
75.152,3,DRIVE,0.451,0.300,-0.118,0.001,0.000,0.000,0.000,0.000,0.0,0.0,0.0209,-0.0062,1.48,0.0052,-0.0003,1.78,-0.0068,-0.07,
75.203,3,DRIVE,0.502,0.300,-0.118,0.000,0.000,0.000,0.000,0.000,0.0,0.0,0.0204,-0.0059,1.53,0.0053,-0.0003,1.69,-0.0066,-0.02,
75.251,3,DRIVE,0.550,0.300,-0.118,0.002,0.000,0.000,0.000,0.000,0.0,0.0,0.0205,-0.0060,1.45,0.0053,-0.0003,1.72,-0.0067,-0.10,
75.301,3,DRIVE,0.600,0.300,-0.118,0.002,0.000,0.000,0.000,0.000,0.0,0.0,0.0206,-0.0061,1.44,0.0053,-0.0003,1.71,-0.0067,-0.11,
75.351,3,DRIVE,0.651,0.300,-0.118,0.001,0.000,0.000,0.000,0.000,0.0,0.0,0.0207,-0.0060,1.49,0.0053,-0.0003,1.73,-0.0067,-0.06,
75.402,3,DRIVE,0.702,0.300,-0.118,0.004,0.000,0.000,0.000,0.000,0.0,0.0,0.0204,-0.0061,1.31,0.0053,-0.0003,1.77,-0.0068,-0.24,
75.453,3,DRIVE,0.753,0.300,-0.118,0.005,0.000,0.000,0.000,0.000,0.0,0.0,0.0199,-0.0060,1.25,0.0053,-0.0003,1.78,-0.0067,-0.30,
75.501,3,DRIVE,0.800,0.300,-0.118,0.004,0.000,0.000,0.000,0.000,0.0,0.0,0.0200,-0.0060,1.32,0.0053,-0.0003,1.73,-0.0066,-0.23,
75.552,3,DRIVE,0.852,0.300,-0.118,0.005,0.000,0.000,0.000,0.000,0.0,0.0,0.0205,-0.0062,1.26,0.0053,-0.0003,1.72,-0.0069,-0.29,
75.602,3,DRIVE,0.901,0.300,-0.118,0.003,0.000,0.000,0.000,0.000,0.0,0.0,0.0201,-0.0059,1.39,0.0053,-0.0003,1.73,-0.0066,-0.16,
75.651,3,DRIVE,0.950,0.300,-0.118,0.004,0.000,0.000,0.000,0.000,0.0,0.0,0.0200,-0.0059,1.34,0.0054,-0.0003,1.81,-0.0066,-0.21,
75.703,3,DRIVE,1.002,0.300,-0.118,0.000,0.000,0.000,0.000,0.000,0.0,0.0,0.0208,-0.0060,1.54,0.0055,-0.0003,1.91,-0.0067,-0.01,
75.752,3,DRIVE,1.051,0.300,-0.118,-0.002,0.000,0.000,0.000,0.000,0.0,0.0,0.0211,-0.0060,1.65,0.0056,-0.0003,1.89,-0.0067,0.10,
75.801,3,DRIVE,1.100,0.300,-0.118,-0.001,0.000,0.000,0.000,0.000,0.0,0.0,0.0207,-0.0059,1.61,0.0056,-0.0003,1.91,-0.0065,0.06,
75.851,3,DRIVE,1.151,0.300,-0.118,0.004,0.000,0.000,0.000,0.000,0.0,0.0,0.0204,-0.0060,1.35,0.0056,-0.0002,1.90,-0.0067,-0.20,
75.901,3,DRIVE,1.200,0.300,-0.118,0.007,0.000,0.000,0.000,0.000,0.0,0.0,0.0201,-0.0061,1.16,0.0056,-0.0003,1.91,-0.0068,-0.39,
75.953,3,DRIVE,1.252,0.300,-0.118,-0.001,0.000,0.000,0.000,0.000,0.0,0.0,0.0205,-0.0059,1.59,0.0056,-0.0003,1.91,-0.0065,0.04,
76.001,3,DRIVE,1.300,0.300,-0.118,-0.001,0.000,0.000,0.000,0.000,0.0,0.0,0.0210,-0.0060,1.62,0.0056,-0.0002,1.85,-0.0066,0.07,
76.051,3,DRIVE,1.351,0.300,-0.118,-0.000,0.000,0.000,0.000,0.000,0.0,0.0,0.0210,-0.0060,1.58,0.0056,-0.0002,1.91,-0.0067,0.02,
76.102,3,DRIVE,1.402,0.300,-0.118,-0.002,0.000,0.000,0.000,0.000,0.0,0.0,0.0213,-0.0060,1.65,0.0056,-0.0003,1.89,-0.0067,0.10,
76.151,3,DRIVE,1.450,0.300,-0.118,-0.002,0.000,0.000,0.000,0.000,0.0,0.0,0.0206,-0.0058,1.65,0.0056,-0.0002,1.93,-0.0065,0.10,
76.204,3,DRIVE,1.503,0.300,-0.118,-0.001,0.000,0.000,0.000,0.000,0.0,0.0,0.0213,-0.0061,1.63,0.0056,-0.0003,1.90,-0.0068,0.08,
76.251,3,DRIVE,1.550,0.300,-0.118,0.003,0.000,0.000,0.000,0.000,0.0,0.0,0.0200,-0.0059,1.38,0.0056,-0.0002,1.94,-0.0065,-0.17,
76.302,3,DRIVE,1.601,0.300,-0.118,-0.002,0.000,0.000,0.000,0.000,0.0,0.0,0.0211,-0.0060,1.67,0.0056,-0.0003,1.90,-0.0067,0.12,
76.353,3,DRIVE,1.653,0.300,-0.118,0.002,0.000,0.000,0.000,0.000,0.0,0.0,0.0208,-0.0061,1.44,0.0056,-0.0003,1.96,-0.0068,-0.11,
76.401,3,DRIVE,1.700,0.300,-0.118,-0.002,0.000,0.000,0.000,0.000,0.0,0.0,0.0203,-0.0057,1.64,0.0056,-0.0003,1.92,-0.0064,0.09,
76.454,3,DRIVE,1.754,0.300,-0.118,0.002,0.000,0.000,0.000,0.000,0.0,0.0,0.0209,-0.0061,1.44,0.0056,-0.0002,1.91,-0.0068,-0.11,
76.502,3,DRIVE,1.801,0.300,-0.118,-0.001,0.000,0.000,0.000,0.000,0.0,0.0,0.0207,-0.0059,1.58,0.0056,-0.0003,1.91,-0.0066,0.03,
76.552,3,DRIVE,1.851,0.300,-0.118,0.000,0.000,0.000,0.000,0.000,0.0,0.0,0.0205,-0.0059,1.54,0.0056,-0.0003,1.93,-0.0065,-0.01,
76.601,3,DRIVE,1.900,0.300,-0.118,0.003,0.000,0.000,0.000,0.000,0.0,0.0,0.0202,-0.0059,1.38,0.0056,-0.0003,1.90,-0.0066,-0.18,
76.651,3,DRIVE,1.950,0.300,-0.118,0.003,0.000,0.000,0.000,0.000,0.0,0.0,0.0204,-0.0060,1.36,0.0056,-0.0002,1.95,-0.0067,-0.19,
76.703,3,DRIVE,2.002,0.300,-0.118,0.002,0.000,0.000,0.000,0.000,0.0,0.0,0.0204,-0.0059,1.45,0.0056,-0.0003,1.91,-0.0066,-0.10,
76.751,3,DRIVE,2.050,0.300,-0.118,0.003,0.000,0.000,0.000,0.000,0.0,0.0,0.0204,-0.0060,1.37,0.0056,-0.0002,1.93,-0.0066,-0.18,
76.801,3,DRIVE,2.100,0.300,-0.118,0.004,0.000,0.000,0.000,0.000,0.0,0.0,0.0210,-0.0063,1.30,0.0056,-0.0002,1.90,-0.0070,-0.25,
76.852,3,DRIVE,2.151,0.300,-0.118,-0.000,0.000,0.000,0.000,0.000,0.0,0.0,0.0212,-0.0061,1.56,0.0056,-0.0002,1.88,-0.0068,0.01,
76.906,3,DRIVE,2.205,0.300,-0.118,-0.001,0.000,0.000,0.000,0.000,0.0,0.0,0.0221,-0.0063,1.62,0.0056,-0.0002,1.85,-0.0070,0.07,
76.953,3,DRIVE,2.252,0.300,-0.118,-0.005,0.000,0.000,0.000,0.000,0.0,0.0,0.0200,-0.0054,1.85,0.0056,-0.0002,1.88,-0.0060,0.29,
77.001,3,DRIVE,2.300,0.300,-0.118,-0.000,0.000,0.000,0.000,0.000,0.0,0.0,0.0208,-0.0059,1.56,0.0056,-0.0002,1.85,-0.0066,0.01,
77.051,3,DRIVE,2.350,0.300,-0.118,0.000,0.000,0.000,0.000,0.000,0.0,0.0,0.0209,-0.0060,1.55,0.0056,-0.0002,1.85,-0.0067,-0.00,
77.101,3,DRIVE,2.400,0.300,-0.118,-0.000,0.000,0.000,0.000,0.000,0.0,0.0,0.0209,-0.0059,1.58,0.0056,-0.0002,1.82,-0.0066,0.03,
77.151,3,DRIVE,2.450,0.300,-0.118,0.002,0.000,0.000,0.000,0.000,0.0,0.0,0.0205,-0.0059,1.42,0.0056,-0.0002,1.82,-0.0066,-0.13,
77.203,3,DRIVE,2.502,0.300,-0.118,0.007,0.000,0.000,0.000,0.000,0.0,0.0,0.0202,-0.0061,1.14,0.0056,-0.0002,1.88,-0.0068,-0.41,
77.252,3,DRIVE,2.551,0.300,-0.118,0.002,0.000,0.000,0.000,0.000,0.0,0.0,0.0207,-0.0060,1.44,0.0056,-0.0002,1.85,-0.0067,-0.11,
77.301,3,DRIVE,2.600,0.300,-0.118,0.002,0.000,0.000,0.000,0.000,0.0,0.0,0.0202,-0.0058,1.43,0.0056,-0.0002,1.81,-0.0064,-0.12,
77.352,3,DRIVE,2.651,0.300,-0.118,0.002,0.000,0.000,0.000,0.000,0.0,0.0,0.0207,-0.0059,1.46,0.0056,-0.0002,1.80,-0.0066,-0.09,
77.402,3,DRIVE,2.701,0.300,-0.118,0.004,0.000,0.000,0.000,0.000,0.0,0.0,0.0205,-0.0060,1.32,0.0056,-0.0002,1.83,-0.0067,-0.23,
77.453,3,DRIVE,2.753,0.300,-0.118,0.000,0.000,0.000,0.000,0.000,0.0,0.0,0.0207,-0.0059,1.54,0.0056,-0.0002,1.90,-0.0066,-0.01,
77.504,3,DRIVE,2.803,0.300,-0.118,-0.001,0.000,0.000,0.000,0.000,0.0,0.0,0.0217,-0.0062,1.62,0.0056,-0.0002,1.85,-0.0069,0.07,
77.553,3,DRIVE,2.852,0.300,-0.118,0.003,0.000,0.000,0.000,0.000,0.0,0.0,0.0202,-0.0058,1.40,0.0056,-0.0002,1.81,-0.0065,-0.15,
77.602,3,DRIVE,2.901,0.300,-0.118,-0.001,0.000,0.000,0.000,0.000,0.0,0.0,0.0206,-0.0058,1.58,0.0056,-0.0002,1.85,-0.0065,0.03,
77.653,3,DRIVE,2.952,0.300,-0.118,-0.001,0.000,0.000,0.000,0.000,0.0,0.0,0.0210,-0.0060,1.58,0.0056,-0.0002,1.83,-0.0066,0.03,
77.705,3,DRIVE,3.004,0.300,-0.118,0.003,0.000,0.000,0.000,0.000,0.0,0.0,0.0205,-0.0060,1.40,0.0056,-0.0002,1.85,-0.0066,-0.15,
77.751,3,DRIVE,3.050,0.300,-0.118,-0.000,0.000,0.000,0.000,0.000,0.0,0.0,0.0204,-0.0058,1.58,0.0056,-0.0002,1.82,-0.0064,0.02,
77.801,3,DRIVE,3.100,0.300,-0.118,0.000,0.000,0.000,0.000,0.000,0.0,0.0,0.0209,-0.0060,1.53,0.0056,-0.0002,1.83,-0.0066,-0.02,
77.852,3,DRIVE,3.151,0.300,-0.118,0.002,0.000,0.000,0.000,0.000,0.0,0.0,0.0206,-0.0060,1.45,0.0056,-0.0002,1.89,-0.0066,-0.10,
77.902,3,DRIVE,3.201,0.300,-0.118,-0.001,0.000,0.000,0.000,0.000,0.0,0.0,0.0211,-0.0060,1.59,0.0056,-0.0002,1.81,-0.0066,0.04,
77.953,3,DRIVE,3.252,0.300,-0.118,-0.000,0.000,0.000,0.000,0.000,0.0,0.0,0.0206,-0.0059,1.55,0.0056,-0.0002,1.85,-0.0065,0.00,
78.001,3,DRIVE,3.300,0.300,-0.118,0.000,0.000,0.000,0.000,0.000,0.0,0.0,0.0209,-0.0060,1.53,0.0056,-0.0002,1.86,-0.0066,-0.02,
78.051,3,DRIVE,3.351,0.300,-0.118,-0.001,0.000,0.000,0.000,0.000,0.0,0.0,0.0210,-0.0060,1.58,0.0056,-0.0002,1.87,-0.0066,0.03,
78.103,3,DRIVE,3.402,0.300,-0.118,0.001,0.000,0.000,0.000,0.000,0.0,0.0,0.0209,-0.0060,1.49,0.0056,-0.0002,1.85,-0.0067,-0.06,
78.151,3,DRIVE,3.450,0.300,-0.118,0.004,0.000,0.000,0.000,0.000,0.0,0.0,0.0200,-0.0058,1.34,0.0056,-0.0002,1.85,-0.0065,-0.21,
78.205,3,DRIVE,3.504,0.300,-0.118,-0.000,0.000,0.000,0.000,0.000,0.0,0.0,0.0214,-0.0061,1.58,0.0056,-0.0002,1.83,-0.0068,0.03,
78.252,3,DRIVE,3.551,0.300,-0.118,0.000,0.000,0.000,0.000,0.000,0.0,0.0,0.0207,-0.0059,1.55,0.0056,-0.0002,1.88,-0.0065,-0.00,
78.301,3,DRIVE,3.600,0.300,-0.118,0.000,0.000,0.000,0.000,0.000,0.0,0.0,0.0207,-0.0059,1.55,0.0056,-0.0002,1.84,-0.0066,-0.00,
78.353,3,DRIVE,3.652,0.300,-0.118,-0.001,0.000,0.000,0.000,0.000,0.0,0.0,0.0213,-0.0060,1.62,0.0056,-0.0002,1.90,-0.0067,0.07,
78.401,3,DRIVE,3.701,0.300,-0.118,-0.001,0.000,0.000,0.000,0.000,0.0,0.0,0.0206,-0.0058,1.63,0.0056,-0.0002,1.83,-0.0064,0.08,
78.453,3,DRIVE,3.752,0.300,-0.118,-0.005,0.000,0.000,0.000,0.000,0.0,0.0,0.0216,-0.0059,1.86,0.0056,-0.0002,1.89,-0.0066,0.31,
78.502,3,DRIVE,3.801,0.300,-0.118,-0.001,0.000,0.000,0.000,0.000,0.0,0.0,0.0210,-0.0059,1.64,0.0056,-0.0003,1.87,-0.0066,0.09,
78.553,3,DRIVE,3.852,0.300,-0.118,-0.001,0.000,0.000,0.000,0.000,0.0,0.0,0.0212,-0.0060,1.60,0.0056,-0.0002,1.90,-0.0067,0.05,
78.602,3,DRIVE,3.901,0.300,-0.118,-0.005,0.000,0.000,0.000,0.000,0.0,0.0,0.0214,-0.0059,1.81,0.0056,-0.0002,1.79,-0.0065,0.26,
78.651,3,DRIVE,3.950,0.300,-0.118,-0.000,0.000,0.000,0.000,0.000,0.0,0.0,0.0207,-0.0058,1.55,0.0056,-0.0002,1.89,-0.0065,0.00,
78.704,3,DRIVE,4.003,0.300,-0.118,-0.001,0.000,0.000,0.000,0.000,0.0,0.0,0.0212,-0.0060,1.59,0.0056,-0.0002,1.86,-0.0067,0.04,
78.752,3,DRIVE,4.051,0.300,-0.118,0.001,0.000,0.000,0.000,0.000,0.0,0.0,0.0205,-0.0059,1.51,0.0056,-0.0003,1.89,-0.0065,-0.04,
78.802,3,DRIVE,4.101,0.300,-0.118,0.003,0.000,0.000,0.000,0.000,0.0,0.0,0.0202,-0.0059,1.35,0.0056,-0.0002,1.85,-0.0066,-0.20,
78.851,3,DRIVE,4.150,0.300,-0.118,0.002,0.000,0.000,0.000,0.000,0.0,0.0,0.0203,-0.0059,1.42,0.0056,-0.0002,1.88,-0.0066,-0.13,
78.901,3,DRIVE,4.200,0.300,-0.118,0.003,0.000,0.000,0.000,0.000,0.0,0.0,0.0204,-0.0060,1.36,0.0056,-0.0003,1.88,-0.0067,-0.19,
78.953,3,DRIVE,4.252,0.300,-0.118,-0.001,0.000,0.000,0.000,0.000,0.0,0.0,0.0209,-0.0059,1.60,0.0056,-0.0002,1.87,-0.0066,0.05,
79.002,3,DRIVE,4.301,0.300,-0.118,-0.000,0.000,0.000,0.000,0.000,0.0,0.0,0.0212,-0.0061,1.58,0.0056,-0.0003,1.87,-0.0068,0.03,
79.051,3,DRIVE,4.350,0.300,-0.118,0.002,0.000,0.000,0.000,0.000,0.0,0.0,0.0208,-0.0061,1.42,0.0056,-0.0003,1.85,-0.0067,-0.13,
79.101,3,DRIVE,4.400,0.300,-0.118,-0.006,0.000,0.000,0.000,0.000,0.0,0.0,0.0212,-0.0058,1.87,0.0056,-0.0003,1.89,-0.0065,0.32,
79.151,3,DRIVE,4.450,0.300,-0.118,-0.002,0.000,0.000,0.000,0.000,0.0,0.0,0.0209,-0.0059,1.65,0.0056,-0.0002,1.87,-0.0066,0.09,
79.203,3,DRIVE,4.502,0.300,-0.118,0.002,0.000,0.000,0.000,0.000,0.0,0.0,0.0205,-0.0060,1.42,0.0056,-0.0002,1.84,-0.0066,-0.13,
79.252,3,DRIVE,4.551,0.300,-0.118,0.000,0.000,0.000,0.000,0.000,0.0,0.0,0.0210,-0.0060,1.54,0.0056,-0.0002,1.86,-0.0067,-0.02,
79.301,3,DRIVE,4.600,0.300,-0.118,0.003,0.000,0.000,0.000,0.000,0.0,0.0,0.0203,-0.0059,1.40,0.0056,-0.0002,1.87,-0.0065,-0.15,
79.351,3,DRIVE,4.650,0.300,-0.118,0.004,0.000,0.000,0.000,0.000,0.0,0.0,0.0201,-0.0059,1.31,0.0056,-0.0002,1.82,-0.0066,-0.24,
79.402,3,DRIVE,4.701,0.300,-0.118,0.003,0.000,0.000,0.000,0.000,0.0,0.0,0.0205,-0.0060,1.38,0.0056,-0.0002,1.80,-0.0066,-0.17,
79.453,3,DRIVE,4.752,0.300,-0.118,0.004,0.000,0.000,0.000,0.000,0.0,0.0,0.0203,-0.0059,1.32,0.0056,-0.0002,1.84,-0.0066,-0.23,
79.502,3,DRIVE,4.801,0.300,-0.118,-0.001,0.000,0.000,0.000,0.000,0.0,0.0,0.0211,-0.0060,1.62,0.0056,-0.0002,1.81,-0.0066,0.07,
79.551,3,DRIVE,4.850,0.300,-0.118,0.004,0.000,0.000,0.000,0.000,0.0,0.0,0.0201,-0.0059,1.33,0.0056,-0.0002,1.80,-0.0065,-0.22,
79.602,3,DRIVE,4.901,0.300,-0.118,0.004,0.000,0.000,0.000,0.000,0.0,0.0,0.0204,-0.0060,1.32,0.0056,-0.0002,1.79,-0.0067,-0.23,
79.653,3,DRIVE,4.952,0.300,-0.118,-0.001,0.000,0.000,0.000,0.000,0.0,0.0,0.0212,-0.0060,1.63,0.0056,-0.0002,1.87,-0.0066,0.08,
79.703,3,DRIVE,5.002,0.300,-0.118,0.004,0.000,0.000,0.000,0.000,0.0,0.0,0.0200,-0.0058,1.32,0.0056,-0.0002,1.77,-0.0065,-0.23,
79.751,3,DRIVE,5.050,0.300,-0.118,0.001,0.000,0.000,0.000,0.000,0.0,0.0,0.0208,-0.0059,1.52,0.0056,-0.0002,1.83,-0.0066,-0.03,
79.804,3,DRIVE,5.103,0.300,-0.118,0.004,0.000,0.000,0.000,0.000,0.0,0.0,0.0208,-0.0062,1.30,0.0056,-0.0002,1.83,-0.0068,-0.25,
79.851,3,DRIVE,5.151,0.300,-0.118,-0.000,0.000,0.000,0.000,0.000,0.0,0.0,0.0202,-0.0057,1.56,0.0056,-0.0002,1.80,-0.0063,0.01,
79.901,3,DRIVE,5.200,0.300,-0.118,0.000,0.000,0.000,0.000,0.000,0.0,0.0,0.0209,-0.0060,1.53,0.0056,-0.0002,1.82,-0.0066,-0.02,
79.953,3,DRIVE,5.252,0.300,-0.118,-0.000,0.000,0.000,0.000,0.000,0.0,0.0,0.0209,-0.0059,1.58,0.0056,-0.0002,1.84,-0.0066,0.03,
80.002,3,DRIVE,5.301,0.300,-0.118,0.002,0.000,0.000,0.000,0.000,0.0,0.0,0.0208,-0.0060,1.46,0.0056,-0.0002,1.79,-0.0067,-0.09,
80.051,3,DRIVE,5.350,0.300,-0.118,0.000,0.000,0.000,0.000,0.000,0.0,0.0,0.0206,-0.0059,1.54,0.0056,-0.0002,1.82,-0.0065,-0.01,
80.101,3,DRIVE,5.400,0.300,-0.118,-0.000,0.000,0.000,0.000,0.000,0.0,0.0,0.0209,-0.0059,1.56,0.0056,-0.0002,1.84,-0.0066,0.01,
80.151,3,DRIVE,5.451,0.300,-0.118,0.000,0.000,0.000,0.000,0.000,0.0,0.0,0.0210,-0.0060,1.54,0.0056,-0.0002,1.87,-0.0066,-0.01,
80.204,3,DRIVE,5.504,0.300,-0.118,-0.000,0.000,0.000,0.000,0.000,0.0,0.0,0.0210,-0.0060,1.57,0.0056,-0.0002,1.84,-0.0066,0.02,
80.251,3,DRIVE,5.551,0.300,-0.118,-0.001,0.000,0.000,0.000,0.000,0.0,0.0,0.0208,-0.0059,1.63,0.0056,-0.0002,1.88,-0.0065,0.08,
80.302,3,DRIVE,5.601,0.300,-0.118,-0.005,0.000,0.000,0.000,0.000,0.0,0.0,0.0215,-0.0059,1.84,0.0056,-0.0002,1.85,-0.0066,0.29,
80.351,3,DRIVE,5.650,0.300,-0.118,-0.000,0.000,0.000,0.000,0.000,0.0,0.0,0.0208,-0.0059,1.56,0.0056,-0.0002,1.89,-0.0066,0.01,
80.401,3,DRIVE,5.701,0.300,-0.118,0.002,0.000,0.000,0.000,0.000,0.0,0.0,0.0211,-0.0062,1.42,0.0056,-0.0002,1.87,-0.0068,-0.13,
80.453,3,DRIVE,5.752,0.300,-0.118,0.003,0.000,0.000,0.000,0.000,0.0,0.0,0.0210,-0.0061,1.40,0.0056,-0.0002,1.83,-0.0068,-0.15,
80.501,3,DRIVE,5.800,0.300,-0.118,-0.001,0.000,0.000,0.000,0.000,0.0,0.0,0.0209,-0.0059,1.59,0.0056,-0.0002,1.88,-0.0066,0.04,
80.551,3,DRIVE,5.850,0.300,-0.118,0.001,0.000,0.000,0.000,0.000,0.0,0.0,0.0206,-0.0059,1.52,0.0056,-0.0002,1.89,-0.0065,-0.03,
80.602,3,DRIVE,5.901,0.300,-0.118,0.002,0.000,0.000,0.000,0.000,0.0,0.0,0.0206,-0.0060,1.44,0.0056,-0.0002,1.80,-0.0066,-0.11,
80.652,3,DRIVE,5.951,0.300,-0.118,0.003,0.000,0.000,0.000,0.000,0.0,0.0,0.0205,-0.0059,1.40,0.0056,-0.0002,1.84,-0.0066,-0.15,
80.703,3,DRIVE,6.002,0.300,-0.118,-0.000,0.000,0.000,0.000,0.000,0.0,0.0,0.0207,-0.0059,1.58,0.0056,-0.0003,1.87,-0.0065,0.03,
80.751,3,DRIVE,6.050,0.300,-0.118,-0.000,0.000,0.000,0.000,0.000,0.0,0.0,0.0209,-0.0060,1.55,0.0056,-0.0002,1.84,-0.0066,0.00,
80.801,3,DRIVE,6.100,0.300,-0.118,0.003,0.000,0.000,0.000,0.000,0.0,0.0,0.0205,-0.0060,1.39,0.0056,-0.0002,1.84,-0.0066,-0.16,
80.851,3,DRIVE,6.150,0.300,-0.118,-0.000,0.000,0.000,0.000,0.000,0.0,0.0,0.0209,-0.0059,1.58,0.0056,-0.0002,1.86,-0.0066,0.03,
80.902,3,DRIVE,6.202,0.300,-0.118,-0.001,0.000,0.000,0.000,0.000,0.0,0.0,0.0212,-0.0060,1.60,0.0056,-0.0002,1.79,-0.0067,0.05,
80.954,3,DRIVE,6.253,0.300,-0.118,0.001,0.000,0.000,0.000,0.000,0.0,0.0,0.0210,-0.0060,1.49,0.0056,-0.0002,1.88,-0.0067,-0.07,
81.002,3,DRIVE,6.301,0.300,-0.118,-0.001,0.000,0.000,0.000,0.000,0.0,0.0,0.0208,-0.0059,1.61,0.0056,-0.0002,1.84,-0.0065,0.06,
81.051,3,DRIVE,6.350,0.300,-0.118,0.003,0.000,0.000,0.000,0.000,0.0,0.0,0.0201,-0.0058,1.40,0.0056,-0.0002,1.85,-0.0064,-0.15,
81.102,3,DRIVE,6.401,0.300,-0.118,0.004,0.000,0.000,0.000,0.000,0.0,0.0,0.0203,-0.0060,1.30,0.0056,-0.0002,1.83,-0.0067,-0.25,
81.151,3,DRIVE,6.450,0.300,-0.118,0.003,0.000,0.000,0.000,0.000,0.0,0.0,0.0202,-0.0059,1.40,0.0056,-0.0002,1.86,-0.0065,-0.15,
81.203,3,DRIVE,6.502,0.300,-0.118,0.003,0.000,0.000,0.000,0.000,0.0,0.0,0.0205,-0.0060,1.39,0.0056,-0.0002,1.78,-0.0066,-0.16,
81.251,3,DRIVE,6.550,0.300,-0.118,0.007,0.000,0.000,0.000,0.000,0.0,0.0,0.0198,-0.0060,1.17,0.0056,-0.0002,1.84,-0.0066,-0.38,
81.302,3,DRIVE,6.601,0.300,-0.118,-0.000,0.000,0.000,0.000,0.000,0.0,0.0,0.0212,-0.0060,1.55,0.0056,-0.0002,1.79,-0.0067,0.00,
81.352,3,DRIVE,6.651,0.300,-0.118,-0.001,0.000,0.000,0.000,0.000,0.0,0.0,0.0208,-0.0058,1.60,0.0056,-0.0002,1.82,-0.0065,0.05,
81.401,3,DRIVE,6.700,0.300,-0.118,0.003,0.000,0.000,0.000,0.000,0.0,0.0,0.0203,-0.0059,1.38,0.0056,-0.0002,1.78,-0.0065,-0.17,
81.453,3,DRIVE,6.752,0.300,-0.118,-0.005,0.000,0.000,0.000,0.000,0.0,0.0,0.0215,-0.0059,1.81,0.0056,-0.0002,1.83,-0.0066,0.26,
81.501,3,DRIVE,6.800,0.300,-0.118,0.004,0.000,0.000,0.000,0.000,0.0,0.0,0.0204,-0.0060,1.32,0.0056,-0.0002,1.83,-0.0066,-0.23,
81.551,3,DRIVE,6.851,0.300,-0.118,-0.001,0.000,0.000,0.000,0.000,0.0,0.0,0.0209,-0.0059,1.60,0.0056,-0.0002,1.86,-0.0066,0.05,
81.601,3,DRIVE,6.900,0.300,-0.118,0.006,0.000,0.000,0.000,0.000,0.0,0.0,0.0200,-0.0059,1.23,0.0056,-0.0002,1.78,-0.0066,-0.32,
81.651,3,DRIVE,6.951,0.300,-0.118,0.007,0.000,0.000,0.000,0.000,0.0,0.0,0.0199,-0.0060,1.17,0.0056,-0.0002,1.84,-0.0066,-0.38,
81.703,3,DRIVE,7.002,0.300,-0.118,0.006,0.000,0.000,0.000,0.000,0.0,0.0,0.0201,-0.0060,1.22,0.0056,-0.0002,1.78,-0.0066,-0.33,
81.752,3,DRIVE,7.051,0.300,-0.118,-0.001,0.000,0.000,0.000,0.000,0.0,0.0,0.0210,-0.0059,1.60,0.0056,-0.0002,1.78,-0.0066,0.05,
81.802,3,DRIVE,7.101,0.300,-0.118,0.002,0.000,0.000,0.000,0.000,0.0,0.0,0.0209,-0.0060,1.45,0.0056,-0.0002,1.81,-0.0067,-0.10,
81.851,3,DRIVE,7.150,0.300,-0.118,-0.000,0.000,0.000,0.000,0.000,0.0,0.0,0.0207,-0.0058,1.58,0.0056,-0.0002,1.84,-0.0065,0.03,
81.901,3,DRIVE,7.200,0.300,-0.118,0.001,0.000,0.000,0.000,0.000,0.0,0.0,0.0209,-0.0059,1.51,0.0056,-0.0002,1.79,-0.0066,-0.04,
81.954,3,DRIVE,7.253,0.300,-0.118,-0.001,0.000,0.000,0.000,0.000,0.0,0.0,0.0212,-0.0060,1.59,0.0056,-0.0002,1.80,-0.0066,0.04,
82.001,3,DRIVE,7.300,0.300,-0.118,0.005,0.000,0.000,0.000,0.000,0.0,0.0,0.0201,-0.0059,1.29,0.0056,-0.0002,1.74,-0.0065,-0.26,
82.051,3,DRIVE,7.350,0.300,-0.118,-0.004,0.000,0.000,0.000,0.000,0.0,0.0,0.0216,-0.0059,1.78,0.0056,-0.0002,1.81,-0.0066,0.23,
82.102,3,DRIVE,7.401,0.300,-0.118,-0.000,0.000,0.000,0.000,0.000,0.0,0.0,0.0212,-0.0060,1.57,0.0056,-0.0002,1.74,-0.0067,0.02,
82.152,3,DRIVE,7.451,0.300,-0.118,-0.000,0.000,0.000,0.000,0.000,0.0,0.0,0.0207,-0.0058,1.57,0.0056,-0.0002,1.78,-0.0065,0.01,
82.203,3,DRIVE,7.502,0.300,-0.118,-0.004,0.000,0.000,0.000,0.000,0.0,0.0,0.0215,-0.0059,1.76,0.0056,-0.0002,1.77,-0.0066,0.21,
82.251,3,DRIVE,7.550,0.300,-0.118,0.001,0.000,0.000,0.000,0.000,0.0,0.0,0.0210,-0.0059,1.50,0.0056,-0.0002,1.77,-0.0066,-0.05,
82.301,3,DRIVE,7.600,0.300,-0.118,0.000,0.000,0.000,0.000,0.000,0.0,0.0,0.0209,-0.0059,1.53,0.0056,-0.0002,1.76,-0.0066,-0.02,
82.352,3,DRIVE,7.651,0.300,-0.118,0.003,0.000,0.000,0.000,0.000,0.0,0.0,0.0207,-0.0060,1.36,0.0056,-0.0002,1.80,-0.0067,-0.19,
82.402,3,DRIVE,7.701,0.300,-0.118,-0.000,0.000,0.000,0.000,0.000,0.0,0.0,0.0209,-0.0059,1.56,0.0056,-0.0002,1.74,-0.0065,0.01,
82.454,3,DRIVE,7.753,0.300,-0.118,0.004,0.000,0.000,0.000,0.000,0.0,0.0,0.0203,-0.0059,1.30,0.0056,-0.0002,1.77,-0.0066,-0.25,
82.501,3,DRIVE,7.800,0.300,-0.118,0.004,0.000,0.000,0.000,0.000,0.0,0.0,0.0201,-0.0058,1.34,0.0056,-0.0002,1.74,-0.0065,-0.21,
82.551,3,DRIVE,7.850,0.300,-0.118,0.003,0.000,0.000,0.000,0.000,0.0,0.0,0.0205,-0.0059,1.40,0.0056,-0.0002,1.76,-0.0065,-0.15,
82.601,3,DRIVE,7.900,0.300,-0.118,0.004,0.000,0.000,0.000,0.000,0.0,0.0,0.0204,-0.0059,1.34,0.0056,-0.0002,1.76,-0.0066,-0.21,
82.651,3,DRIVE,7.950,0.300,-0.118,0.001,0.000,0.000,0.000,0.000,0.0,0.0,0.0209,-0.0059,1.50,0.0056,-0.0002,1.78,-0.0066,-0.05,
82.703,3,DRIVE,8.002,0.300,-0.118,-0.003,0.000,0.000,0.000,0.000,0.0,0.0,0.0216,-0.0059,1.73,0.0056,-0.0002,1.75,-0.0066,0.18,
82.752,3,DRIVE,8.051,0.300,-0.118,-0.000,0.000,0.000,0.000,0.000,0.0,0.0,0.0210,-0.0059,1.57,0.0056,-0.0002,1.76,-0.0065,0.02,
82.801,3,DRIVE,8.101,0.300,-0.118,0.002,0.000,0.000,0.000,0.000,0.0,0.0,0.0207,-0.0059,1.46,0.0056,-0.0002,1.70,-0.0065,-0.09,
82.851,3,DRIVE,8.150,0.300,-0.118,0.001,0.000,0.000,0.000,0.000,0.0,0.0,0.0208,-0.0058,1.52,0.0056,-0.0001,1.75,-0.0065,-0.03,
82.902,3,DRIVE,8.201,0.300,-0.118,0.001,0.000,0.000,0.000,0.000,0.0,0.0,0.0212,-0.0060,1.49,0.0056,-0.0002,1.70,-0.0067,-0.06,
82.953,3,DRIVE,8.252,0.300,-0.118,0.000,0.000,0.000,0.000,0.000,0.0,0.0,0.0206,-0.0057,1.55,0.0056,-0.0002,1.76,-0.0064,-0.00,
83.001,3,DRIVE,8.300,0.300,-0.118,0.002,0.000,0.000,0.000,0.000,0.0,0.0,0.0209,-0.0059,1.46,0.0056,-0.0002,1.72,-0.0066,-0.09,
83.051,3,DRIVE,8.350,0.300,-0.118,0.005,0.000,0.000,0.000,0.000,0.0,0.0,0.0204,-0.0060,1.27,0.0056,-0.0001,1.71,-0.0066,-0.28,
83.102,3,DRIVE,8.401,0.300,-0.118,0.001,0.000,0.000,0.000,0.000,0.0,0.0,0.0211,-0.0060,1.49,0.0056,-0.0002,1.72,-0.0066,-0.06,
83.151,3,DRIVE,8.450,0.300,-0.118,0.000,0.000,0.000,0.000,0.000,0.0,0.0,0.0207,-0.0058,1.53,0.0056,-0.0001,1.77,-0.0064,-0.02,
83.203,3,DRIVE,8.502,0.300,-0.118,0.001,0.000,0.000,0.000,0.000,0.0,0.0,0.0209,-0.0059,1.49,0.0056,-0.0001,1.70,-0.0065,-0.06,
83.251,3,DRIVE,8.550,0.300,-0.118,-0.003,0.000,0.000,0.000,0.000,0.0,0.0,0.0216,-0.0059,1.73,0.0056,-0.0002,1.77,-0.0066,0.18,
83.302,3,DRIVE,8.601,0.300,-0.118,0.000,0.000,0.000,0.000,0.000,0.0,0.0,0.0212,-0.0060,1.53,0.0056,-0.0002,1.74,-0.0067,-0.02,
83.351,3,DRIVE,8.650,0.300,-0.118,-0.003,0.000,0.000,0.000,0.000,0.0,0.0,0.0211,-0.0057,1.73,0.0056,-0.0001,1.75,-0.0064,0.18,
83.402,3,DRIVE,8.701,0.300,-0.118,0.004,0.000,0.000,0.000,0.000,0.0,0.0,0.0206,-0.0060,1.32,0.0056,-0.0002,1.73,-0.0066,-0.23,
83.453,3,DRIVE,8.753,0.300,-0.118,0.001,0.000,0.000,0.000,0.000,0.0,0.0,0.0209,-0.0059,1.47,0.0056,-0.0001,1.76,-0.0066,-0.08,
83.502,3,DRIVE,8.801,0.300,-0.118,0.001,0.000,0.000,0.000,0.000,0.0,0.0,0.0209,-0.0059,1.50,0.0056,-0.0002,1.74,-0.0065,-0.05,
83.552,3,DRIVE,8.851,0.300,-0.118,0.001,0.000,0.000,0.000,0.000,0.0,0.0,0.0211,-0.0059,1.52,0.0056,-0.0001,1.69,-0.0066,-0.03,
83.601,3,DRIVE,8.900,0.300,-0.118,0.001,0.000,0.000,0.000,0.000,0.0,0.0,0.0206,-0.0058,1.47,0.0056,-0.0001,1.65,-0.0064,-0.08,
83.652,3,DRIVE,8.952,0.300,-0.118,0.005,0.000,0.000,0.000,0.000,0.0,0.0,0.0207,-0.0060,1.24,0.0056,-0.0001,1.70,-0.0067,-0.31,
83.703,3,DRIVE,9.002,0.300,-0.118,0.005,0.000,0.000,0.000,0.000,0.0,0.0,0.0201,-0.0058,1.29,0.0056,-0.0001,1.67,-0.0064,-0.26,
83.752,3,DRIVE,9.051,0.300,-0.118,0.004,0.000,0.000,0.000,0.000,0.0,0.0,0.0205,-0.0059,1.30,0.0056,-0.0001,1.73,-0.0066,-0.25,
83.802,3,DRIVE,9.101,0.300,-0.118,0.001,0.000,0.000,0.000,0.000,0.0,0.0,0.0209,-0.0059,1.50,0.0056,-0.0001,1.71,-0.0065,-0.05,
83.851,3,DRIVE,9.150,0.300,-0.118,0.004,0.000,0.000,0.000,0.000,0.0,0.0,0.0202,-0.0058,1.32,0.0056,-0.0001,1.74,-0.0065,-0.23,
83.901,3,DRIVE,9.201,0.300,-0.118,0.002,0.000,0.000,0.000,0.000,0.0,0.0,0.0209,-0.0060,1.44,0.0056,-0.0002,1.71,-0.0066,-0.11,
83.953,3,DRIVE,9.253,0.300,-0.118,0.004,0.000,0.000,0.000,0.000,0.0,0.0,0.0205,-0.0059,1.31,0.0056,-0.0001,1.72,-0.0066,-0.24,
84.001,3,DRIVE,9.300,0.300,-0.118,-0.003,0.000,0.000,0.000,0.000,0.0,0.0,0.0212,-0.0058,1.71,0.0056,-0.0001,1.70,-0.0064,0.16,
84.051,3,DRIVE,9.350,0.300,-0.118,0.002,0.000,0.000,0.000,0.000,0.0,0.0,0.0209,-0.0059,1.45,0.0056,-0.0001,1.73,-0.0066,-0.10,
84.102,3,DRIVE,9.401,0.300,-0.118,0.001,0.000,0.000,0.000,0.000,0.0,0.0,0.0211,-0.0060,1.47,0.0056,-0.0001,1.70,-0.0066,-0.08,
84.151,3,DRIVE,9.451,0.300,-0.118,0.001,0.000,0.000,0.000,0.000,0.0,0.0,0.0207,-0.0058,1.50,0.0056,-0.0001,1.74,-0.0064,-0.05,
84.203,3,DRIVE,9.502,0.300,-0.118,0.001,0.000,0.000,0.000,0.000,0.0,0.0,0.0208,-0.0059,1.48,0.0056,-0.0001,1.72,-0.0065,-0.07,
84.251,3,DRIVE,9.551,0.300,-0.118,0.002,0.000,0.000,0.000,0.000,0.0,0.0,0.0209,-0.0059,1.45,0.0056,-0.0001,1.70,-0.0066,-0.10,
84.301,3,DRIVE,9.600,0.300,-0.118,0.001,0.000,0.000,0.000,0.000,0.0,0.0,0.0209,-0.0059,1.48,0.0056,-0.0001,1.68,-0.0065,-0.07,
84.352,3,DRIVE,9.651,0.300,-0.118,0.000,0.000,0.000,0.000,0.000,0.0,0.0,0.0211,-0.0059,1.53,0.0056,-0.0001,1.74,-0.0065,-0.02,
84.401,3,DRIVE,9.700,0.300,-0.118,-0.003,0.000,0.000,0.000,0.000,0.0,0.0,0.0214,-0.0058,1.70,0.0056,-0.0001,1.66,-0.0065,0.15,
84.453,3,DRIVE,9.752,0.300,-0.118,0.006,0.000,0.000,0.000,0.000,0.0,0.0,0.0211,-0.0062,1.22,0.0056,-0.0001,1.75,-0.0069,-0.33,
84.501,3,DRIVE,9.800,0.300,-0.116,0.005,0.000,0.000,0.000,0.000,0.0,0.0,0.0362,-0.0118,1.24,0.0056,-0.0001,1.75,-0.0129,-0.31,
84.551,3,DRIVE,9.851,0.300,-0.118,0.006,0.000,0.000,0.000,0.000,0.0,0.0,0.0204,-0.0059,1.24,0.0056,-0.0002,1.70,-0.0065,-0.32,
84.602,3,DRIVE,9.901,0.300,-0.118,0.011,0.000,0.000,0.000,0.000,0.0,0.0,0.0196,-0.0061,0.90,0.0056,-0.0001,1.70,-0.0067,-0.65,
84.651,3,DRIVE,9.950,0.300,-0.118,0.006,0.000,0.000,0.000,0.000,0.0,0.0,0.0199,-0.0058,1.22,0.0056,-0.0001,1.70,-0.0065,-0.33,
84.704,3,DRIVE,10.003,0.300,-0.118,0.004,0.000,0.000,0.000,0.000,0.0,0.0,0.0207,-0.0060,1.33,0.0056,-0.0001,1.64,-0.0066,-0.22,
84.751,3,DRIVE,10.051,0.300,-0.118,0.005,0.000,0.000,0.000,0.000,0.0,0.0,0.0201,-0.0058,1.29,0.0056,-0.0001,1.68,-0.0064,-0.26,
84.802,3,DRIVE,10.101,0.300,-0.118,0.002,0.000,0.000,0.000,0.000,0.0,0.0,0.0208,-0.0059,1.45,0.0056,-0.0001,1.69,-0.0065,-0.10,
84.852,3,DRIVE,10.151,0.300,-0.118,0.001,0.000,0.000,0.000,0.000,0.0,0.0,0.0211,-0.0059,1.52,0.0056,-0.0001,1.69,-0.0065,-0.03,
84.901,3,DRIVE,10.200,0.300,-0.118,0.003,0.000,0.000,0.000,0.000,0.0,0.0,0.0207,-0.0058,1.40,0.0056,-0.0001,1.68,-0.0065,-0.15,
84.953,3,DRIVE,10.252,0.300,-0.118,0.002,0.000,0.000,0.000,0.000,0.0,0.0,0.0209,-0.0059,1.43,0.0056,-0.0001,1.71,-0.0066,-0.12,
85.002,3,DRIVE,10.301,0.300,-0.118,0.007,0.000,0.000,0.000,0.000,0.0,0.0,0.0204,-0.0060,1.17,0.0056,-0.0001,1.70,-0.0067,-0.38,
85.051,3,DRIVE,10.350,0.300,-0.118,0.005,0.000,0.000,0.000,0.000,0.0,0.0,0.0202,-0.0058,1.28,0.0056,-0.0001,1.69,-0.0065,-0.27,
85.102,3,DRIVE,10.401,0.300,-0.118,0.001,0.000,0.000,0.000,0.000,0.0,0.0,0.0211,-0.0059,1.50,0.0056,-0.0001,1.66,-0.0066,-0.05,
85.152,3,DRIVE,10.452,0.300,-0.118,0.006,0.000,0.000,0.000,0.000,0.0,0.0,0.0202,-0.0059,1.20,0.0056,-0.0001,1.72,-0.0065,-0.35,
85.203,3,DRIVE,10.502,0.300,-0.118,0.002,0.000,0.000,0.000,0.000,0.0,0.0,0.0205,-0.0057,1.46,0.0056,-0.0001,1.72,-0.0064,-0.09,
85.252,3,DRIVE,10.552,0.300,-0.118,0.005,0.000,0.000,0.000,0.000,0.0,0.0,0.0207,-0.0061,1.24,0.0056,-0.0001,1.69,-0.0067,-0.31,
85.302,3,DRIVE,10.601,0.300,-0.118,0.003,0.000,0.000,0.000,0.000,0.0,0.0,0.0203,-0.0058,1.36,0.0056,-0.0001,1.68,-0.0064,-0.19,
85.351,3,DRIVE,10.650,0.300,-0.118,0.002,0.000,0.000,0.000,0.000,0.0,0.0,0.0206,-0.0058,1.43,0.0055,-0.0001,1.71,-0.0065,-0.12,
85.401,3,DRIVE,10.700,0.300,-0.118,0.002,0.000,0.000,0.000,0.000,0.0,0.0,0.0209,-0.0059,1.45,0.0056,-0.0001,1.67,-0.0065,-0.10,
85.453,3,DRIVE,10.752,0.300,-0.118,0.006,0.000,0.000,0.000,0.000,0.0,0.0,0.0204,-0.0059,1.23,0.0056,-0.0001,1.67,-0.0066,-0.32,
85.502,3,DRIVE,10.801,0.300,-0.118,0.004,0.000,0.000,0.000,0.000,0.0,0.0,0.0206,-0.0059,1.31,0.0056,-0.0001,1.65,-0.0066,-0.24,
85.551,3,DRIVE,10.851,0.300,-0.118,0.001,0.000,0.000,0.000,0.000,0.0,0.0,0.0207,-0.0058,1.47,0.0056,-0.0001,1.65,-0.0064,-0.08,
85.602,3,DRIVE,10.901,0.300,-0.118,0.006,0.000,0.000,0.000,0.000,0.0,0.0,0.0205,-0.0060,1.20,0.0056,-0.0001,1.65,-0.0067,-0.35,
85.652,3,DRIVE,10.951,0.300,-0.118,0.006,0.000,0.000,0.000,0.000,0.0,0.0,0.0203,-0.0059,1.21,0.0056,-0.0001,1.67,-0.0065,-0.34,
85.704,3,DRIVE,11.004,0.300,-0.118,0.001,0.000,0.000,0.000,0.000,0.0,0.0,0.0211,-0.0059,1.49,0.0056,-0.0001,1.69,-0.0066,-0.06,
85.751,3,DRIVE,11.050,0.300,-0.118,0.002,0.000,0.000,0.000,0.000,0.0,0.0,0.0204,-0.0057,1.42,0.0056,-0.0001,1.67,-0.0064,-0.13,
85.801,3,DRIVE,11.100,0.300,-0.118,0.002,0.000,0.000,0.000,0.000,0.0,0.0,0.0208,-0.0059,1.43,0.0056,-0.0001,1.66,-0.0065,-0.12,
85.854,3,DRIVE,11.153,0.300,-0.118,0.002,0.000,0.000,0.000,0.000,0.0,0.0,0.0216,-0.0061,1.46,0.0056,-0.0001,1.69,-0.0068,-0.09,
85.901,3,DRIVE,11.200,0.300,-0.118,0.003,0.000,0.000,0.000,0.000,0.0,0.0,0.0202,-0.0056,1.40,0.0056,-0.0001,1.62,-0.0063,-0.15,
85.953,3,DRIVE,11.252,0.300,-0.118,0.002,0.000,0.000,0.000,0.000,0.0,0.0,0.0208,-0.0059,1.41,0.0056,-0.0001,1.66,-0.0065,-0.14,
86.001,3,DRIVE,11.300,0.300,-0.118,0.001,0.000,0.000,0.000,0.000,0.0,0.0,0.0209,-0.0058,1.48,0.0056,-0.0001,1.69,-0.0065,-0.07,
86.052,3,DRIVE,11.351,0.300,-0.118,0.003,0.000,0.000,0.000,0.000,0.0,0.0,0.0206,-0.0059,1.37,0.0056,-0.0001,1.70,-0.0065,-0.18,
86.101,3,DRIVE,11.401,0.300,-0.118,0.003,0.000,0.000,0.000,0.000,0.0,0.0,0.0208,-0.0059,1.40,0.0056,-0.0001,1.68,-0.0065,-0.15,
86.152,3,DRIVE,11.451,0.300,-0.118,0.002,0.000,0.000,0.000,0.000,0.0,0.0,0.0210,-0.0059,1.43,0.0056,-0.0001,1.67,-0.0066,-0.12,
86.203,3,DRIVE,11.502,0.300,-0.118,0.002,0.000,0.000,0.000,0.000,0.0,0.0,0.0207,-0.0058,1.43,0.0056,-0.0001,1.65,-0.0065,-0.12,
86.252,3,DRIVE,11.551,0.300,-0.118,0.002,0.000,0.000,0.000,0.000,0.0,0.0,0.0212,-0.0060,1.46,0.0056,-0.0001,1.67,-0.0066,-0.09,
86.302,3,DRIVE,11.601,0.300,-0.118,0.004,0.000,0.000,0.000,0.000,0.0,0.0,0.0203,-0.0058,1.30,0.0056,-0.0001,1.67,-0.0065,-0.25,
86.351,3,DRIVE,11.650,0.300,-0.118,0.005,0.000,0.000,0.000,0.000,0.0,0.0,0.0201,-0.0058,1.29,0.0056,-0.0001,1.69,-0.0064,-0.26,
86.401,3,DRIVE,11.700,0.300,-0.118,0.003,0.000,0.000,0.000,0.000,0.0,0.0,0.0209,-0.0059,1.39,0.0056,-0.0001,1.65,-0.0066,-0.16,
86.454,3,DRIVE,11.753,0.300,-0.118,0.002,0.000,0.000,0.000,0.000,0.0,0.0,0.0212,-0.0060,1.46,0.0056,-0.0001,1.68,-0.0067,-0.09,
86.501,3,DRIVE,11.801,0.300,-0.118,0.001,0.000,0.000,0.000,0.000,0.0,0.0,0.0205,-0.0057,1.48,0.0055,-0.0001,1.74,-0.0064,-0.07,
86.552,3,DRIVE,11.851,0.300,-0.118,0.007,0.000,0.000,0.000,0.000,0.0,0.0,0.0202,-0.0059,1.16,0.0056,-0.0001,1.71,-0.0066,-0.39,
86.601,3,DRIVE,11.900,0.300,-0.118,0.004,0.000,0.000,0.000,0.000,0.0,0.0,0.0207,-0.0059,1.34,0.0056,-0.0001,1.65,-0.0066,-0.21,
86.652,3,DRIVE,11.951,0.300,-0.118,0.001,0.000,0.000,0.000,0.000,0.0,0.0,0.0209,-0.0058,1.50,0.0055,-0.0001,1.69,-0.0065,-0.05,
86.704,3,DRIVE,12.003,0.300,-0.118,0.005,0.000,0.000,0.000,0.000,0.0,0.0,0.0206,-0.0059,1.26,0.0055,-0.0001,1.66,-0.0066,-0.29,
86.752,3,DRIVE,12.051,0.300,-0.118,0.008,0.000,0.000,0.000,0.000,0.0,0.0,0.0197,-0.0059,1.07,0.0056,-0.0001,1.65,-0.0065,-0.48,
86.801,3,DRIVE,12.100,0.300,-0.118,0.005,0.000,0.000,0.000,0.000,0.0,0.0,0.0201,-0.0058,1.25,0.0056,-0.0001,1.63,-0.0064,-0.30,
86.853,3,DRIVE,12.152,0.300,-0.118,0.005,0.000,0.000,0.000,0.000,0.0,0.0,0.0208,-0.0060,1.27,0.0056,-0.0001,1.67,-0.0067,-0.28,
86.901,3,DRIVE,12.200,0.300,-0.118,0.004,0.000,0.000,0.000,0.000,0.0,0.0,0.0200,-0.0057,1.31,0.0055,-0.0001,1.66,-0.0063,-0.24,
86.954,3,DRIVE,12.253,0.300,-0.118,0.008,0.000,0.000,0.000,0.000,0.0,0.0,0.0201,-0.0060,1.08,0.0056,-0.0001,1.68,-0.0067,-0.47,
87.003,3,DRIVE,12.302,0.300,-0.118,0.004,0.000,0.000,0.000,0.000,0.0,0.0,0.0207,-0.0059,1.31,0.0055,-0.0001,1.70,-0.0066,-0.24,
87.052,3,DRIVE,12.351,0.300,-0.118,0.005,0.000,0.000,0.000,0.000,0.0,0.0,0.0201,-0.0058,1.28,0.0056,-0.0001,1.68,-0.0064,-0.27,
87.101,3,DRIVE,12.401,0.300,-0.118,0.005,0.000,0.000,0.000,0.000,0.0,0.0,0.0201,-0.0058,1.26,0.0056,-0.0001,1.67,-0.0064,-0.29,
87.151,3,DRIVE,12.450,0.300,-0.118,0.005,0.000,0.000,0.000,0.000,0.0,0.0,0.0203,-0.0058,1.28,0.0056,-0.0001,1.70,-0.0065,-0.27,
87.204,3,DRIVE,12.503,0.300,-0.118,0.006,0.000,0.000,0.000,0.000,0.0,0.0,0.0207,-0.0061,1.21,0.0056,-0.0001,1.65,-0.0067,-0.34,
87.252,3,DRIVE,12.551,0.300,-0.118,0.006,0.000,0.000,0.000,0.000,0.0,0.0,0.0198,-0.0058,1.21,0.0055,-0.0001,1.71,-0.0064,-0.34,
87.301,3,DRIVE,12.600,0.300,-0.118,0.002,0.000,0.000,0.000,0.000,0.0,0.0,0.0207,-0.0058,1.44,0.0056,-0.0001,1.71,-0.0065,-0.11,
87.351,3,DRIVE,12.650,0.300,-0.118,0.005,0.000,0.000,0.000,0.000,0.0,0.0,0.0204,-0.0059,1.29,0.0056,-0.0001,1.71,-0.0065,-0.26,
87.402,3,DRIVE,12.701,0.300,-0.118,0.006,0.000,0.000,0.000,0.000,0.0,0.0,0.0206,-0.0060,1.21,0.0056,-0.0001,1.65,-0.0067,-0.34,
87.453,3,DRIVE,12.752,0.300,-0.118,0.001,0.000,0.000,0.000,0.000,0.0,0.0,0.0205,-0.0057,1.51,0.0056,-0.0001,1.70,-0.0064,-0.04,
87.501,3,DRIVE,12.800,0.300,-0.118,0.002,0.000,0.000,0.000,0.000,0.0,0.0,0.0209,-0.0059,1.45,0.0055,-0.0001,1.71,-0.0066,-0.11,
87.552,3,DRIVE,12.851,0.300,-0.118,0.002,0.000,0.000,0.000,0.000,0.0,0.0,0.0211,-0.0060,1.41,0.0056,-0.0001,1.70,-0.0066,-0.14,
87.601,3,DRIVE,12.900,0.300,-0.118,0.004,0.000,0.000,0.000,0.000,0.0,0.0,0.0202,-0.0058,1.32,0.0055,-0.0001,1.69,-0.0064,-0.23,
87.651,3,DRIVE,12.951,0.300,-0.118,0.002,0.000,0.000,0.000,0.000,0.0,0.0,0.0209,-0.0059,1.46,0.0056,-0.0001,1.68,-0.0066,-0.09,
87.704,3,DRIVE,13.003,0.300,-0.118,0.007,0.000,0.000,0.000,0.000,0.0,0.0,0.0202,-0.0060,1.15,0.0056,-0.0001,1.70,-0.0066,-0.40,
87.752,3,DRIVE,13.051,0.300,-0.118,0.010,0.000,0.000,0.000,0.000,0.0,0.0,0.0196,-0.0059,1.00,0.0056,-0.0001,1.68,-0.0066,-0.55,
87.802,3,DRIVE,13.101,0.300,-0.118,0.004,0.000,0.000,0.000,0.000,0.0,0.0,0.0204,-0.0059,1.33,0.0056,-0.0001,1.67,-0.0065,-0.22,
87.851,3,DRIVE,13.150,0.300,-0.118,0.006,0.000,0.000,0.000,0.000,0.0,0.0,0.0199,-0.0058,1.21,0.0056,-0.0001,1.68,-0.0064,-0.34,
87.903,3,DRIVE,13.202,0.300,-0.118,0.007,0.000,0.000,0.000,0.000,0.0,0.0,0.0204,-0.0061,1.15,0.0056,-0.0001,1.69,-0.0067,-0.40,
87.954,3,DRIVE,13.253,0.300,-0.118,0.003,0.000,0.000,0.000,0.000,0.0,0.0,0.0206,-0.0058,1.40,0.0056,-0.0001,1.68,-0.0064,-0.15,
88.002,3,DRIVE,13.301,0.300,-0.118,0.004,0.000,0.000,0.000,0.000,0.0,0.0,0.0206,-0.0059,1.34,0.0055,-0.0001,1.69,-0.0065,-0.21,
88.051,3,DRIVE,13.350,0.300,-0.118,0.006,0.000,0.000,0.000,0.000,0.0,0.0,0.0201,-0.0058,1.22,0.0055,-0.0001,1.68,-0.0065,-0.33,
88.102,3,DRIVE,13.402,0.300,-0.118,0.003,0.000,0.000,0.000,0.000,0.0,0.0,0.0212,-0.0061,1.38,0.0056,-0.0001,1.66,-0.0067,-0.17,
88.151,3,DRIVE,13.450,0.300,-0.118,0.002,0.000,0.000,0.000,0.000,0.0,0.0,0.0205,-0.0057,1.46,0.0056,-0.0001,1.70,-0.0064,-0.09,
88.203,3,DRIVE,13.502,0.300,-0.118,-0.002,0.000,0.000,0.000,0.000,0.0,0.0,0.0214,-0.0058,1.67,0.0055,-0.0001,1.73,-0.0065,0.12,
88.251,3,DRIVE,13.550,0.300,-0.118,0.009,0.000,0.000,0.000,0.000,0.0,0.0,0.0212,-0.0065,1.01,0.0055,-0.0001,1.74,-0.0072,-0.54,
88.301,3,DRIVE,13.601,0.300,-0.118,0.002,0.000,0.000,0.000,0.000,0.0,0.0,0.0209,-0.0059,1.45,0.0056,-0.0001,1.66,-0.0065,-0.10,
88.352,3,DRIVE,13.651,0.300,-0.118,0.007,0.000,0.000,0.000,0.000,0.0,0.0,0.0204,-0.0060,1.13,0.0055,-0.0001,1.69,-0.0067,-0.42,
88.403,3,DRIVE,13.702,0.300,-0.118,0.005,0.000,0.000,0.000,0.000,0.0,0.0,0.0203,-0.0059,1.24,0.0055,-0.0001,1.70,-0.0066,-0.32,
88.453,3,DRIVE,13.752,0.300,-0.118,0.006,0.000,0.000,0.000,0.000,0.0,0.0,0.0199,-0.0058,1.23,0.0056,-0.0001,1.69,-0.0064,-0.32,
88.502,3,DRIVE,13.801,0.300,-0.118,0.005,0.000,0.000,0.000,0.000,0.0,0.0,0.0206,-0.0060,1.27,0.0056,-0.0001,1.63,-0.0066,-0.28,
88.553,3,DRIVE,13.852,0.300,-0.118,0.004,0.000,0.000,0.000,0.000,0.0,0.0,0.0207,-0.0060,1.31,0.0056,-0.0001,1.71,-0.0067,-0.25,
88.605,3,DRIVE,13.904,0.300,-0.118,0.004,0.000,0.000,0.000,0.000,0.0,0.0,0.0210,-0.0061,1.32,0.0055,-0.0001,1.69,-0.0067,-0.23,
88.651,3,DRIVE,13.951,0.300,-0.118,0.007,0.000,0.000,0.000,0.000,0.0,0.0,0.0189,-0.0055,1.15,0.0056,-0.0001,1.67,-0.0061,-0.40,
88.704,3,DRIVE,14.003,0.300,-0.118,0.002,0.000,0.000,0.000,0.000,0.0,0.0,0.0210,-0.0059,1.45,0.0055,-0.0001,1.73,-0.0066,-0.10,
88.751,3,DRIVE,14.051,0.300,-0.118,0.004,0.000,0.000,0.000,0.000,0.0,0.0,0.0202,-0.0058,1.30,0.0056,-0.0001,1.71,-0.0064,-0.25,
88.801,3,DRIVE,14.101,0.300,-0.118,0.007,0.000,0.000,0.000,0.000,0.0,0.0,0.0200,-0.0059,1.15,0.0056,-0.0001,1.72,-0.0066,-0.40,
88.851,3,DRIVE,14.150,0.300,-0.118,0.002,0.000,0.000,0.000,0.000,0.0,0.0,0.0208,-0.0059,1.43,0.0056,-0.0001,1.72,-0.0065,-0.12,
88.902,3,DRIVE,14.201,0.300,-0.118,0.003,0.000,0.000,0.000,0.000,0.0,0.0,0.0206,-0.0059,1.36,0.0055,-0.0001,1.74,-0.0065,-0.19,
88.953,3,DRIVE,14.252,0.300,-0.118,0.002,0.000,0.000,0.000,0.000,0.0,0.0,0.0207,-0.0059,1.43,0.0056,-0.0001,1.72,-0.0065,-0.12,
89.001,3,DRIVE,14.300,0.300,-0.118,0.006,0.000,0.000,0.000,0.000,0.0,0.0,0.0203,-0.0059,1.22,0.0056,-0.0001,1.67,-0.0066,-0.33,
89.052,3,DRIVE,14.351,0.300,-0.118,0.004,0.000,0.000,0.000,0.000,0.0,0.0,0.0207,-0.0059,1.33,0.0056,-0.0001,1.70,-0.0066,-0.22,
89.102,3,DRIVE,14.401,0.300,-0.118,0.005,0.000,0.000,0.000,0.000,0.0,0.0,0.0202,-0.0058,1.28,0.0055,-0.0001,1.72,-0.0065,-0.27,
89.151,3,DRIVE,14.450,0.300,-0.118,0.002,0.000,0.000,0.000,0.000,0.0,0.0,0.0207,-0.0058,1.46,0.0056,-0.0001,1.68,-0.0065,-0.09,
89.203,3,DRIVE,14.502,0.300,-0.118,0.007,0.000,0.000,0.000,0.000,0.0,0.0,0.0200,-0.0059,1.14,0.0055,-0.0001,1.69,-0.0065,-0.41,
89.251,3,DRIVE,14.550,0.300,-0.118,0.002,0.000,0.000,0.000,0.000,0.0,0.0,0.0208,-0.0059,1.41,0.0056,-0.0001,1.68,-0.0066,-0.14,
89.301,3,DRIVE,14.601,0.300,-0.118,0.004,0.000,0.000,0.000,0.000,0.0,0.0,0.0205,-0.0059,1.33,0.0056,-0.0001,1.75,-0.0065,-0.22,
89.351,3,DRIVE,14.650,0.300,-0.118,0.002,0.000,0.000,0.000,0.000,0.0,0.0,0.0208,-0.0058,1.46,0.0056,-0.0001,1.69,-0.0065,-0.09,
89.401,3,DRIVE,14.700,0.300,-0.118,0.005,0.000,0.000,0.000,0.000,0.0,0.0,0.0204,-0.0059,1.27,0.0056,-0.0001,1.71,-0.0065,-0.28,
89.454,3,DRIVE,14.753,0.300,-0.118,0.005,0.000,0.000,0.000,0.000,0.0,0.0,0.0206,-0.0060,1.28,0.0056,-0.0001,1.69,-0.0066,-0.27,
89.502,3,DRIVE,14.801,0.300,-0.118,0.005,0.000,0.000,0.000,0.000,0.0,0.0,0.0203,-0.0059,1.28,0.0055,-0.0001,1.71,-0.0065,-0.27,
89.551,3,DRIVE,14.850,0.300,-0.118,0.002,0.000,0.000,0.000,0.000,0.0,0.0,0.0206,-0.0058,1.41,0.0055,-0.0001,1.73,-0.0065,-0.14,
89.602,3,DRIVE,14.901,0.300,-0.118,0.001,0.000,0.000,0.000,0.000,0.0,0.0,0.0210,-0.0059,1.48,0.0055,-0.0001,1.72,-0.0065,-0.07,
89.651,3,DRIVE,14.950,0.300,-0.118,-0.003,0.000,0.000,0.000,0.000,0.0,0.0,0.0213,-0.0058,1.70,0.0056,-0.0001,1.69,-0.0064,0.15,
89.703,3,DRIVE,15.002,0.300,-0.118,0.002,0.000,0.000,0.000,0.000,0.0,0.0,0.0209,-0.0059,1.42,0.0055,-0.0001,1.71,-0.0066,-0.13,
89.751,3,DRIVE,15.050,0.300,-0.118,0.004,0.000,0.000,0.000,0.000,0.0,0.0,0.0204,-0.0058,1.33,0.0056,-0.0001,1.69,-0.0065,-0.22,
89.801,3,DRIVE,15.100,0.300,-0.118,0.004,0.000,0.000,0.000,0.000,0.0,0.0,0.0204,-0.0059,1.30,0.0055,-0.0001,1.73,-0.0066,-0.25,
89.851,3,DRIVE,15.150,0.300,-0.118,0.001,0.000,0.000,0.000,0.000,0.0,0.0,0.0209,-0.0059,1.48,0.0056,-0.0001,1.72,-0.0065,-0.07,
89.903,3,DRIVE,15.202,0.300,-0.118,0.002,0.000,0.000,0.000,0.000,0.0,0.0,0.0214,-0.0061,1.43,0.0056,-0.0001,1.72,-0.0068,-0.12,
89.953,3,DRIVE,15.252,0.300,-0.118,0.001,0.000,0.000,0.000,0.000,0.0,0.0,0.0205,-0.0057,1.51,0.0056,-0.0001,1.72,-0.0063,-0.04,
90.001,3,DRIVE,15.300,0.300,-0.118,0.001,0.000,0.000,0.000,0.000,0.0,0.0,0.0208,-0.0058,1.48,0.0055,-0.0001,1.75,-0.0065,-0.07,
90.051,3,DRIVE,15.350,0.300,-0.118,0.001,0.000,0.000,0.000,0.000,0.0,0.0,0.0209,-0.0059,1.48,0.0056,-0.0001,1.72,-0.0065,-0.07,
90.101,3,DRIVE,15.400,0.300,-0.118,0.002,0.000,0.000,0.000,0.000,0.0,0.0,0.0209,-0.0059,1.45,0.0055,-0.0001,1.76,-0.0066,-0.10,
90.151,3,DRIVE,15.451,0.300,-0.118,0.000,0.000,0.000,0.000,0.000,0.0,0.0,0.0209,-0.0059,1.53,0.0056,-0.0001,1.74,-0.0065,-0.02,
90.203,3,DRIVE,15.502,0.300,-0.118,0.001,0.000,0.000,0.000,0.000,0.0,0.0,0.0208,-0.0059,1.48,0.0055,-0.0001,1.78,-0.0065,-0.07,
90.251,3,DRIVE,15.550,0.300,-0.118,0.006,0.000,0.000,0.000,0.000,0.0,0.0,0.0210,-0.0062,1.20,0.0056,-0.0001,1.75,-0.0069,-0.35,
90.302,3,DRIVE,15.601,0.300,-0.118,-0.000,0.000,0.000,0.000,0.000,0.0,0.0,0.0209,-0.0058,1.56,0.0056,-0.0001,1.75,-0.0065,0.01,
90.351,3,DRIVE,15.650,0.300,-0.118,0.001,0.000,0.000,0.000,0.000,0.0,0.0,0.0208,-0.0058,1.50,0.0056,-0.0001,1.74,-0.0065,-0.05,
90.402,3,DRIVE,15.701,0.300,-0.118,0.005,0.000,0.000,0.000,0.000,0.0,0.0,0.0206,-0.0060,1.25,0.0056,-0.0001,1.74,-0.0067,-0.30,
90.453,3,DRIVE,15.753,0.300,-0.118,0.001,0.000,0.000,0.000,0.000,0.0,0.0,0.0209,-0.0058,1.52,0.0056,-0.0001,1.71,-0.0065,-0.03,
90.501,3,DRIVE,15.801,0.300,-0.118,0.001,0.000,0.000,0.000,0.000,0.0,0.0,0.0207,-0.0058,1.48,0.0056,-0.0001,1.75,-0.0065,-0.07,
90.551,3,DRIVE,15.851,0.300,-0.118,0.002,0.000,0.000,0.000,0.000,0.0,0.0,0.0209,-0.0059,1.45,0.0056,-0.0001,1.74,-0.0066,-0.10,
90.602,3,DRIVE,15.901,0.300,-0.118,0.000,0.000,0.000,0.000,0.000,0.0,0.0,0.0210,-0.0059,1.53,0.0056,-0.0001,1.74,-0.0065,-0.02,
90.651,3,DRIVE,15.950,0.300,-0.118,0.005,0.000,0.000,0.000,0.000,0.0,0.0,0.0202,-0.0059,1.25,0.0056,-0.0001,1.76,-0.0065,-0.30,
90.703,3,DRIVE,16.002,0.300,-0.118,0.005,0.000,0.000,0.000,0.000,0.0,0.0,0.0203,-0.0059,1.25,0.0056,-0.0001,1.73,-0.0066,-0.30,
90.752,3,DRIVE,16.051,0.300,-0.118,0.003,0.000,0.000,0.000,0.000,0.0,0.0,0.0208,-0.0060,1.37,0.0056,-0.0001,1.71,-0.0066,-0.18,
90.801,3,DRIVE,16.100,0.300,-0.118,0.007,0.000,0.000,0.000,0.000,0.0,0.0,0.0197,-0.0058,1.17,0.0056,-0.0001,1.75,-0.0064,-0.38,
90.851,3,DRIVE,16.150,0.300,-0.118,0.005,0.000,0.000,0.000,0.000,0.0,0.0,0.0203,-0.0059,1.25,0.0056,-0.0001,1.72,-0.0066,-0.30,
90.901,3,DRIVE,16.200,0.300,-0.118,0.003,0.000,0.000,0.000,0.000,0.0,0.0,0.0204,-0.0059,1.36,0.0056,-0.0001,1.75,-0.0065,-0.19,
90.953,3,DRIVE,16.252,0.300,-0.118,-0.003,0.000,0.000,0.000,0.000,0.0,0.0,0.0215,-0.0059,1.73,0.0056,-0.0002,1.76,-0.0065,0.18,
91.001,3,DRIVE,16.300,0.300,-0.118,0.002,0.000,0.000,0.000,0.000,0.0,0.0,0.0209,-0.0059,1.45,0.0056,-0.0001,1.73,-0.0066,-0.10,
91.052,3,DRIVE,16.351,0.300,-0.118,0.003,0.000,0.000,0.000,0.000,0.0,0.0,0.0206,-0.0059,1.37,0.0056,-0.0002,1.73,-0.0066,-0.18,
91.101,3,DRIVE,16.400,0.300,-0.118,0.001,0.000,0.000,0.000,0.000,0.0,0.0,0.0207,-0.0058,1.48,0.0056,-0.0001,1.75,-0.0065,-0.07,
91.151,3,DRIVE,16.450,0.300,-0.118,0.002,0.000,0.000,0.000,0.000,0.0,0.0,0.0209,-0.0059,1.45,0.0056,-0.0001,1.73,-0.0066,-0.10,
91.203,3,DRIVE,16.503,0.300,-0.118,0.001,0.000,0.000,0.000,0.000,0.0,0.0,0.0209,-0.0059,1.48,0.0056,-0.0001,1.72,-0.0066,-0.07,
91.251,3,DRIVE,16.550,0.300,-0.118,0.001,0.000,0.000,0.000,0.000,0.0,0.0,0.0208,-0.0058,1.52,0.0056,-0.0001,1.74,-0.0065,-0.03,
91.302,3,DRIVE,16.601,0.300,-0.118,0.002,0.000,0.000,0.000,0.000,0.0,0.0,0.0212,-0.0060,1.44,0.0055,-0.0001,1.74,-0.0067,-0.11,
91.352,3,DRIVE,16.651,0.300,-0.118,0.001,0.000,0.000,0.000,0.000,0.0,0.0,0.0208,-0.0058,1.49,0.0056,-0.0001,1.71,-0.0065,-0.06,
91.402,3,DRIVE,16.701,0.300,-0.118,0.004,0.000,0.000,0.000,0.000,0.0,0.0,0.0204,-0.0059,1.30,0.0055,-0.0001,1.75,-0.0066,-0.25,
91.453,3,DRIVE,16.753,0.300,-0.118,0.004,0.000,0.000,0.000,0.000,0.0,0.0,0.0203,-0.0059,1.32,0.0056,-0.0001,1.72,-0.0065,-0.23,
91.501,3,DRIVE,16.800,0.300,-0.118,0.001,0.000,0.000,0.000,0.000,0.0,0.0,0.0207,-0.0058,1.50,0.0056,-0.0001,1.75,-0.0064,-0.05,
91.551,3,DRIVE,16.850,0.300,-0.118,0.002,0.000,0.000,0.000,0.000,0.0,0.0,0.0209,-0.0059,1.45,0.0056,-0.0001,1.73,-0.0066,-0.10,
91.601,3,DRIVE,16.901,0.300,-0.118,0.002,0.000,0.000,0.000,0.000,0.0,0.0,0.0209,-0.0059,1.46,0.0056,-0.0001,1.72,-0.0066,-0.09,
91.652,3,DRIVE,16.951,0.300,-0.118,0.001,0.000,0.000,0.000,0.000,0.0,0.0,0.0211,-0.0059,1.51,0.0056,-0.0001,1.70,-0.0066,-0.04,
91.703,3,DRIVE,17.002,0.300,-0.118,0.006,0.000,0.000,0.000,0.000,0.0,0.0,0.0201,-0.0059,1.23,0.0055,-0.0001,1.72,-0.0065,-0.32,
91.751,3,DRIVE,17.050,0.300,-0.118,0.005,0.000,0.000,0.000,0.000,0.0,0.0,0.0203,-0.0059,1.29,0.0056,-0.0001,1.66,-0.0065,-0.26,
91.802,3,DRIVE,17.101,0.300,-0.118,0.001,0.000,0.000,0.000,0.000,0.0,0.0,0.0210,-0.0059,1.48,0.0056,-0.0001,1.68,-0.0066,-0.07,
91.851,3,DRIVE,17.150,0.300,-0.118,0.001,0.000,0.000,0.000,0.000,0.0,0.0,0.0207,-0.0058,1.47,0.0056,-0.0001,1.70,-0.0065,-0.08,
91.901,3,DRIVE,17.201,0.300,-0.118,0.006,0.000,0.000,0.000,0.000,0.0,0.0,0.0204,-0.0059,1.23,0.0055,-0.0001,1.74,-0.0066,-0.32,
91.953,3,DRIVE,17.252,0.300,-0.118,0.002,0.000,0.000,0.000,0.000,0.0,0.0,0.0208,-0.0059,1.46,0.0056,-0.0001,1.70,-0.0065,-0.09,
92.001,3,DRIVE,17.300,0.300,-0.118,0.001,0.000,0.000,0.000,0.000,0.0,0.0,0.0208,-0.0058,1.50,0.0056,-0.0001,1.71,-0.0065,-0.05,
92.051,3,DRIVE,17.350,0.300,-0.118,0.001,0.000,0.000,0.000,0.000,0.0,0.0,0.0209,-0.0059,1.48,0.0056,-0.0001,1.74,-0.0065,-0.07,
92.101,3,DRIVE,17.400,0.300,-0.118,0.002,0.000,0.000,0.000,0.000,0.0,0.0,0.0209,-0.0059,1.43,0.0056,-0.0001,1.76,-0.0066,-0.12,
92.152,3,DRIVE,17.452,0.300,-0.118,0.003,0.000,0.000,0.000,0.000,0.0,0.0,0.0208,-0.0059,1.38,0.0056,-0.0001,1.69,-0.0066,-0.17,
92.203,3,DRIVE,17.502,0.300,-0.118,0.005,0.000,0.000,0.000,0.000,0.0,0.0,0.0200,-0.0058,1.25,0.0056,-0.0001,1.77,-0.0065,-0.30,
92.252,3,DRIVE,17.551,0.300,-0.118,0.008,0.000,0.000,0.000,0.000,0.0,0.0,0.0201,-0.0060,1.11,0.0056,-0.0001,1.73,-0.0067,-0.44,
92.302,3,DRIVE,17.601,0.300,-0.118,0.002,0.000,0.000,0.000,0.000,0.0,0.0,0.0208,-0.0059,1.46,0.0056,-0.0001,1.73,-0.0065,-0.09,
92.351,3,DRIVE,17.650,0.300,-0.118,0.001,0.000,0.000,0.000,0.000,0.0,0.0,0.0207,-0.0058,1.50,0.0056,-0.0001,1.71,-0.0064,-0.05,
92.402,3,DRIVE,17.701,0.300,-0.118,0.005,0.000,0.000,0.000,0.000,0.0,0.0,0.0207,-0.0061,1.25,0.0055,-0.0001,1.75,-0.0067,-0.30,
92.454,3,DRIVE,17.753,0.300,-0.118,0.001,0.000,0.000,0.000,0.000,0.0,0.0,0.0208,-0.0058,1.50,0.0056,-0.0001,1.68,-0.0065,-0.05,
92.503,3,DRIVE,17.802,0.300,-0.118,0.004,0.000,0.000,0.000,0.000,0.0,0.0,0.0206,-0.0060,1.29,0.0056,-0.0001,1.72,-0.0066,-0.26,
92.551,3,DRIVE,17.850,0.300,-0.118,0.002,0.000,0.000,0.000,0.000,0.0,0.0,0.0205,-0.0058,1.44,0.0056,-0.0001,1.67,-0.0064,-0.11,
92.601,3,DRIVE,17.901,0.300,-0.118,0.004,0.000,0.000,0.000,0.000,0.0,0.0,0.0205,-0.0059,1.35,0.0056,-0.0001,1.71,-0.0065,-0.20,
92.652,3,DRIVE,17.951,0.300,-0.118,0.004,0.000,0.000,0.000,0.000,0.0,0.0,0.0205,-0.0059,1.31,0.0056,-0.0001,1.75,-0.0066,-0.24,
92.703,3,DRIVE,18.002,0.300,-0.118,0.002,0.000,0.000,0.000,0.000,0.0,0.0,0.0207,-0.0059,1.44,0.0055,-0.0001,1.75,-0.0065,-0.11,
92.751,3,DRIVE,18.050,0.300,-0.118,0.001,0.000,0.000,0.000,0.000,0.0,0.0,0.0208,-0.0058,1.50,0.0056,-0.0001,1.72,-0.0065,-0.05,
92.801,3,DRIVE,18.100,0.300,-0.118,0.001,0.000,0.000,0.000,0.000,0.0,0.0,0.0208,-0.0059,1.48,0.0056,-0.0001,1.74,-0.0065,-0.07,
92.852,3,DRIVE,18.151,0.300,-0.118,0.001,0.000,0.000,0.000,0.000,0.0,0.0,0.0211,-0.0059,1.52,0.0056,-0.0001,1.72,-0.0066,-0.03,
92.901,3,DRIVE,18.200,0.300,-0.118,0.002,0.000,0.000,0.000,0.000,0.0,0.0,0.0206,-0.0058,1.43,0.0056,-0.0001,1.78,-0.0065,-0.12,
92.953,3,DRIVE,18.252,0.300,-0.118,0.002,0.000,0.000,0.000,0.000,0.0,0.0,0.0209,-0.0059,1.44,0.0056,-0.0001,1.71,-0.0066,-0.11,
93.002,3,DRIVE,18.301,0.300,-0.118,0.000,0.000,0.000,0.000,0.000,0.0,0.0,0.0210,-0.0059,1.53,0.0056,-0.0001,1.73,-0.0065,-0.02,
93.051,3,DRIVE,18.350,0.300,-0.118,0.002,0.000,0.000,0.000,0.000,0.0,0.0,0.0208,-0.0059,1.46,0.0056,-0.0002,1.73,-0.0065,-0.09,
93.101,3,DRIVE,18.400,0.300,-0.118,0.004,0.000,0.000,0.000,0.000,0.0,0.0,0.0204,-0.0059,1.31,0.0056,-0.0001,1.74,-0.0066,-0.24,
93.151,3,DRIVE,18.450,0.300,-0.118,0.001,0.000,0.000,0.000,0.000,0.0,0.0,0.0208,-0.0059,1.48,0.0056,-0.0001,1.70,-0.0065,-0.07,
93.203,3,DRIVE,18.502,0.300,-0.118,0.006,0.000,0.000,0.000,0.000,0.0,0.0,0.0203,-0.0059,1.23,0.0056,-0.0001,1.71,-0.0066,-0.32,
93.251,3,DRIVE,18.550,0.300,-0.118,-0.003,0.000,0.000,0.000,0.000,0.0,0.0,0.0213,-0.0058,1.70,0.0056,-0.0001,1.69,-0.0065,0.15,
93.301,3,DRIVE,18.600,0.300,-0.118,0.005,0.000,0.000,0.000,0.000,0.0,0.0,0.0204,-0.0059,1.28,0.0056,-0.0001,1.70,-0.0065,-0.27,
93.351,3,DRIVE,18.651,0.300,-0.118,0.005,0.000,0.000,0.000,0.000,0.0,0.0,0.0204,-0.0060,1.24,0.0056,-0.0001,1.72,-0.0066,-0.31,
93.402,3,DRIVE,18.701,0.300,-0.118,-0.003,0.000,0.000,0.000,0.000,0.0,0.0,0.0215,-0.0059,1.70,0.0056,-0.0001,1.73,-0.0065,0.15,
93.453,3,DRIVE,18.752,0.300,-0.118,0.004,0.000,0.000,0.000,0.000,0.0,0.0,0.0202,-0.0058,1.30,0.0056,-0.0001,1.75,-0.0065,-0.25,
93.502,3,DRIVE,18.801,0.300,-0.118,0.001,0.000,0.000,0.000,0.000,0.0,0.0,0.0210,-0.0059,1.48,0.0056,-0.0001,1.72,-0.0066,-0.07,
93.552,3,DRIVE,18.851,0.300,-0.118,0.001,0.000,0.000,0.000,0.000,0.0,0.0,0.0208,-0.0059,1.49,0.0056,-0.0002,1.75,-0.0065,-0.06,
93.602,3,DRIVE,18.901,0.300,-0.118,0.005,0.000,0.000,0.000,0.000,0.0,0.0,0.0204,-0.0060,1.26,0.0056,-0.0001,1.77,-0.0066,-0.29,
93.652,3,DRIVE,18.951,0.300,-0.118,0.003,0.000,0.000,0.000,0.000,0.0,0.0,0.0204,-0.0059,1.38,0.0056,-0.0002,1.76,-0.0065,-0.17,
93.704,3,DRIVE,19.003,0.300,-0.118,0.005,0.000,0.000,0.000,0.000,0.0,0.0,0.0202,-0.0059,1.26,0.0056,-0.0001,1.75,-0.0065,-0.29,
93.751,3,DRIVE,19.050,0.300,-0.118,0.001,0.000,0.000,0.000,0.000,0.0,0.0,0.0208,-0.0059,1.51,0.0056,-0.0002,1.75,-0.0065,-0.04,
93.801,3,DRIVE,19.100,0.300,-0.118,0.000,0.000,0.000,0.000,0.000,0.0,0.0,0.0209,-0.0058,1.53,0.0056,-0.0001,1.77,-0.0065,-0.02,
93.851,3,DRIVE,19.151,0.300,-0.118,0.006,0.000,0.000,0.000,0.000,0.0,0.0,0.0203,-0.0060,1.19,0.0056,-0.0001,1.74,-0.0067,-0.36,
93.902,3,DRIVE,19.202,0.300,-0.118,0.003,0.000,0.000,0.000,0.000,0.0,0.0,0.0212,-0.0061,1.39,0.0056,-0.0001,1.71,-0.0068,-0.17,
93.953,3,DRIVE,19.252,0.300,-0.118,0.002,0.000,0.000,0.000,0.000,0.0,0.0,0.0202,-0.0057,1.45,0.0056,-0.0002,1.75,-0.0064,-0.11,
94.001,3,DRIVE,19.301,0.300,-0.118,0.001,0.000,0.000,0.000,0.000,0.0,0.0,0.0208,-0.0059,1.51,0.0056,-0.0001,1.73,-0.0065,-0.04,
94.052,3,DRIVE,19.351,0.300,-0.118,0.001,0.000,0.000,0.000,0.000,0.0,0.0,0.0212,-0.0060,1.50,0.0056,-0.0002,1.72,-0.0067,-0.05,
94.101,3,DRIVE,19.400,0.300,-0.118,0.000,0.000,0.000,0.000,0.000,0.0,0.0,0.0205,-0.0057,1.53,0.0056,-0.0001,1.74,-0.0064,-0.02,
94.152,3,DRIVE,19.451,0.300,-0.118,0.002,0.000,0.000,0.000,0.000,0.0,0.0,0.0212,-0.0061,1.43,0.0056,-0.0002,1.76,-0.0068,-0.12,
94.203,3,DRIVE,19.502,0.300,-0.118,0.000,0.000,0.000,0.000,0.000,0.0,0.0,0.0206,-0.0057,1.54,0.0056,-0.0001,1.80,-0.0064,-0.01,
94.251,3,DRIVE,19.550,0.300,-0.118,0.009,0.000,0.000,0.000,0.000,0.0,0.0,0.0212,-0.0066,1.01,0.0056,-0.0001,1.76,-0.0073,-0.54,
94.301,3,DRIVE,19.600,0.300,-0.118,0.011,0.000,0.000,0.000,0.000,0.0,0.0,0.0199,-0.0062,0.91,0.0056,-0.0001,1.75,-0.0069,-0.64,
94.351,3,DRIVE,19.651,0.300,-0.118,0.024,0.000,0.000,0.000,0.000,0.0,0.0,0.0177,-0.0067,0.15,0.0056,-0.0001,1.75,-0.0073,-1.40,
94.401,3,DRIVE,19.700,0.300,-0.118,0.001,0.000,0.000,0.000,0.000,0.0,0.0,0.0204,-0.0058,1.48,0.0056,-0.0001,1.75,-0.0064,-0.07,
94.453,3,DRIVE,19.752,0.300,-0.118,0.004,0.000,0.000,0.000,0.000,0.0,0.0,0.0202,-0.0058,1.32,0.0056,-0.0001,1.71,-0.0065,-0.23,
94.501,3,DRIVE,19.800,0.300,-0.118,0.004,0.000,0.000,0.000,0.000,0.0,0.0,0.0203,-0.0059,1.32,0.0056,-0.0001,1.76,-0.0065,-0.24,
94.551,3,DRIVE,19.850,0.300,-0.118,0.001,0.000,0.000,0.000,0.000,0.0,0.0,0.0209,-0.0059,1.52,0.0056,-0.0001,1.70,-0.0065,-0.03,
94.601,3,DRIVE,19.900,0.300,-0.118,0.002,0.000,0.000,0.000,0.000,0.0,0.0,0.0209,-0.0059,1.45,0.0056,-0.0001,1.74,-0.0066,-0.10,
94.653,3,DRIVE,19.952,0.300,-0.118,0.000,0.000,0.000,0.000,0.000,0.0,0.0,0.0214,-0.0060,1.53,0.0056,-0.0002,1.72,-0.0067,-0.02,
94.703,3,DRIVE,20.002,0.300,-0.118,0.004,0.000,0.000,0.000,0.000,0.0,0.0,0.0199,-0.0057,1.33,0.0056,-0.0001,1.76,-0.0063,-0.22,
94.752,3,DRIVE,20.052,0.000,0.000,0.000,0.000,0.000,0.000,0.000,0.0,0.0,0.0209,-0.0059,1.47,0.0056,-0.0002,1.78,-0.0066,-0.09,FIN_DRIVE_leg3_TIMEOUT_20.0s
94.753,3,STOP_BEFORE_SPIN,0.000,0.000,0.000,0.000,0.000,0.000,0.000,0.000,0.0,0.0,0.0209,-0.0059,1.47,0.0056,-0.0002,1.78,-0.0066,-0.09,
94.801,3,STOP_BEFORE_SPIN,0.048,0.000,0.000,0.000,0.000,0.000,0.000,0.000,0.0,0.0,0.0053,-0.0003,1.36,0.0056,-0.0001,1.76,-0.0006,-0.19,
94.851,3,STOP_BEFORE_SPIN,0.098,0.000,0.000,0.000,0.000,0.000,0.000,0.000,0.0,0.0,0.0050,-0.0002,1.33,0.0055,-0.0002,1.72,-0.0005,-0.22,
94.901,3,STOP_BEFORE_SPIN,0.148,0.000,0.000,0.000,0.000,0.000,0.000,0.000,0.0,0.0,0.0050,-0.0001,1.46,0.0055,-0.0001,1.74,-0.0004,-0.09,
94.952,3,STOP_BEFORE_SPIN,0.199,0.000,0.000,0.000,0.000,0.000,0.000,0.000,0.0,0.0,0.0051,-0.0001,1.50,0.0056,-0.0001,1.68,-0.0004,-0.05,
95.001,3,STOP_BEFORE_SPIN,0.248,0.000,0.000,0.000,0.000,0.000,0.000,0.000,0.0,0.0,0.0050,-0.0001,1.42,0.0056,-0.0001,1.69,-0.0003,-0.13,
95.051,3,STOP_BEFORE_SPIN,0.298,0.000,0.000,0.000,0.000,0.000,0.000,0.000,0.0,0.0,0.0045,-0.0001,1.24,0.0056,-0.0001,1.70,-0.0003,-0.31,
95.101,3,STOP_BEFORE_SPIN,0.348,0.000,0.000,0.000,0.000,0.000,0.000,0.000,0.0,0.0,0.0045,-0.0001,1.21,0.0055,-0.0001,1.73,-0.0003,-0.34,
95.151,3,STOP_BEFORE_SPIN,0.398,0.000,0.000,0.000,0.000,0.000,0.000,0.000,0.0,0.0,0.0045,-0.0001,1.23,0.0056,-0.0001,1.70,-0.0003,-0.32,
95.201,3,STOP_BEFORE_SPIN,0.448,0.000,0.000,0.000,0.000,0.000,0.000,0.000,0.0,0.0,0.0049,-0.0001,1.41,0.0055,-0.0001,1.75,-0.0003,-0.14,
95.251,3,STOP_BEFORE_SPIN,0.498,0.000,0.000,0.000,0.000,0.000,0.000,0.000,0.0,0.0,0.0050,-0.0001,1.47,0.0055,-0.0001,1.72,-0.0004,-0.08,
95.302,3,STOP_BEFORE_SPIN,0.549,0.000,0.000,0.000,0.000,0.000,0.000,0.000,0.0,0.0,0.0047,-0.0001,1.34,0.0056,-0.0001,1.72,-0.0003,-0.21,
95.351,3,STOP_BEFORE_SPIN,0.598,0.000,0.000,0.000,0.000,0.000,0.000,0.000,0.0,0.0,0.0050,-0.0001,1.43,0.0056,-0.0002,1.72,-0.0004,-0.12,
95.401,3,STOP_BEFORE_SPIN,0.648,0.000,0.000,0.000,0.000,0.000,0.000,0.000,0.0,0.0,0.0051,-0.0001,1.49,0.0055,-0.0001,1.78,-0.0004,-0.06,
95.451,3,STOP_BEFORE_SPIN,0.698,0.000,0.000,0.000,0.000,0.000,0.000,0.000,0.0,0.0,0.0051,-0.0001,1.51,0.0056,-0.0001,1.70,-0.0004,-0.04,
95.501,3,STOP_BEFORE_SPIN,0.748,0.000,0.000,0.000,0.000,0.000,0.000,0.000,0.0,0.0,0.0050,-0.0001,1.43,0.0056,-0.0001,1.76,-0.0004,-0.12,
95.551,3,STOP_BEFORE_SPIN,0.799,0.000,0.000,0.000,0.000,0.000,0.000,0.000,0.0,0.0,0.0051,-0.0001,1.49,0.0056,-0.0002,1.67,-0.0004,-0.06,
95.601,3,STOP_BEFORE_SPIN,0.848,0.000,0.000,0.000,0.000,0.000,0.000,0.000,0.0,0.0,0.0047,-0.0001,1.29,0.0056,-0.0001,1.72,-0.0004,-0.26,
95.651,3,STOP_BEFORE_SPIN,0.898,0.000,0.000,0.000,0.000,0.000,0.000,0.000,0.0,0.0,0.0050,-0.0001,1.41,0.0056,-0.0001,1.68,-0.0004,-0.14,
95.701,3,STOP_BEFORE_SPIN,0.948,0.000,0.000,0.000,0.000,0.000,0.000,0.000,0.0,0.0,0.0057,-0.0002,1.62,0.0058,-0.0002,1.66,-0.0004,0.07,
95.752,3,STOP_BEFORE_SPIN,0.999,0.000,0.000,0.000,0.000,0.000,0.000,0.000,0.0,0.0,0.0054,-0.0002,1.49,0.0058,-0.0002,1.67,-0.0005,-0.06,
95.804,3,STOP_BEFORE_SPIN,1.051,0.000,0.000,0.000,0.000,0.000,0.000,0.000,0.0,0.0,0.0049,-0.0002,1.26,0.0058,-0.0002,1.70,-0.0004,-0.29,INICIO_DRIFT_leg3
95.804,3,DRIFT,0.000,0.000,0.000,0.000,0.000,0.000,0.000,0.000,0.0,0.0,0.0049,-0.0002,1.26,0.0058,-0.0002,1.70,-0.0004,0.00,
95.851,3,DRIFT,0.047,0.000,-0.000,1.000,0.000,0.000,0.000,0.000,0.0,0.0,0.0058,-0.0002,1.64,0.0058,-0.0002,1.67,-0.0005,0.38,
95.901,3,DRIFT,0.097,0.000,-0.000,1.000,0.000,0.000,0.000,0.000,0.0,0.0,0.0055,-0.0002,4.41,0.0058,-0.0002,1.69,-0.0005,3.15,
95.952,3,DRIFT,0.148,0.000,-0.000,1.000,0.000,0.000,0.000,0.000,0.0,0.0,0.0049,-0.0002,4.33,0.0058,-0.0002,1.67,-0.0004,3.07,
96.001,3,DRIFT,0.197,0.000,-0.000,1.000,0.000,0.000,0.000,0.000,0.0,0.0,0.0052,-0.0002,4.51,0.0057,-0.0001,1.95,-0.0004,3.25,
96.051,3,DRIFT,0.247,0.000,-0.000,1.000,0.000,0.000,0.000,0.000,0.0,0.0,0.0046,0.0000,4.40,0.0056,0.0000,1.83,-0.0002,3.14,
96.104,3,DRIFT,0.300,0.000,-0.000,1.000,0.000,0.000,0.000,0.000,0.0,0.0,0.0049,-0.0000,4.55,0.0056,0.0000,1.90,-0.0002,3.29,
96.151,3,DRIFT,0.347,0.000,-0.000,1.000,0.000,0.000,0.000,0.000,0.0,0.0,0.0050,-0.0000,4.61,0.0057,-0.0001,1.87,-0.0003,3.35,
96.202,3,DRIFT,0.398,0.000,-0.000,1.000,0.000,0.000,0.000,0.000,0.0,0.0,0.0047,-0.0000,4.50,0.0057,-0.0000,1.90,-0.0002,3.24,
96.251,3,DRIFT,0.447,0.000,-0.000,1.000,0.000,0.000,0.000,0.000,0.0,0.0,0.0051,-0.0000,4.61,0.0057,-0.0000,1.84,-0.0003,3.35,
96.301,3,DRIFT,0.497,0.000,-0.000,1.000,0.000,0.000,0.000,0.000,0.0,0.0,0.0047,-0.0000,4.45,0.0057,-0.0000,1.90,-0.0002,3.19,
96.353,3,DRIFT,0.549,0.000,-0.000,1.000,0.000,0.000,0.000,0.000,0.0,0.0,0.0047,-0.0000,4.44,0.0057,-0.0000,1.87,-0.0002,3.18,
96.402,3,DRIFT,0.598,0.000,-0.000,1.000,0.000,0.000,0.000,0.000,0.0,0.0,0.0051,-0.0000,4.69,0.0057,-0.0000,1.90,-0.0003,3.43,
96.451,3,DRIFT,0.647,0.000,-0.000,1.000,0.000,0.000,0.000,0.000,0.0,0.0,0.0052,-0.0000,4.65,0.0057,-0.0000,1.91,-0.0003,3.39,
96.501,3,DRIFT,0.697,0.000,-0.000,1.000,0.000,0.000,0.000,0.000,0.0,0.0,0.0046,-0.0000,4.44,0.0057,-0.0000,1.95,-0.0003,3.18,
96.553,3,DRIFT,0.749,0.000,-0.000,1.000,0.000,0.000,0.000,0.000,0.0,0.0,0.0051,-0.0001,4.79,0.0057,-0.0001,1.92,-0.0003,3.53,
96.603,3,DRIFT,0.799,0.000,-0.000,1.000,0.000,0.000,0.000,0.000,0.0,0.0,0.0049,-0.0000,4.46,0.0057,-0.0001,1.95,-0.0003,3.20,
96.651,3,DRIFT,0.847,0.000,-0.000,1.000,0.000,0.000,0.000,0.000,0.0,0.0,0.0046,-0.0001,4.43,0.0057,-0.0001,1.90,-0.0003,3.17,
96.701,3,DRIFT,0.897,0.000,-0.000,1.000,0.000,0.000,0.000,0.000,0.0,0.0,0.0047,-0.0000,4.48,0.0057,-0.0000,1.94,-0.0003,3.22,
96.751,3,DRIFT,0.947,0.000,-0.000,1.000,0.000,0.000,0.000,0.000,0.0,0.0,0.0046,-0.0000,4.45,0.0057,-0.0001,1.90,-0.0003,3.19,
96.801,3,DRIFT,0.997,0.000,-0.000,1.000,0.000,0.000,0.000,0.000,0.0,0.0,0.0048,-0.0001,4.53,0.0058,-0.0001,2.01,-0.0003,3.27,
96.853,3,DRIFT,1.049,0.000,-0.000,1.000,0.000,0.000,0.000,0.000,0.0,0.0,0.0049,-0.0000,4.56,0.0058,-0.0001,1.98,-0.0003,3.30,
96.901,3,DRIFT,1.097,0.000,-0.000,1.000,0.000,0.000,0.000,0.000,0.0,0.0,0.0052,-0.0000,4.74,0.0058,-0.0000,2.06,-0.0003,3.48,
96.952,3,DRIFT,1.148,0.000,-0.000,1.000,0.000,0.000,0.000,0.000,0.0,0.0,0.0054,-0.0000,4.82,0.0058,-0.0001,2.01,-0.0003,3.56,
97.001,3,DRIFT,1.197,0.000,-0.000,1.000,0.000,0.000,0.000,0.000,0.0,0.0,0.0045,-0.0000,4.44,0.0058,-0.0000,2.05,-0.0002,3.18,
97.051,3,DRIFT,1.247,0.000,-0.000,1.000,0.000,0.000,0.000,0.000,0.0,0.0,0.0053,-0.0000,4.78,0.0058,-0.0000,2.03,-0.0003,3.52,
97.103,3,DRIFT,1.299,0.000,-0.000,1.000,0.000,0.000,0.000,0.000,0.0,0.0,0.0054,-0.0000,4.80,0.0059,-0.0000,2.04,-0.0003,3.54,
97.151,3,DRIFT,1.347,0.000,-0.000,1.000,0.000,0.000,0.000,0.000,0.0,0.0,0.0053,-0.0000,4.79,0.0058,-0.0000,2.01,-0.0003,3.53,
97.201,3,DRIFT,1.397,0.000,-0.000,1.000,0.000,0.000,0.000,0.000,0.0,0.0,0.0047,-0.0000,4.52,0.0059,0.0000,2.02,-0.0002,3.26,
97.252,3,DRIFT,1.448,0.000,-0.000,1.000,0.000,0.000,0.000,0.000,0.0,0.0,0.0054,-0.0000,4.85,0.0059,-0.0000,1.99,-0.0003,3.59,
97.301,3,DRIFT,1.497,0.000,-0.000,1.000,0.000,0.000,0.000,0.000,0.0,0.0,0.0047,-0.0000,4.50,0.0058,-0.0000,2.03,-0.0003,3.24,
97.354,3,DRIFT,1.550,0.000,-0.000,1.000,0.000,0.000,0.000,0.000,0.0,0.0,0.0049,-0.0000,4.62,0.0059,-0.0000,2.03,-0.0003,3.36,
97.401,3,DRIFT,1.597,0.000,-0.000,1.000,0.000,0.000,0.000,0.000,0.0,0.0,0.0049,0.0000,4.52,0.0059,0.0001,2.07,-0.0002,3.26,
97.452,3,DRIFT,1.648,0.000,-0.000,1.000,0.000,0.000,0.000,0.000,0.0,0.0,0.0048,0.0000,4.57,0.0059,0.0000,2.08,-0.0002,3.31,
97.502,3,DRIFT,1.698,0.000,-0.000,1.000,0.000,0.000,0.000,0.000,0.0,0.0,0.0051,0.0000,4.63,0.0059,0.0000,2.07,-0.0002,3.37,
97.551,3,DRIFT,1.747,0.000,-0.000,1.000,0.000,0.000,0.000,0.000,0.0,0.0,0.0054,0.0000,4.80,0.0059,0.0000,2.07,-0.0002,3.54,
97.604,3,DRIFT,1.800,0.000,-0.000,1.000,0.000,0.000,0.000,0.000,0.0,0.0,0.0053,0.0000,4.84,0.0059,0.0001,2.10,-0.0002,3.58,
97.652,3,DRIFT,1.848,0.000,-0.000,1.000,0.000,0.000,0.000,0.000,0.0,0.0,0.0055,0.0000,4.89,0.0059,0.0000,2.06,-0.0002,3.63,
97.701,3,DRIFT,1.897,0.000,-0.000,1.000,0.000,0.000,0.000,0.000,0.0,0.0,0.0050,0.0000,4.59,0.0059,0.0000,2.10,-0.0002,3.32,
97.753,3,DRIFT,1.949,0.000,-0.000,1.000,0.000,0.000,0.000,0.000,0.0,0.0,0.0059,0.0000,5.25,0.0060,0.0000,2.05,-0.0002,3.99,
97.802,3,DRIFT,1.998,0.000,-0.000,1.000,0.000,0.000,0.000,0.000,0.0,0.0,0.0051,0.0000,4.61,0.0060,0.0000,2.07,-0.0002,3.35,
97.854,3,DRIFT,2.050,0.000,-0.000,1.000,0.000,0.000,0.000,0.000,0.0,0.0,0.0048,0.0000,4.57,0.0059,0.0000,2.08,-0.0002,3.31,
97.901,3,DRIFT,2.097,0.000,-0.000,1.000,0.000,0.000,0.000,0.000,0.0,0.0,0.0049,0.0000,4.54,0.0059,0.0001,2.08,-0.0002,3.28,
97.952,3,DRIFT,2.148,0.000,-0.000,1.000,0.000,0.000,0.000,0.000,0.0,0.0,0.0055,0.0000,4.87,0.0059,0.0000,2.09,-0.0002,3.61,
98.001,3,DRIFT,2.197,0.000,-0.000,1.000,0.000,0.000,0.000,0.000,0.0,0.0,0.0054,0.0000,4.84,0.0059,0.0000,2.11,-0.0002,3.58,
98.051,3,DRIFT,2.247,0.000,-0.000,1.000,0.000,0.000,0.000,0.000,0.0,0.0,0.0050,0.0000,4.61,0.0060,0.0000,2.04,-0.0002,3.35,
98.103,3,DRIFT,2.299,0.000,-0.000,1.000,0.000,0.000,0.000,0.000,0.0,0.0,0.0059,0.0000,5.14,0.0059,0.0000,2.13,-0.0002,3.88,
98.151,3,DRIFT,2.347,0.000,-0.000,1.000,0.000,0.000,0.000,0.000,0.0,0.0,0.0053,0.0000,4.86,0.0059,0.0000,2.09,-0.0002,3.60,
98.201,3,DRIFT,2.397,0.000,-0.000,1.000,0.000,0.000,0.000,0.000,0.0,0.0,0.0054,0.0000,4.84,0.0059,0.0000,2.11,-0.0002,3.58,
98.251,3,DRIFT,2.447,0.000,-0.000,1.000,0.000,0.000,0.000,0.000,0.0,0.0,0.0052,0.0000,4.81,0.0059,0.0000,2.07,-0.0002,3.55,
98.303,4,DRIFT,2.499,0.000,0.000,0.000,0.000,0.000,0.000,0.000,0.0,0.0,0.0059,0.0000,5.30,0.0059,0.0000,2.08,-0.0002,4.04,FIN_DRIFT_leg3_TIMEOUT_2.5s_2.50s
