t_s,rep,state,elapsed_s,cmd_wz,opt_dyaw_deg,imu_yaw_deg,kf_dyaw_deg,kf_err_deg,event
0.056,0,WAIT,0.056,0.0000,0.00,0.00,0.00,0.00,
0.102,0,WAIT,0.102,0.0000,0.00,0.00,0.00,0.00,
0.152,0,WAIT,0.152,0.0000,0.00,0.00,0.00,0.00,
0.205,0,SPIN,0.001,0.0000,0.00,0.00,0.00,0.00,
0.252,0,SPIN,0.048,1.0000,0.01,0.00,0.00,-0.01,
0.305,0,SPIN,0.100,1.0000,0.01,0.00,3.01,3.00,
0.352,0,SPIN,0.148,1.0000,0.01,0.00,5.74,5.73,
0.402,0,SPIN,0.198,1.0000,0.01,0.00,8.60,8.60,
0.454,0,SPIN,0.249,1.0000,0.01,0.00,11.54,11.53,
0.502,0,SPIN,0.298,1.0000,-0.01,0.00,14.34,14.35,
0.552,0,SPIN,0.348,1.0000,-0.01,0.00,17.20,17.21,
0.602,0,SPIN,0.398,1.0000,-0.01,0.00,20.07,20.08,
0.654,0,SPIN,0.450,1.0000,0.00,0.00,23.02,23.02,
0.702,0,SPIN,0.498,1.0000,0.00,0.00,25.80,25.80,
0.752,0,SPIN,0.548,1.0000,0.00,0.00,28.66,28.66,
0.802,0,SPIN,0.598,1.0000,0.00,0.00,31.52,31.52,
0.852,0,SPIN,0.648,1.0000,0.00,0.00,34.39,34.38,
0.902,0,SPIN,0.698,1.0000,0.01,0.00,37.27,37.26,
0.952,0,SPIN,0.748,1.0000,0.01,0.00,40.12,40.12,
1.003,0,SPIN,0.799,1.0000,0.01,0.00,43.03,43.02,
1.052,0,SPIN,0.848,1.0000,0.01,0.00,45.85,45.85,
1.102,0,SPIN,0.898,1.0000,0.01,0.00,48.72,48.71,
1.152,0,SPIN,0.948,1.0000,-0.00,0.00,51.58,51.58,
1.203,0,SPIN,0.999,1.0000,-0.00,0.00,54.47,54.48,
1.252,0,SPIN,1.048,1.0000,-0.00,0.00,57.32,57.32,
1.304,0,SPIN,1.100,1.0000,-0.00,0.00,60.27,60.27,
1.352,0,SPIN,1.148,1.0000,0.01,0.00,63.03,63.02,
1.402,0,SPIN,1.198,1.0000,0.01,0.00,65.91,65.90,
1.453,0,SPIN,1.248,1.0000,0.00,0.00,68.78,68.78,
1.505,0,SPIN,1.300,1.0000,0.00,0.00,71.76,71.76,
1.554,0,SPIN,1.350,1.0000,0.00,0.00,74.58,74.58,
1.603,0,SPIN,1.399,1.0000,-0.00,0.00,77.42,77.42,
1.653,0,SPIN,1.449,1.0000,-0.01,0.00,80.25,80.26,
1.702,0,SPIN,1.498,1.0000,0.02,0.00,83.09,83.07,
1.752,0,SPIN,1.548,1.0000,-0.00,0.00,85.95,85.96,
1.802,0,SPIN,1.598,1.0000,0.00,0.00,88.82,88.82,
1.852,0,SPIN,1.648,1.0000,0.00,0.00,91.68,91.68,
1.905,0,SPIN,1.701,1.0000,0.03,0.00,94.71,94.68,
1.953,0,SPIN,1.749,1.0000,-0.01,0.00,97.47,97.48,
2.002,0,SPIN,1.798,1.0000,0.01,0.00,100.28,100.27,
2.052,0,SPIN,1.848,1.0000,-0.01,0.00,103.14,103.15,
2.102,0,SPIN,1.898,1.0000,-0.00,0.00,106.01,106.01,
2.152,0,SPIN,1.948,1.0000,-0.00,0.00,108.87,108.87,
2.202,0,SPIN,1.998,1.0000,-0.00,0.00,111.74,111.74,
2.253,0,SPIN,2.049,1.0000,0.01,0.00,114.65,114.64,
2.302,0,SPIN,2.098,1.0000,0.01,0.00,117.47,117.46,
2.352,0,SPIN,2.148,1.0000,-0.01,0.00,120.33,120.34,
2.403,0,SPIN,2.199,1.0000,0.03,0.00,123.26,123.24,
2.452,0,SPIN,2.248,1.0000,-0.00,0.00,126.06,126.06,
2.503,0,SPIN,2.299,1.0000,-0.00,0.00,128.96,128.96,
2.552,0,SPIN,2.348,1.0000,-0.00,0.00,131.79,131.79,
2.604,0,SPIN,2.399,1.0000,-0.01,0.00,134.73,134.74,
2.653,0,SPIN,2.448,1.0000,-0.01,0.00,137.55,137.56,
2.702,0,SPIN,2.498,1.0000,0.02,0.00,140.39,140.37,
2.755,0,SPIN,2.550,0.0000,0.00,0.00,143.25,143.25,FIN_SPIN_rep0
2.756,0,COAST,0.001,0.0000,0.00,0.00,143.25,143.25,
2.802,0,COAST,0.047,0.0000,0.00,0.00,143.25,143.24,
2.852,0,COAST,0.097,0.0000,0.00,0.00,143.25,143.24,
2.903,0,COAST,0.147,0.0000,0.00,0.00,143.25,143.24,
2.953,0,COAST,0.197,0.0000,-0.01,0.00,143.25,143.25,
3.004,0,COAST,0.249,0.0000,0.02,0.00,143.25,143.23,
3.052,0,COAST,0.297,0.0000,-0.01,0.00,143.25,143.25,
3.102,0,COAST,0.347,0.0000,0.02,0.00,143.25,143.22,
3.152,0,COAST,0.397,0.0000,0.01,0.00,143.25,143.24,
3.202,0,COAST,0.447,0.0000,0.01,0.00,143.25,143.24,
3.252,0,COAST,0.497,0.0000,0.01,0.00,143.25,143.24,
3.303,0,COAST,0.548,0.0000,0.02,0.00,143.25,143.23,
3.352,0,COAST,0.597,0.0000,-0.01,0.00,143.25,143.25,
3.402,0,COAST,0.647,0.0000,0.03,0.00,143.25,143.22,
3.453,0,COAST,0.698,0.0000,-0.01,0.00,143.25,143.26,
3.502,0,COAST,0.747,0.0000,0.03,0.00,143.25,143.22,
3.552,0,COAST,0.797,0.0000,0.03,0.00,143.25,143.22,
3.602,0,COAST,0.847,0.0000,0.03,0.00,143.25,143.22,
3.652,0,COAST,0.897,0.0000,-0.00,0.00,143.25,143.25,
3.702,0,COAST,0.947,0.0000,0.02,0.00,143.25,143.23,
3.752,0,COAST,0.997,0.0000,-0.01,0.00,143.25,143.25,
3.803,0,COAST,1.047,0.0000,0.01,0.00,143.25,143.24,
3.852,0,COAST,1.097,0.0000,-0.01,0.00,143.25,143.26,
3.902,0,COAST,1.147,0.0000,-0.01,0.00,143.25,143.26,
3.952,0,COAST,1.197,0.0000,-0.01,0.00,143.25,143.26,
4.002,0,COAST,1.247,0.0000,0.01,0.00,143.25,143.24,
4.054,0,COAST,1.299,0.0000,-0.01,0.00,143.25,143.26,
4.103,0,COAST,1.348,0.0000,0.01,0.00,143.25,143.24,
4.152,0,COAST,1.397,0.0000,-0.02,0.00,143.25,143.26,
4.202,0,COAST,1.447,0.0000,0.02,0.00,143.25,143.23,
4.252,0,COAST,1.497,0.0000,0.02,0.00,143.25,143.23,
4.302,0,COAST,1.547,0.0000,0.02,0.00,143.25,143.23,
4.352,0,COAST,1.597,0.0000,-0.00,0.00,143.25,143.25,
4.403,0,COAST,1.648,0.0000,-0.00,0.00,143.25,143.25,
4.452,0,COAST,1.697,0.0000,-0.00,0.00,143.25,143.25,
4.502,0,COAST,1.747,0.0000,0.02,0.00,143.25,143.23,
4.552,0,COAST,1.797,0.0000,-0.01,0.00,143.25,143.25,
4.602,0,COAST,1.847,0.0000,-0.01,0.00,143.25,143.25,
4.652,0,COAST,1.897,0.0000,-0.01,0.00,143.25,143.25,
4.703,0,COAST,1.948,0.0000,0.02,0.00,143.25,143.23,
4.752,0,COAST,1.997,0.0000,-0.01,0.00,143.25,143.26,
4.805,0,COAST,2.050,0.0000,0.03,0.00,143.25,143.22,FIN_COAST_rep0
4.808,1,PAUSE,0.001,0.0000,0.03,0.00,143.25,143.22,
4.853,1,PAUSE,0.045,0.0000,-0.01,0.00,143.25,143.26,
4.902,1,PAUSE,0.095,0.0000,0.01,0.00,143.25,143.24,
4.952,1,PAUSE,0.145,0.0000,0.01,0.00,143.25,143.24,
5.002,1,PAUSE,0.195,0.0000,0.01,0.00,143.25,143.24,
5.052,1,PAUSE,0.245,0.0000,0.01,0.00,143.25,143.24,
5.102,1,PAUSE,0.295,0.0000,0.02,0.00,143.25,143.23,
5.152,1,PAUSE,0.345,0.0000,-0.00,0.00,143.25,143.25,
5.202,1,PAUSE,0.395,0.0000,0.00,0.00,143.25,143.25,
5.252,1,PAUSE,0.445,0.0000,0.00,0.00,143.25,143.25,
5.302,1,PAUSE,0.495,0.0000,0.00,0.00,143.25,143.25,
5.354,1,PAUSE,0.546,0.0000,0.00,0.00,143.25,143.25,
5.402,1,PAUSE,0.595,0.0000,0.00,0.00,143.25,143.25,
5.454,1,PAUSE,0.646,0.0000,-0.02,0.00,143.25,143.27,
5.503,1,PAUSE,0.696,0.0000,0.01,0.00,143.25,143.24,
5.552,1,PAUSE,0.745,0.0000,-0.01,0.00,143.25,143.26,
5.603,1,PAUSE,0.796,0.0000,0.01,0.00,143.25,143.24,
5.652,1,PAUSE,0.845,0.0000,0.01,0.00,143.25,143.24,
5.702,1,PAUSE,0.895,0.0000,0.01,0.00,143.25,143.24,
5.754,1,PAUSE,0.946,0.0000,-0.00,0.00,143.25,143.25,
5.802,1,PAUSE,0.995,0.0000,0.01,0.00,143.25,143.24,
5.852,1,PAUSE,1.045,0.0000,-0.01,0.00,143.25,143.26,
5.904,1,PAUSE,1.097,0.0000,0.02,0.00,143.25,143.23,
5.952,1,PAUSE,1.145,0.0000,-0.02,0.00,143.25,143.27,
6.002,1,PAUSE,1.195,0.0000,-0.02,0.00,143.25,143.27,
6.052,1,PAUSE,1.245,0.0000,-0.02,0.00,143.25,143.27,
6.102,1,PAUSE,1.295,0.0000,-0.02,0.00,143.25,143.27,
6.152,1,PAUSE,1.345,0.0000,-0.01,0.00,143.25,143.26,
6.202,1,PAUSE,1.395,0.0000,0.01,0.00,143.25,143.24,
6.252,1,PAUSE,1.445,0.0000,-0.02,0.00,143.25,143.27,
6.303,1,PAUSE,1.495,0.0000,0.02,0.00,143.25,143.23,
6.352,1,PAUSE,1.545,0.0000,0.01,0.00,143.25,143.24,
6.403,1,PAUSE,1.596,0.0000,0.01,0.00,143.25,143.24,
6.453,1,PAUSE,1.645,0.0000,0.01,0.00,143.25,143.24,
6.502,1,PAUSE,1.695,0.0000,0.02,0.00,143.25,143.23,
6.552,1,PAUSE,1.745,0.0000,-0.01,0.00,143.25,143.25,
6.603,1,PAUSE,1.796,0.0000,0.02,0.00,143.25,143.23,
6.653,1,PAUSE,1.846,0.0000,-0.02,0.00,143.25,143.26,
6.702,1,PAUSE,1.895,0.0000,-0.02,0.00,143.25,143.26,
6.752,1,PAUSE,1.945,0.0000,-0.02,0.00,143.25,143.26,
6.803,1,PAUSE,1.996,0.0000,0.02,0.00,143.25,143.23,
6.854,1,PAUSE,2.047,0.0000,-0.02,0.00,143.25,143.27,
6.902,1,PAUSE,2.095,0.0000,0.01,0.00,143.25,143.23,
6.953,1,PAUSE,2.146,0.0000,0.00,0.00,143.25,143.25,
7.002,1,PAUSE,2.195,0.0000,0.01,0.00,143.25,143.24,
7.052,1,PAUSE,2.245,0.0000,0.01,0.00,143.25,143.24,
7.102,1,PAUSE,2.295,0.0000,0.01,0.00,143.25,143.24,
7.152,1,PAUSE,2.345,0.0000,0.01,0.00,143.25,143.24,
7.203,1,PAUSE,2.396,0.0000,0.01,0.00,143.25,143.24,
7.253,1,PAUSE,2.446,0.0000,-0.02,0.00,143.25,143.26,
7.302,1,PAUSE,2.495,0.0000,0.01,0.00,143.25,143.24,
7.352,1,PAUSE,2.545,0.0000,-0.01,0.00,143.25,143.26,
7.402,1,PAUSE,2.595,0.0000,-0.02,0.00,143.25,143.26,
7.453,1,PAUSE,2.646,0.0000,-0.02,0.00,143.25,143.26,
7.503,1,PAUSE,2.696,0.0000,0.00,0.00,143.25,143.24,
7.553,1,PAUSE,2.745,0.0000,0.01,0.00,143.25,143.24,
7.602,1,PAUSE,2.795,0.0000,0.00,0.00,143.25,143.25,
7.654,1,PAUSE,2.847,0.0000,-0.02,0.00,143.25,143.26,
7.702,1,PAUSE,2.895,0.0000,0.01,0.00,143.25,143.24,
7.752,1,PAUSE,2.945,0.0000,0.01,0.00,143.25,143.24,
7.804,1,PAUSE,2.997,0.0000,0.01,0.00,143.25,143.24,
7.856,1,SPIN,0.001,0.0000,0.00,0.00,0.00,0.00,
7.903,1,SPIN,0.048,1.0000,0.00,0.00,0.00,-0.00,
7.952,1,SPIN,0.098,1.0000,-0.03,0.00,2.85,2.88,
8.003,1,SPIN,0.148,1.0000,0.06,0.00,5.72,5.66,
8.052,1,SPIN,0.198,1.0000,0.05,0.00,8.57,8.52,
8.103,1,SPIN,0.248,1.0000,0.06,0.00,11.45,11.40,
8.152,1,SPIN,0.298,1.0000,0.06,0.00,14.31,14.25,
8.202,1,SPIN,0.348,1.0000,0.06,0.00,17.17,17.12,
8.252,1,SPIN,0.397,1.0000,0.07,0.00,20.02,19.95,
8.303,1,SPIN,0.449,1.0000,0.08,0.00,22.95,22.87,
8.352,1,SPIN,0.498,1.0000,0.07,0.00,25.75,25.68,
8.402,1,SPIN,0.547,1.0000,0.09,0.00,28.62,28.53,
8.452,1,SPIN,0.598,1.0000,0.08,0.00,31.49,31.41,
8.503,1,SPIN,0.648,1.0000,0.08,0.00,34.37,34.29,
8.552,1,SPIN,0.698,1.0000,0.08,0.00,37.23,37.15,
8.603,1,SPIN,0.749,1.0000,0.18,0.00,40.14,39.96,
8.652,1,SPIN,0.797,1.0000,0.19,0.00,42.94,42.75,
8.702,1,SPIN,0.847,1.0000,0.37,0.00,45.79,45.42,
8.752,1,SPIN,0.898,1.0000,0.38,0.00,48.68,48.30,
8.802,1,SPIN,0.948,1.0000,0.39,0.00,51.55,51.16,
8.853,1,SPIN,0.998,1.0000,0.40,0.00,54.45,54.05,
8.903,1,SPIN,1.049,1.0000,0.41,0.00,57.33,56.92,
8.952,1,SPIN,1.097,1.0000,0.40,0.00,60.13,59.73,
9.003,1,SPIN,1.148,1.0000,0.43,0.00,63.04,62.62,
9.052,1,SPIN,1.197,1.0000,0.41,0.00,65.85,65.45,
9.103,1,SPIN,1.249,1.0000,0.39,0.00,68.79,68.40,
9.152,1,SPIN,1.298,1.0000,0.39,0.00,71.60,71.21,
9.203,1,SPIN,1.348,1.0000,0.42,0.00,74.48,74.06,
9.252,1,SPIN,1.398,1.0000,0.44,0.00,77.33,76.89,
9.303,1,SPIN,1.448,1.0000,0.48,0.00,80.22,79.75,
9.352,1,SPIN,1.498,1.0000,0.45,0.00,83.06,82.62,
9.403,1,SPIN,1.548,1.0000,0.49,0.00,85.94,85.45,
9.452,1,SPIN,1.598,1.0000,0.49,0.00,88.80,88.30,
9.502,1,SPIN,1.648,1.0000,0.49,0.00,91.66,91.17,
9.553,1,SPIN,1.698,1.0000,0.48,0.00,94.56,94.08,
9.604,1,SPIN,1.749,1.0000,0.61,0.00,97.47,96.86,
9.652,1,SPIN,1.798,1.0000,0.85,0.00,100.25,99.40,
9.702,1,SPIN,1.848,1.0000,0.93,0.00,103.12,102.19,
9.754,1,SPIN,1.899,1.0000,0.94,0.00,106.05,105.11,
9.802,1,SPIN,1.948,1.0000,0.99,0.00,108.84,107.85,
9.852,1,SPIN,1.998,1.0000,1.11,0.00,111.71,110.60,
9.903,1,SPIN,2.049,1.0000,1.42,0.00,114.63,113.21,
9.952,1,SPIN,2.098,1.0000,1.64,0.00,117.44,115.79,
10.002,1,SPIN,2.148,1.0000,2.18,0.00,120.30,118.12,
10.054,1,SPIN,2.199,1.0000,3.29,0.00,123.26,119.97,
10.102,1,SPIN,2.248,1.0000,4.76,0.00,126.03,121.27,
10.152,1,SPIN,2.298,1.0000,6.34,0.00,128.90,122.56,
10.204,1,SPIN,2.349,1.0000,9.00,0.00,131.83,122.83,
10.252,1,SPIN,2.398,1.0000,10.76,0.00,134.63,123.87,
10.302,1,SPIN,2.448,1.0000,12.42,0.00,137.49,125.07,
10.353,1,SPIN,2.499,1.0000,14.74,0.00,140.41,125.66,
10.404,1,SPIN,2.550,0.0000,16.83,0.00,143.22,126.38,FIN_SPIN_rep1
10.406,1,COAST,0.001,0.0000,16.83,0.00,143.22,126.38,
10.452,1,COAST,0.047,0.0000,18.27,0.00,143.22,124.95,
10.504,1,COAST,0.099,0.0000,19.25,0.00,143.22,123.97,
10.552,1,COAST,0.147,0.0000,19.19,0.00,143.22,124.03,
10.602,1,COAST,0.197,0.0000,19.20,0.00,143.22,124.02,
10.652,1,COAST,0.247,0.0000,19.20,0.00,143.22,124.02,
10.702,1,COAST,0.297,0.0000,19.19,0.00,143.22,124.03,
10.752,1,COAST,0.347,0.0000,19.19,0.00,143.22,124.03,
10.802,1,COAST,0.397,0.0000,19.20,0.00,143.22,124.02,
10.852,1,COAST,0.447,0.0000,19.21,0.00,143.22,124.01,
10.902,1,COAST,0.497,0.0000,19.20,0.00,143.22,124.02,
10.952,1,COAST,0.547,0.0000,19.18,0.00,143.22,124.04,
11.002,1,COAST,0.597,0.0000,19.22,0.00,143.22,124.00,
11.052,1,COAST,0.647,0.0000,19.18,0.00,143.22,124.03,
11.102,1,COAST,0.697,0.0000,19.19,0.00,143.22,124.03,
11.152,1,COAST,0.747,0.0000,19.19,0.00,143.22,124.02,
11.202,1,COAST,0.797,0.0000,19.18,0.00,143.22,124.04,
11.252,1,COAST,0.847,0.0000,19.16,0.00,143.22,124.06,
11.303,1,COAST,0.898,0.0000,19.20,0.00,143.22,124.02,
11.353,1,COAST,0.948,0.0000,19.19,0.00,143.22,124.03,
11.403,1,COAST,0.998,0.0000,19.19,0.00,143.22,124.03,
11.452,1,COAST,1.048,0.0000,19.18,0.00,143.22,124.04,
11.503,1,COAST,1.098,0.0000,19.21,0.00,143.22,124.00,
11.554,1,COAST,1.149,0.0000,19.16,0.00,143.22,124.05,
11.603,1,COAST,1.198,0.0000,19.19,0.00,143.22,124.03,
11.652,1,COAST,1.247,0.0000,19.18,0.00,143.22,124.04,
11.702,1,COAST,1.297,0.0000,19.19,0.00,143.22,124.02,
11.752,1,COAST,1.347,0.0000,19.17,0.00,143.22,124.04,
11.804,1,COAST,1.399,0.0000,19.19,0.00,143.22,124.03,
11.852,1,COAST,1.447,0.0000,19.18,0.00,143.22,124.04,
11.902,1,COAST,1.497,0.0000,19.19,0.00,143.22,124.03,
11.952,1,COAST,1.548,0.0000,19.15,0.00,143.22,124.07,
12.002,1,COAST,1.597,0.0000,19.15,0.00,143.22,124.07,
12.052,1,COAST,1.647,0.0000,19.15,0.00,143.22,124.07,
12.103,1,COAST,1.698,0.0000,19.21,0.00,143.22,124.01,
12.152,1,COAST,1.747,0.0000,19.17,0.00,143.22,124.04,
12.203,1,COAST,1.798,0.0000,19.17,0.00,143.22,124.04,
12.253,1,COAST,1.848,0.0000,19.21,0.00,143.22,124.01,
12.302,1,COAST,1.897,0.0000,19.16,0.00,143.22,124.06,
12.352,1,COAST,1.947,0.0000,19.16,0.00,143.22,124.06,
12.402,1,COAST,1.997,0.0000,19.16,0.00,143.22,124.06,
12.456,1,COAST,2.051,0.0000,19.16,0.00,143.22,124.06,FIN_COAST_rep1
12.459,2,PAUSE,0.001,0.0000,19.16,0.00,143.22,124.06,
12.504,2,PAUSE,0.045,0.0000,19.16,0.00,143.22,124.06,
12.552,2,PAUSE,0.094,0.0000,19.16,0.00,143.22,124.06,
12.602,2,PAUSE,0.144,0.0000,19.16,0.00,143.22,124.06,
12.652,2,PAUSE,0.194,0.0000,19.16,0.00,143.22,124.06,
12.702,2,PAUSE,0.244,0.0000,19.16,0.00,143.22,124.06,
12.752,2,PAUSE,0.294,0.0000,19.16,0.00,143.22,124.06,
12.802,2,PAUSE,0.344,0.0000,19.16,0.00,143.22,124.06,
12.852,2,PAUSE,0.394,0.0000,19.16,0.00,143.22,124.06,
12.902,2,PAUSE,0.444,0.0000,19.16,0.00,143.22,124.06,
12.952,2,PAUSE,0.494,0.0000,19.16,0.00,143.22,124.06,
13.002,2,PAUSE,0.544,0.0000,19.16,0.00,143.22,124.06,
13.052,2,PAUSE,0.594,0.0000,19.16,0.00,143.22,124.06,
13.102,2,PAUSE,0.644,0.0000,19.16,0.00,143.22,124.06,
13.152,2,PAUSE,0.694,0.0000,19.16,0.00,143.22,124.06,
13.202,2,PAUSE,0.744,0.0000,19.19,0.00,143.22,124.03,
13.252,2,PAUSE,0.794,0.0000,19.16,0.00,143.22,124.06,
13.302,2,PAUSE,0.844,0.0000,19.16,0.00,143.22,124.06,
13.352,2,PAUSE,0.894,0.0000,19.16,0.00,143.22,124.06,
13.402,2,PAUSE,0.943,0.0000,19.16,0.00,143.22,124.06,
13.452,2,PAUSE,0.994,0.0000,19.17,0.00,143.22,124.05,
13.503,2,PAUSE,1.045,0.0000,19.17,0.00,143.22,124.05,
13.552,2,PAUSE,1.094,0.0000,19.17,0.00,143.22,124.05,
13.602,2,PAUSE,1.144,0.0000,19.17,0.00,143.22,124.05,
13.654,2,PAUSE,1.196,0.0000,19.17,0.00,143.22,124.04,
13.703,2,PAUSE,1.245,0.0000,19.21,0.00,143.22,124.01,
13.752,2,PAUSE,1.294,0.0000,19.21,0.00,143.22,124.01,
13.802,2,PAUSE,1.344,0.0000,19.21,0.00,143.22,124.01,
13.852,2,PAUSE,1.394,0.0000,19.21,0.00,143.22,124.01,
13.902,2,PAUSE,1.444,0.0000,19.17,0.00,143.22,124.05,
13.952,2,PAUSE,1.494,0.0000,19.17,0.00,143.22,124.05,
14.003,2,PAUSE,1.544,0.0000,19.18,0.00,143.22,124.04,
14.052,2,PAUSE,1.594,0.0000,19.15,0.00,143.22,124.07,
14.102,2,PAUSE,1.644,0.0000,19.15,0.00,143.22,124.07,
14.152,2,PAUSE,1.694,0.0000,19.15,0.00,143.22,124.07,
14.202,2,PAUSE,1.744,0.0000,19.15,0.00,143.22,124.07,
14.252,2,PAUSE,1.794,0.0000,19.17,0.00,143.22,124.05,
14.304,2,PAUSE,1.845,0.0000,19.18,0.00,143.22,124.04,
14.352,2,PAUSE,1.894,0.0000,19.18,0.00,143.22,124.04,
14.402,2,PAUSE,1.943,0.0000,19.18,0.00,143.22,124.04,
14.454,2,PAUSE,1.995,0.0000,19.19,0.00,143.22,124.03,
14.502,2,PAUSE,2.044,0.0000,19.17,0.00,143.22,124.05,
14.552,2,PAUSE,2.094,0.0000,19.17,0.00,143.22,124.05,
14.603,2,PAUSE,2.144,0.0000,19.17,0.00,143.22,124.05,
14.652,2,PAUSE,2.194,0.0000,19.17,0.00,143.22,124.05,
14.703,2,PAUSE,2.245,0.0000,19.20,0.00,143.22,124.02,
14.752,2,PAUSE,2.294,0.0000,19.16,0.00,143.22,124.05,
14.802,2,PAUSE,2.344,0.0000,19.16,0.00,143.22,124.05,
14.852,2,PAUSE,2.394,0.0000,19.16,0.00,143.22,124.05,
14.903,2,PAUSE,2.445,0.0000,19.16,0.00,143.22,124.05,
14.952,2,PAUSE,2.494,0.0000,19.17,0.00,143.22,124.05,
15.002,2,PAUSE,2.544,0.0000,19.17,0.00,143.22,124.05,
15.052,2,PAUSE,2.594,0.0000,19.17,0.00,143.22,124.05,
15.102,2,PAUSE,2.644,0.0000,19.17,0.00,143.22,124.05,
15.152,2,PAUSE,2.694,0.0000,19.18,0.00,143.22,124.04,
15.202,2,PAUSE,2.744,0.0000,19.18,0.00,143.22,124.03,
15.252,2,PAUSE,2.794,0.0000,19.18,0.00,143.22,124.03,
15.302,2,PAUSE,2.844,0.0000,19.18,0.00,143.22,124.03,
15.352,2,PAUSE,2.894,0.0000,19.18,0.00,143.22,124.03,
15.402,2,PAUSE,2.944,0.0000,19.16,0.00,143.22,124.06,
15.452,2,PAUSE,2.994,0.0000,19.16,0.00,143.22,124.06,
15.506,2,SPIN,0.001,0.0000,0.00,0.00,0.00,0.00,
15.552,2,SPIN,0.048,1.0000,0.00,0.00,0.00,0.00,
15.602,2,SPIN,0.098,1.0000,0.00,0.00,2.87,2.87,
15.652,2,SPIN,0.148,1.0000,0.00,0.00,5.72,5.72,
15.702,2,SPIN,0.198,1.0000,0.00,0.00,8.59,8.59,
15.752,2,SPIN,0.248,1.0000,0.00,0.00,11.45,11.45,
15.802,2,SPIN,0.298,1.0000,0.00,0.00,14.33,14.33,
15.852,2,SPIN,0.348,1.0000,0.00,0.00,17.19,17.19,
15.903,2,SPIN,0.398,1.0000,0.00,0.00,20.10,20.10,
15.952,2,SPIN,0.448,1.0000,0.00,0.00,22.92,22.92,
16.003,2,SPIN,0.498,1.0000,0.00,0.00,25.82,25.82,
16.052,2,SPIN,0.548,1.0000,0.00,0.00,28.65,28.65,
16.102,2,SPIN,0.598,1.0000,0.00,0.00,31.51,31.51,
16.152,2,SPIN,0.648,1.0000,0.00,0.00,34.37,34.37,
16.202,2,SPIN,0.698,1.0000,0.00,0.00,37.24,37.24,
16.252,2,SPIN,0.748,1.0000,0.02,0.00,40.10,40.09,
16.302,2,SPIN,0.798,1.0000,2.31,0.00,42.97,40.66,
16.354,2,SPIN,0.849,1.0000,3.76,0.00,45.93,42.16,
16.402,2,SPIN,0.898,1.0000,4.90,0.00,48.70,43.80,
16.452,2,SPIN,0.948,1.0000,5.51,0.00,51.57,46.06,
16.503,2,SPIN,0.998,1.0000,5.51,0.00,54.44,48.94,
16.552,2,SPIN,1.048,1.0000,5.51,0.00,57.29,51.79,
16.604,2,SPIN,1.100,1.0000,6.31,0.00,60.25,53.93,
16.652,2,SPIN,1.148,1.0000,9.83,0.00,63.02,53.19,
16.703,2,SPIN,1.198,1.0000,10.66,0.00,65.90,55.25,
16.754,2,SPIN,1.250,1.0000,11.82,0.00,68.85,57.03,
16.804,2,SPIN,1.301,1.0000,12.17,0.00,71.65,59.49,
16.852,2,SPIN,1.347,1.0000,12.28,0.00,74.47,62.19,
16.902,2,SPIN,1.397,1.0000,12.70,0.00,77.32,64.62,
16.952,2,SPIN,1.447,1.0000,12.70,0.00,80.20,67.49,
17.003,2,SPIN,1.498,1.0000,12.72,0.00,83.10,70.38,
17.052,2,SPIN,1.547,1.0000,12.75,0.00,85.92,73.17,
17.102,2,SPIN,1.597,1.0000,12.75,0.00,88.79,76.04,
17.152,2,SPIN,1.647,1.0000,12.75,0.00,91.66,78.92,
17.204,2,SPIN,1.699,1.0000,12.75,0.00,94.61,81.86,
17.253,2,SPIN,1.748,1.0000,12.76,0.00,97.42,84.65,
17.302,2,SPIN,1.798,1.0000,12.75,0.00,100.26,87.51,
17.352,2,SPIN,1.847,1.0000,12.76,0.00,103.12,90.36,
17.402,2,SPIN,1.898,1.0000,12.75,0.00,105.99,93.24,
17.452,2,SPIN,1.947,1.0000,12.77,0.00,108.85,96.08,
17.503,2,SPIN,1.999,1.0000,12.76,0.00,111.78,99.03,
17.552,2,SPIN,2.047,1.0000,12.76,0.00,114.58,101.82,
17.603,2,SPIN,2.098,1.0000,12.76,0.00,117.50,104.74,
17.652,2,SPIN,2.147,1.0000,12.79,0.00,120.31,107.52,
17.702,2,SPIN,2.198,1.0000,12.80,0.00,123.18,110.38,
17.752,2,SPIN,2.247,1.0000,12.80,0.00,126.04,113.24,
17.802,2,SPIN,2.297,1.0000,12.80,0.00,128.91,116.11,
17.852,2,SPIN,2.347,1.0000,12.78,0.00,131.77,118.99,
17.902,2,SPIN,2.398,1.0000,12.77,0.00,134.64,121.87,
17.952,2,SPIN,2.448,1.0000,12.80,0.00,137.50,124.70,
18.002,2,SPIN,2.498,1.0000,12.81,0.00,140.37,127.56,
18.054,2,SPIN,2.550,0.0000,12.82,0.00,143.23,130.41,FIN_SPIN_rep2
18.056,2,COAST,0.001,0.0000,12.82,0.00,143.23,130.41,
18.102,2,COAST,0.047,0.0000,12.82,0.00,143.23,130.41,
18.152,2,COAST,0.097,0.0000,12.82,0.00,143.23,130.41,
18.202,2,COAST,0.147,0.0000,12.84,0.00,143.23,130.39,
18.252,2,COAST,0.197,0.0000,12.79,0.00,143.23,130.44,
18.303,2,COAST,0.248,0.0000,12.79,0.00,143.23,130.44,
18.352,2,COAST,0.297,0.0000,12.79,0.00,143.23,130.44,
18.402,2,COAST,0.347,0.0000,12.79,0.00,143.23,130.44,
18.452,2,COAST,0.397,0.0000,12.79,0.00,143.23,130.44,
18.502,2,COAST,0.447,0.0000,12.79,0.00,143.23,130.44,
18.552,2,COAST,0.498,0.0000,12.79,0.00,143.23,130.44,
18.602,2,COAST,0.548,0.0000,12.79,0.00,143.23,130.44,
18.652,2,COAST,0.597,0.0000,12.82,0.00,143.23,130.41,
18.702,2,COAST,0.647,0.0000,12.78,0.00,143.23,130.45,
18.752,2,COAST,0.697,0.0000,12.79,0.00,143.23,130.44,
18.802,2,COAST,0.747,0.0000,12.82,0.00,143.23,130.41,
18.852,2,COAST,0.797,0.0000,12.82,0.00,143.23,130.41,
18.902,2,COAST,0.847,0.0000,12.81,0.00,143.23,130.42,
18.952,2,COAST,0.897,0.0000,12.79,0.00,143.23,130.43,
19.002,2,COAST,0.947,0.0000,12.79,0.00,143.23,130.44,
19.052,2,COAST,0.997,0.0000,12.81,0.00,143.23,130.42,
19.103,2,COAST,1.048,0.0000,12.78,0.00,143.23,130.45,
19.152,2,COAST,1.097,0.0000,12.78,0.00,143.23,130.45,
19.202,2,COAST,1.147,0.0000,12.78,0.00,143.23,130.45,
19.252,2,COAST,1.197,0.0000,12.79,0.00,143.23,130.44,
19.302,2,COAST,1.247,0.0000,12.80,0.00,143.23,130.43,
19.353,2,COAST,1.298,0.0000,12.83,0.00,143.23,130.40,
19.402,2,COAST,1.347,0.0000,12.77,0.00,143.23,130.45,
19.454,2,COAST,1.399,0.0000,12.78,0.00,143.23,130.45,
19.502,2,COAST,1.447,0.0000,12.80,0.00,143.23,130.43,
19.552,2,COAST,1.497,0.0000,12.79,0.00,143.23,130.44,
19.602,2,COAST,1.547,0.0000,12.80,0.00,143.23,130.43,
19.653,2,COAST,1.598,0.0000,12.79,0.00,143.23,130.43,
19.702,2,COAST,1.647,0.0000,12.79,0.00,143.23,130.44,
19.752,2,COAST,1.697,0.0000,12.79,0.00,143.23,130.44,
19.803,2,COAST,1.748,0.0000,12.79,0.00,143.23,130.44,
19.852,2,COAST,1.797,0.0000,12.79,0.00,143.23,130.44,
19.904,2,COAST,1.849,0.0000,12.81,0.00,143.23,130.42,
19.952,2,COAST,1.897,0.0000,12.80,0.00,143.23,130.43,
20.003,2,COAST,1.948,0.0000,12.78,0.00,143.23,130.45,
20.052,2,COAST,1.997,0.0000,12.80,0.00,143.23,130.42,
20.104,2,COAST,2.050,0.0000,12.81,0.00,143.23,130.42,FIN_COAST_rep2
20.108,3,PAUSE,0.001,0.0000,12.81,0.00,143.23,130.42,
20.152,3,PAUSE,0.045,0.0000,12.81,0.00,143.23,130.42,
20.202,3,PAUSE,0.095,0.0000,12.81,0.00,143.23,130.42,
20.253,3,PAUSE,0.146,0.0000,12.81,0.00,143.23,130.42,
20.302,3,PAUSE,0.195,0.0000,12.79,0.00,143.23,130.44,
20.352,3,PAUSE,0.245,0.0000,12.82,0.00,143.23,130.41,
20.402,3,PAUSE,0.295,0.0000,12.78,0.00,143.23,130.45,
20.452,3,PAUSE,0.345,0.0000,12.79,0.00,143.23,130.44,
20.502,3,PAUSE,0.395,0.0000,12.79,0.00,143.23,130.44,
20.552,3,PAUSE,0.445,0.0000,12.79,0.00,143.23,130.44,
20.604,3,PAUSE,0.497,0.0000,12.80,0.00,143.23,130.42,
20.652,3,PAUSE,0.545,0.0000,12.81,0.00,143.23,130.42,
20.702,3,PAUSE,0.595,0.0000,12.78,0.00,143.23,130.45,
20.753,3,PAUSE,0.646,0.0000,12.82,0.00,143.23,130.41,
20.804,3,PAUSE,0.697,0.0000,12.78,0.00,143.23,130.45,
20.852,3,PAUSE,0.745,0.0000,12.78,0.00,143.23,130.45,
20.903,3,PAUSE,0.796,0.0000,12.78,0.00,143.23,130.45,
20.953,3,PAUSE,0.846,0.0000,12.80,0.00,143.23,130.43,
21.002,3,PAUSE,0.895,0.0000,12.78,0.00,143.23,130.45,
21.053,3,PAUSE,0.946,0.0000,12.83,0.00,143.23,130.40,
21.102,3,PAUSE,0.995,0.0000,12.78,0.00,143.23,130.45,
21.152,3,PAUSE,1.045,0.0000,12.78,0.00,143.23,130.45,
21.202,3,PAUSE,1.095,0.0000,12.78,0.00,143.23,130.45,
21.252,3,PAUSE,1.145,0.0000,12.78,0.00,143.23,130.45,
21.302,3,PAUSE,1.195,0.0000,12.79,0.00,143.23,130.44,
21.352,3,PAUSE,1.245,0.0000,12.81,0.00,143.23,130.42,
21.402,3,PAUSE,1.295,0.0000,12.78,0.00,143.23,130.45,
21.452,3,PAUSE,1.345,0.0000,12.81,0.00,143.23,130.42,
21.503,3,PAUSE,1.396,0.0000,12.79,0.00,143.23,130.44,
21.552,3,PAUSE,1.445,0.0000,12.79,0.00,143.23,130.44,
21.602,3,PAUSE,1.495,0.0000,12.79,0.00,143.23,130.44,
21.654,3,PAUSE,1.547,0.0000,12.80,0.00,143.23,130.43,
21.702,3,PAUSE,1.595,0.0000,12.78,0.00,143.23,130.45,
21.754,3,PAUSE,1.647,0.0000,12.81,0.00,143.23,130.42,
21.803,3,PAUSE,1.696,0.0000,12.77,0.00,143.23,130.46,
21.852,3,PAUSE,1.745,0.0000,12.78,0.00,143.23,130.44,
21.904,3,PAUSE,1.797,0.0000,12.78,0.00,143.23,130.44,
21.952,3,PAUSE,1.845,0.0000,12.78,0.00,143.23,130.44,
22.003,3,PAUSE,1.896,0.0000,12.79,0.00,143.23,130.44,
22.052,3,PAUSE,1.945,0.0000,12.81,0.00,143.23,130.42,
22.104,3,PAUSE,1.997,0.0000,12.77,0.00,143.23,130.46,
22.153,3,PAUSE,2.046,0.0000,12.81,0.00,143.23,130.42,
22.202,3,PAUSE,2.095,0.0000,12.78,0.00,143.23,130.45,
22.252,3,PAUSE,2.145,0.0000,12.78,0.00,143.23,130.45,
22.302,3,PAUSE,2.195,0.0000,12.78,0.00,143.23,130.45,
22.353,3,PAUSE,2.246,0.0000,12.78,0.00,143.23,130.45,
22.402,3,PAUSE,2.295,0.0000,12.77,0.00,143.23,130.46,
22.452,3,PAUSE,2.345,0.0000,12.79,0.00,143.23,130.44,
22.502,3,PAUSE,2.395,0.0000,12.77,0.00,143.23,130.46,
22.552,3,PAUSE,2.445,0.0000,12.79,0.00,143.23,130.44,
22.602,3,PAUSE,2.495,0.0000,12.79,0.00,143.23,130.44,
22.652,3,PAUSE,2.545,0.0000,12.79,0.00,143.23,130.44,
22.702,3,PAUSE,2.595,0.0000,12.80,0.00,143.23,130.43,
22.754,3,PAUSE,2.647,0.0000,12.82,0.00,143.23,130.41,
22.802,3,PAUSE,2.695,0.0000,12.77,0.00,143.23,130.45,
22.852,3,PAUSE,2.745,0.0000,12.81,0.00,143.23,130.42,
22.902,3,PAUSE,2.795,0.0000,12.76,0.00,143.23,130.46,
22.952,3,PAUSE,2.845,0.0000,12.76,0.00,143.23,130.46,
23.002,3,PAUSE,2.895,0.0000,12.76,0.00,143.23,130.46,
23.052,3,PAUSE,2.945,0.0000,12.79,0.00,143.23,130.44,
23.102,3,PAUSE,2.995,0.0000,12.77,0.00,143.23,130.46,
23.155,3,SPIN,0.001,0.0000,0.00,0.00,0.00,0.00,
23.203,3,SPIN,0.049,1.0000,-0.05,0.00,0.00,0.05,
23.252,3,SPIN,0.098,1.0000,-0.02,0.00,2.84,2.86,
23.302,3,SPIN,0.148,1.0000,0.05,0.00,5.71,5.66,
23.352,3,SPIN,0.198,1.0000,0.05,0.00,8.56,8.51,
23.403,3,SPIN,0.249,1.0000,0.05,0.00,11.49,11.44,
23.452,3,SPIN,0.298,1.0000,0.05,0.00,14.30,14.25,
23.504,3,SPIN,0.350,1.0000,0.05,0.00,17.28,17.23,
23.552,3,SPIN,0.398,1.0000,0.09,0.00,20.03,19.94,
23.602,3,SPIN,0.448,1.0000,0.06,0.00,22.89,22.83,
23.653,3,SPIN,0.498,1.0000,0.06,0.00,25.77,25.71,
23.702,3,SPIN,0.548,1.0000,0.06,0.00,28.63,28.57,
23.753,3,SPIN,0.599,1.0000,0.08,0.00,31.52,31.44,
23.802,3,SPIN,0.648,1.0000,0.09,0.00,34.35,34.26,
23.852,3,SPIN,0.698,1.0000,0.17,0.00,37.22,37.05,
23.902,3,SPIN,0.748,1.0000,0.18,0.00,40.08,39.90,
23.952,3,SPIN,0.798,1.0000,0.23,0.00,42.94,42.71,
24.002,3,SPIN,0.848,1.0000,0.23,0.00,45.82,45.59,
24.052,3,SPIN,0.898,1.0000,0.23,0.00,48.68,48.44,
24.104,3,SPIN,0.950,1.0000,0.22,0.00,51.64,51.42,
24.154,3,SPIN,1.000,1.0000,0.31,0.00,54.48,54.17,
24.202,3,SPIN,1.048,1.0000,0.31,0.00,57.27,56.96,
24.252,3,SPIN,1.098,1.0000,0.34,0.00,60.13,59.79,
24.303,3,SPIN,1.148,1.0000,0.29,0.00,63.01,62.72,
24.352,3,SPIN,1.198,1.0000,0.30,0.00,65.86,65.56,
24.403,3,SPIN,1.248,1.0000,0.30,0.00,68.75,68.45,
24.452,3,SPIN,1.298,1.0000,0.33,0.00,71.59,71.26,
24.503,3,SPIN,1.349,1.0000,0.33,0.00,74.51,74.18,
24.552,3,SPIN,1.398,1.0000,0.36,0.00,77.32,76.96,
24.602,3,SPIN,1.448,1.0000,0.31,0.00,80.19,79.88,
24.652,3,SPIN,1.498,1.0000,0.34,0.00,83.05,82.71,
24.702,3,SPIN,1.548,1.0000,0.34,0.00,85.92,85.58,
24.752,3,SPIN,1.598,1.0000,0.34,0.00,88.78,88.44,
24.802,3,SPIN,1.648,1.0000,0.43,0.00,91.66,91.23,
24.852,3,SPIN,1.698,1.0000,0.49,0.00,94.51,94.02,
24.903,3,SPIN,1.749,1.0000,0.47,0.00,97.39,96.92,
24.954,3,SPIN,1.800,1.0000,0.50,0.00,100.34,99.84,
25.004,3,SPIN,1.850,1.0000,0.52,0.00,103.20,102.68,
25.053,3,SPIN,1.899,1.0000,0.52,0.00,105.98,105.46,
25.102,3,SPIN,1.948,1.0000,0.52,0.00,108.84,108.32,
25.153,3,SPIN,1.999,1.0000,0.53,0.00,111.75,111.23,
25.202,3,SPIN,2.048,1.0000,0.52,0.00,114.56,114.04,
25.252,3,SPIN,2.098,1.0000,0.52,0.00,117.43,116.90,
25.302,3,SPIN,2.148,1.0000,0.53,0.00,120.30,119.76,
25.353,3,SPIN,2.199,1.0000,0.54,0.00,123.22,122.68,
25.402,3,SPIN,2.248,1.0000,0.50,0.00,126.02,125.53,
25.452,3,SPIN,2.298,1.0000,0.57,0.00,128.89,128.32,
25.503,3,SPIN,2.349,1.0000,0.53,0.00,131.79,131.26,
25.552,3,SPIN,2.398,1.0000,0.54,0.00,134.61,134.07,
25.602,3,SPIN,2.448,1.0000,0.49,0.00,137.49,137.00,
25.653,3,SPIN,2.499,1.0000,0.57,0.00,140.36,139.79,
25.706,3,SPIN,2.552,0.0000,0.52,0.00,143.30,142.78,FIN_SPIN_rep3
25.708,3,COAST,0.001,0.0000,0.52,0.00,143.30,142.78,
25.752,3,COAST,0.045,0.0000,0.58,0.00,143.30,142.72,
25.803,3,COAST,0.096,0.0000,0.49,0.00,143.30,142.81,
25.853,3,COAST,0.146,0.0000,0.52,0.00,143.30,142.78,
25.904,3,COAST,0.197,0.0000,0.50,0.00,143.30,142.80,
25.953,3,COAST,0.247,0.0000,0.52,0.00,143.30,142.78,
26.003,3,COAST,0.296,0.0000,0.50,0.00,143.30,142.80,
26.054,3,COAST,0.347,0.0000,0.52,0.00,143.30,142.78,
26.102,3,COAST,0.396,0.0000,0.51,0.00,143.30,142.79,
26.152,3,COAST,0.445,0.0000,0.51,0.00,143.30,142.79,
26.202,3,COAST,0.495,0.0000,0.50,0.00,143.30,142.80,
26.252,3,COAST,0.545,0.0000,0.51,0.00,143.30,142.79,
26.303,3,COAST,0.596,0.0000,0.49,0.00,143.30,142.81,
26.352,3,COAST,0.645,0.0000,0.52,0.00,143.30,142.78,
26.402,3,COAST,0.695,0.0000,0.47,0.00,143.30,142.82,
26.452,3,COAST,0.745,0.0000,0.53,0.00,143.30,142.77,
26.503,3,COAST,0.796,0.0000,0.50,0.00,143.30,142.80,
26.552,3,COAST,0.846,0.0000,0.52,0.00,143.30,142.78,
26.602,3,COAST,0.895,0.0000,0.48,0.00,143.30,142.82,
26.652,3,COAST,0.945,0.0000,0.51,0.00,143.30,142.79,
26.702,3,COAST,0.995,0.0000,0.47,0.00,143.30,142.83,
26.752,3,COAST,1.045,0.0000,0.50,0.00,143.30,142.80,
26.802,3,COAST,1.095,0.0000,0.50,0.00,143.30,142.80,
26.852,3,COAST,1.146,0.0000,0.51,0.00,143.30,142.79,
26.905,3,COAST,1.199,0.0000,0.47,0.00,143.30,142.83,
26.952,3,COAST,1.246,0.0000,0.49,0.00,143.30,142.81,
27.002,3,COAST,1.295,0.0000,0.49,0.00,143.30,142.81,
27.053,3,COAST,1.346,0.0000,0.49,0.00,143.30,142.81,
27.102,3,COAST,1.395,0.0000,0.48,0.00,143.30,142.81,
27.153,3,COAST,1.446,0.0000,0.48,0.00,143.30,142.81,
27.202,3,COAST,1.496,0.0000,0.48,0.00,143.30,142.81,
27.253,3,COAST,1.546,0.0000,0.48,0.00,143.30,142.82,
27.303,3,COAST,1.596,0.0000,0.48,0.00,143.30,142.81,
27.352,3,COAST,1.645,0.0000,0.48,0.00,143.30,142.81,
27.402,3,COAST,1.696,0.0000,0.48,0.00,143.30,142.81,
27.452,3,COAST,1.745,0.0000,0.52,0.00,143.30,142.78,
27.502,3,COAST,1.795,0.0000,0.52,0.00,143.30,142.78,
27.552,3,COAST,1.845,0.0000,0.52,0.00,143.30,142.78,
27.603,3,COAST,1.896,0.0000,0.48,0.00,143.30,142.82,
27.654,3,COAST,1.947,0.0000,0.48,0.00,143.30,142.82,
27.702,3,COAST,1.995,0.0000,0.48,0.00,143.30,142.82,
27.754,3,COAST,2.048,0.0000,0.48,0.00,143.30,142.82,FIN_COAST_rep3
27.758,4,PAUSE,0.001,0.0000,0.48,0.00,143.30,142.82,
27.802,4,PAUSE,0.045,0.0000,0.48,0.00,143.30,142.82,
27.852,4,PAUSE,0.095,0.0000,0.46,0.00,143.30,142.83,
27.904,4,PAUSE,0.147,0.0000,0.46,0.00,143.30,142.83,
27.952,4,PAUSE,0.195,0.0000,0.46,0.00,143.30,142.83,
28.003,4,PAUSE,0.246,0.0000,0.51,0.00,143.30,142.79,
28.052,4,PAUSE,0.295,0.0000,0.51,0.00,143.30,142.79,
28.103,4,PAUSE,0.345,0.0000,0.51,0.00,143.30,142.79,
28.152,4,PAUSE,0.395,0.0000,0.51,0.00,143.30,142.79,
28.202,4,PAUSE,0.445,0.0000,0.51,0.00,143.30,142.79,
28.253,4,PAUSE,0.496,0.0000,0.51,0.00,143.30,142.79,
28.302,4,PAUSE,0.545,0.0000,0.48,0.00,143.30,142.81,
28.352,4,PAUSE,0.595,0.0000,0.48,0.00,143.30,142.81,
28.403,4,PAUSE,0.646,0.0000,0.48,0.00,143.30,142.81,
28.452,4,PAUSE,0.695,0.0000,0.48,0.00,143.30,142.81,
28.504,4,PAUSE,0.747,0.0000,0.50,0.00,143.30,142.80,
28.552,4,PAUSE,0.795,0.0000,0.50,0.00,143.30,142.80,
28.602,4,PAUSE,0.845,0.0000,0.50,0.00,143.30,142.80,
28.652,4,PAUSE,0.895,0.0000,0.50,0.00,143.30,142.80,
28.704,4,PAUSE,0.947,0.0000,0.49,0.00,143.30,142.81,
28.752,4,PAUSE,0.995,0.0000,0.50,0.00,143.30,142.80,
28.803,4,PAUSE,1.046,0.0000,0.50,0.00,143.30,142.80,
28.853,4,PAUSE,1.096,0.0000,0.50,0.00,143.30,142.80,
28.902,4,PAUSE,1.145,0.0000,0.50,0.00,143.30,142.80,
28.954,4,PAUSE,1.197,0.0000,0.51,0.00,143.30,142.79,
29.002,4,PAUSE,1.245,0.0000,0.51,0.00,143.30,142.79,
29.052,4,PAUSE,1.295,0.0000,0.51,0.00,143.30,142.79,
29.102,4,PAUSE,1.345,0.0000,0.51,0.00,143.30,142.79,
29.152,4,PAUSE,1.395,0.0000,0.51,0.00,143.30,142.79,
29.202,4,PAUSE,1.445,0.0000,0.51,0.00,143.30,142.79,
29.254,4,PAUSE,1.497,0.0000,0.50,0.00,143.30,142.80,
29.302,4,PAUSE,1.545,0.0000,0.47,0.00,143.30,142.83,
29.352,4,PAUSE,1.595,0.0000,0.47,0.00,143.30,142.83,
29.402,4,PAUSE,1.645,0.0000,0.47,0.00,143.30,142.83,
29.452,4,PAUSE,1.695,0.0000,0.47,0.00,143.30,142.83,
29.504,4,PAUSE,1.747,0.0000,0.48,0.00,143.30,142.82,
29.554,4,PAUSE,1.797,0.0000,0.49,0.00,143.30,142.81,
29.602,4,PAUSE,1.845,0.0000,0.49,0.00,143.30,142.81,
29.653,4,PAUSE,1.896,0.0000,0.49,0.00,143.30,142.81,
29.702,4,PAUSE,1.945,0.0000,0.49,0.00,143.30,142.81,
29.753,4,PAUSE,1.996,0.0000,0.49,0.00,143.30,142.80,
29.802,4,PAUSE,2.045,0.0000,0.49,0.00,143.30,142.80,
29.852,4,PAUSE,2.095,0.0000,0.49,0.00,143.30,142.80,
29.902,4,PAUSE,2.145,0.0000,0.49,0.00,143.30,142.80,
29.953,4,PAUSE,2.196,0.0000,0.50,0.00,143.30,142.80,
30.002,4,PAUSE,2.245,0.0000,0.49,0.00,143.30,142.81,
30.052,4,PAUSE,2.295,0.0000,0.49,0.00,143.30,142.81,
30.102,4,PAUSE,2.345,0.0000,0.49,0.00,143.30,142.81,
30.152,4,PAUSE,2.395,0.0000,0.49,0.00,143.30,142.81,
30.202,4,PAUSE,2.445,0.0000,0.49,0.00,143.30,142.81,
30.252,4,PAUSE,2.495,0.0000,0.47,0.00,143.30,142.83,
30.302,4,PAUSE,2.545,0.0000,0.47,0.00,143.30,142.83,
30.352,4,PAUSE,2.595,0.0000,0.47,0.00,143.30,142.83,
30.402,4,PAUSE,2.645,0.0000,0.47,0.00,143.30,142.83,
30.452,4,PAUSE,2.695,0.0000,0.50,0.00,143.30,142.80,
30.504,4,PAUSE,2.747,0.0000,0.50,0.00,143.30,142.80,
30.552,4,PAUSE,2.796,0.0000,0.50,0.00,143.30,142.80,
30.603,4,PAUSE,2.846,0.0000,0.50,0.00,143.30,142.80,
30.653,4,PAUSE,2.896,0.0000,0.48,0.00,143.30,142.82,
30.703,4,PAUSE,2.946,0.0000,0.52,0.00,143.30,142.78,
30.752,4,PAUSE,2.995,0.0000,0.52,0.00,143.30,142.78,
30.806,4,SPIN,0.001,0.0000,0.00,0.00,0.00,0.00,
30.853,4,SPIN,0.048,1.0000,0.00,0.00,0.00,-0.00,
30.903,4,SPIN,0.098,1.0000,0.00,0.00,2.85,2.85,
30.952,4,SPIN,0.148,1.0000,0.00,0.00,5.70,5.70,
31.003,4,SPIN,0.198,1.0000,0.00,0.00,8.58,8.58,
31.053,4,SPIN,0.248,1.0000,-0.02,0.00,11.45,11.47,
31.102,4,SPIN,0.297,1.0000,-0.01,0.00,14.29,14.30,
31.152,4,SPIN,0.348,1.0000,-0.01,0.00,17.16,17.17,
31.203,4,SPIN,0.398,1.0000,-0.01,0.00,20.05,20.05,
31.252,4,SPIN,0.447,1.0000,-0.01,0.00,22.89,22.90,
31.303,4,SPIN,0.499,1.0000,0.05,0.00,25.81,25.76,
31.352,4,SPIN,0.547,1.0000,0.07,0.00,28.61,28.54,
31.402,4,SPIN,0.597,1.0000,0.34,0.00,31.48,31.14,
31.452,4,SPIN,0.648,1.0000,0.51,0.00,34.35,33.84,
31.503,4,SPIN,0.699,1.0000,0.59,0.00,37.28,36.69,
31.552,4,SPIN,0.747,1.0000,0.73,0.00,40.07,39.34,
31.602,4,SPIN,0.798,1.0000,0.73,0.00,42.95,42.21,
31.652,4,SPIN,0.847,1.0000,1.50,0.00,45.80,44.30,
31.702,4,SPIN,0.898,1.0000,2.08,0.00,48.67,46.59,
31.752,4,SPIN,0.947,1.0000,3.02,0.00,51.53,48.51,
31.803,4,SPIN,0.999,1.0000,5.12,0.00,54.46,49.34,
31.852,4,SPIN,1.047,1.0000,5.46,0.00,57.27,51.81,
31.902,4,SPIN,1.098,1.0000,5.46,0.00,60.13,54.68,
31.952,4,SPIN,1.148,1.0000,5.46,0.00,63.00,57.55,
32.005,4,SPIN,1.200,1.0000,10.26,0.00,65.99,55.74,
32.052,4,SPIN,1.248,1.0000,12.32,0.00,68.73,56.41,
32.102,4,SPIN,1.298,1.0000,12.75,0.00,71.59,58.84,
32.153,4,SPIN,1.348,1.0000,13.17,0.00,74.47,61.30,
32.202,4,SPIN,1.397,1.0000,13.38,0.00,77.32,63.94,
32.254,4,SPIN,1.449,1.0000,13.38,0.00,80.27,66.88,
32.302,4,SPIN,1.498,1.0000,13.38,0.00,83.06,69.67,
32.353,4,SPIN,1.548,1.0000,14.95,0.00,85.95,71.00,
32.402,4,SPIN,1.597,1.0000,17.10,0.00,88.78,71.68,
32.452,4,SPIN,1.647,1.0000,17.27,0.00,91.64,74.37,
32.503,4,SPIN,1.698,1.0000,17.11,0.00,94.53,77.42,
32.552,4,SPIN,1.747,1.0000,17.15,0.00,97.37,80.23,
32.603,4,SPIN,1.798,1.0000,17.13,0.00,100.26,83.13,
32.654,4,SPIN,1.849,1.0000,17.12,0.00,103.18,86.06,
32.703,4,SPIN,1.898,1.0000,17.14,0.00,105.99,88.85,
32.752,4,SPIN,1.947,1.0000,17.11,0.00,108.83,91.72,
32.803,4,SPIN,1.999,1.0000,17.12,0.00,111.77,94.64,
32.852,4,SPIN,2.047,1.0000,17.12,0.00,114.56,97.44,
32.902,4,SPIN,2.098,1.0000,17.12,0.00,117.43,100.31,
32.952,4,SPIN,2.147,1.0000,17.11,0.00,120.28,103.17,
33.002,4,SPIN,2.197,1.0000,17.12,0.00,123.13,106.01,
33.052,4,SPIN,2.247,1.0000,17.14,0.00,126.00,108.86,
33.102,4,SPIN,2.297,1.0000,17.10,0.00,128.87,111.77,
33.152,4,SPIN,2.347,1.0000,17.14,0.00,131.72,114.58,
33.202,4,SPIN,2.397,1.0000,17.14,0.00,134.59,117.45,
33.252,4,SPIN,2.447,1.0000,17.14,0.00,137.46,120.32,
33.302,4,SPIN,2.497,1.0000,17.16,0.00,140.33,123.17,
33.353,4,SPIN,2.548,0.0000,17.13,0.00,143.19,126.06,FIN_SPIN_rep4
33.354,4,COAST,0.001,0.0000,17.13,0.00,143.19,126.06,
33.402,4,COAST,0.048,0.0000,17.11,0.00,143.19,126.08,
33.452,4,COAST,0.098,0.0000,17.14,0.00,143.19,126.05,
33.502,4,COAST,0.148,0.0000,17.11,0.00,143.19,126.08,
33.552,4,COAST,0.198,0.0000,17.11,0.00,143.19,126.08,
33.602,4,COAST,0.249,0.0000,17.11,0.00,143.19,126.08,
33.652,4,COAST,0.299,0.0000,17.12,0.00,143.19,126.07,
33.703,4,COAST,0.350,0.0000,17.10,0.00,143.19,126.09,
33.752,4,COAST,0.399,0.0000,17.12,0.00,143.19,126.07,
33.803,4,COAST,0.449,0.0000,17.12,0.00,143.19,126.07,
33.852,4,COAST,0.499,0.0000,17.12,0.00,143.19,126.07,
33.902,4,COAST,0.549,0.0000,17.12,0.00,143.19,126.07,
33.952,4,COAST,0.599,0.0000,17.12,0.00,143.19,126.07,
34.003,4,COAST,0.650,0.0000,17.12,0.00,143.19,126.07,
34.052,4,COAST,0.699,0.0000,17.11,0.00,143.19,126.08,
34.102,4,COAST,0.749,0.0000,17.11,0.00,143.19,126.08,
34.152,4,COAST,0.799,0.0000,17.10,0.00,143.19,126.08,
34.202,4,COAST,0.849,0.0000,17.10,0.00,143.19,126.08,
34.252,4,COAST,0.899,0.0000,17.12,0.00,143.19,126.07,
34.303,4,COAST,0.950,0.0000,17.11,0.00,143.19,126.08,
34.352,4,COAST,0.999,0.0000,17.11,0.00,143.19,126.07,
34.402,4,COAST,1.049,0.0000,17.11,0.00,143.19,126.08,
34.452,4,COAST,1.099,0.0000,17.11,0.00,143.19,126.08,
34.502,4,COAST,1.148,0.0000,17.11,0.00,143.19,126.08,
34.553,4,COAST,1.199,0.0000,17.11,0.00,143.19,126.08,
34.602,4,COAST,1.249,0.0000,17.12,0.00,143.19,126.07,
34.653,4,COAST,1.299,0.0000,17.70,0.00,143.19,125.49,
34.703,4,COAST,1.350,0.0000,17.89,0.00,143.19,125.30,
34.752,4,COAST,1.399,0.0000,18.30,0.00,143.19,124.89,
34.802,4,COAST,1.449,0.0000,18.98,0.00,143.19,124.20,
34.852,4,COAST,1.499,0.0000,18.98,0.00,143.19,124.20,
34.902,4,COAST,1.549,0.0000,18.98,0.00,143.19,124.20,
34.953,4,COAST,1.600,0.0000,20.00,0.00,143.19,123.19,
35.002,4,COAST,1.649,0.0000,23.39,0.00,143.19,119.80,
35.052,4,COAST,1.699,0.0000,24.59,0.00,143.19,118.60,
35.102,4,COAST,1.749,0.0000,24.59,0.00,143.19,118.60,
35.152,4,COAST,1.799,0.0000,24.59,0.00,143.19,118.60,
35.202,4,COAST,1.849,0.0000,24.59,0.00,143.19,118.60,
35.252,4,COAST,1.899,0.0000,24.59,0.00,143.19,118.60,
35.304,4,COAST,1.951,0.0000,24.59,0.00,143.19,118.60,
35.352,4,COAST,1.999,0.0000,88.84,0.00,143.19,54.34,
35.404,4,COAST,2.051,0.0000,88.92,0.00,143.19,54.27,FIN_COAST_rep4
35.408,5,PAUSE,0.001,0.0000,88.92,0.00,143.19,54.27,
35.452,5,PAUSE,0.045,0.0000,89.04,0.00,143.19,54.15,
35.503,5,PAUSE,0.095,0.0000,36.76,0.00,143.19,106.43,
35.553,5,PAUSE,0.146,0.0000,37.16,0.00,143.19,106.03,
35.602,5,PAUSE,0.195,0.0000,37.16,0.00,143.19,106.03,
35.654,5,PAUSE,0.247,0.0000,37.16,0.00,143.19,106.03,
35.702,5,PAUSE,0.295,0.0000,48.29,0.00,143.19,94.90,
35.754,5,PAUSE,0.347,0.0000,49.57,0.00,143.19,93.62,
35.802,5,PAUSE,0.395,0.0000,49.70,0.00,143.19,93.48,
35.853,5,PAUSE,0.446,0.0000,49.74,0.00,143.19,93.45,
35.903,5,PAUSE,0.495,0.0000,49.74,0.00,143.19,93.45,
35.952,5,PAUSE,0.545,0.0000,49.74,0.00,143.19,93.45,
36.002,5,PAUSE,0.595,0.0000,49.74,0.00,143.19,93.45,
36.053,5,PAUSE,0.646,0.0000,49.77,0.00,143.19,93.42,
36.102,5,PAUSE,0.695,0.0000,49.73,0.00,143.19,93.46,
36.153,5,PAUSE,0.745,0.0000,49.75,0.00,143.19,93.44,
36.203,5,PAUSE,0.796,0.0000,49.74,0.00,143.19,93.45,
36.252,5,PAUSE,0.845,0.0000,49.74,0.00,143.19,93.45,
36.302,5,PAUSE,0.895,0.0000,49.74,0.00,143.19,93.45,
36.353,5,PAUSE,0.946,0.0000,49.72,0.00,143.19,93.47,
36.402,5,PAUSE,0.995,0.0000,49.71,0.00,143.19,93.48,
36.453,5,PAUSE,1.046,0.0000,49.73,0.00,143.19,93.46,
36.503,5,PAUSE,1.095,0.0000,49.73,0.00,143.19,93.46,
36.552,5,PAUSE,1.145,0.0000,49.75,0.00,143.19,93.44,
36.602,5,PAUSE,1.195,0.0000,49.75,0.00,143.19,93.44,
36.652,5,PAUSE,1.245,0.0000,49.75,0.00,143.19,93.44,
36.702,5,PAUSE,1.295,0.0000,49.75,0.00,143.19,93.44,
36.753,5,PAUSE,1.345,0.0000,49.75,0.00,143.19,93.44,
36.802,5,PAUSE,1.395,0.0000,49.73,0.00,143.19,93.46,
36.852,5,PAUSE,1.445,0.0000,49.74,0.00,143.19,93.45,
36.903,5,PAUSE,1.496,0.0000,49.72,0.00,143.19,93.47,
36.952,5,PAUSE,1.545,0.0000,49.72,0.00,143.19,93.47,
37.002,5,PAUSE,1.595,0.0000,49.72,0.00,143.19,93.47,
37.052,5,PAUSE,1.645,0.0000,49.76,0.00,143.19,93.43,
37.103,5,PAUSE,1.696,0.0000,49.73,0.00,143.19,93.45,
37.152,5,PAUSE,1.745,0.0000,49.75,0.00,143.19,93.44,
37.204,5,PAUSE,1.797,0.0000,49.74,0.00,143.19,93.45,
37.252,5,PAUSE,1.845,0.0000,49.76,0.00,143.19,93.42,
37.303,5,PAUSE,1.895,0.0000,49.76,0.00,143.19,93.42,
37.353,5,PAUSE,1.946,0.0000,49.76,0.00,143.19,93.42,
37.403,5,PAUSE,1.996,0.0000,49.74,0.00,143.19,93.45,
37.454,5,PAUSE,2.047,0.0000,49.75,0.00,143.19,93.44,
37.505,5,PAUSE,2.098,0.0000,49.71,0.00,143.19,93.47,
37.552,5,PAUSE,2.145,0.0000,49.76,0.00,143.19,93.43,
37.604,5,PAUSE,2.197,0.0000,49.74,0.00,143.19,93.45,
37.652,5,PAUSE,2.245,0.0000,49.74,0.00,143.19,93.45,
37.703,5,PAUSE,2.296,0.0000,49.74,0.00,143.19,93.45,
37.752,5,PAUSE,2.345,0.0000,49.75,0.00,143.19,93.44,
37.802,5,PAUSE,2.395,0.0000,49.72,0.00,143.19,93.47,
37.852,5,PAUSE,2.445,0.0000,49.74,0.00,143.19,93.45,
37.902,5,PAUSE,2.494,0.0000,49.73,0.00,143.19,93.46,
37.952,5,PAUSE,2.545,0.0000,49.76,0.00,143.19,93.43,
38.002,5,PAUSE,2.595,0.0000,49.76,0.00,143.19,93.43,
38.052,5,PAUSE,2.645,0.0000,49.76,0.00,143.19,93.43,
38.103,5,PAUSE,2.696,0.0000,49.77,0.00,143.19,93.42,
38.152,5,PAUSE,2.745,0.0000,49.74,0.00,143.19,93.45,
38.202,5,PAUSE,2.795,0.0000,49.73,0.00,143.19,93.46,
38.252,5,PAUSE,2.845,0.0000,49.74,0.00,143.19,93.45,
38.303,5,PAUSE,2.896,0.0000,49.74,0.00,143.19,93.45,
38.352,5,PAUSE,2.945,0.0000,49.74,0.00,143.19,93.45,
38.402,5,PAUSE,2.995,0.0000,49.72,0.00,143.19,93.47,
38.455,5,SPIN,0.001,0.0000,0.00,0.00,0.00,0.00,
38.503,5,SPIN,0.048,1.0000,-0.00,0.00,0.00,0.00,
38.552,5,SPIN,0.098,1.0000,0.00,0.00,2.83,2.83,
38.603,5,SPIN,0.149,1.0000,-0.01,0.00,5.75,5.77,
38.653,5,SPIN,0.198,1.0000,-0.01,0.00,8.57,8.58,
38.703,5,SPIN,0.248,1.0000,-0.01,0.00,11.44,11.45,
38.754,5,SPIN,0.299,1.0000,0.26,0.00,14.38,14.12,
38.802,5,SPIN,0.348,1.0000,0.52,0.00,17.15,16.64,
38.852,5,SPIN,0.398,1.0000,0.59,0.00,20.02,19.43,
38.903,5,SPIN,0.449,1.0000,0.66,0.00,22.95,22.28,
38.952,5,SPIN,0.498,1.0000,0.69,0.00,25.75,25.06,
39.005,5,SPIN,0.550,1.0000,0.69,0.00,28.75,28.06,
39.053,5,SPIN,0.599,1.0000,0.69,0.00,31.53,30.84,
39.105,5,SPIN,0.650,1.0000,0.67,0.00,34.47,33.80,
39.152,5,SPIN,0.698,1.0000,2.55,0.00,37.20,34.65,
39.203,5,SPIN,0.749,1.0000,3.44,0.00,40.11,36.67,
39.252,5,SPIN,0.798,1.0000,4.47,0.00,42.94,38.47,
39.303,5,SPIN,0.849,1.0000,5.61,0.00,45.83,40.22,
39.352,5,SPIN,0.898,1.0000,7.34,0.00,48.67,41.34,
39.402,5,SPIN,0.948,1.0000,8.57,0.00,51.53,42.96,
39.453,5,SPIN,0.998,1.0000,10.62,0.00,54.41,43.78,
39.505,5,SPIN,1.050,1.0000,12.59,0.00,57.41,44.82,
39.552,5,SPIN,1.098,1.0000,15.46,0.00,60.13,44.67,
39.602,5,SPIN,1.148,1.0000,17.24,0.00,62.99,45.76,
39.653,5,SPIN,1.199,1.0000,19.66,0.00,65.92,46.26,
39.702,5,SPIN,1.248,1.0000,20.59,0.00,68.72,48.13,
39.752,5,SPIN,1.298,1.0000,21.65,0.00,71.59,49.94,
39.804,5,SPIN,1.349,1.0000,23.21,0.00,74.53,51.31,
39.852,5,SPIN,1.398,1.0000,24.98,0.00,77.32,52.34,
39.902,5,SPIN,1.448,1.0000,26.02,0.00,80.18,54.16,
39.953,5,SPIN,1.499,1.0000,27.33,0.00,83.11,55.78,
40.002,5,SPIN,1.548,1.0000,28.24,0.00,85.91,57.67,
40.052,5,SPIN,1.598,1.0000,29.19,0.00,88.77,59.59,
40.102,5,SPIN,1.648,1.0000,30.30,0.00,91.64,61.35,
40.153,5,SPIN,1.699,1.0000,32.13,0.00,94.55,62.41,
40.202,5,SPIN,1.748,1.0000,33.70,0.00,97.37,63.67,
40.252,5,SPIN,1.798,1.0000,35.33,0.00,100.24,64.91,
40.302,5,SPIN,1.848,1.0000,37.02,0.00,103.10,66.08,
40.352,5,SPIN,1.898,1.0000,38.61,0.00,105.96,67.35,
40.404,5,SPIN,1.950,1.0000,39.93,0.00,108.95,69.01,
40.452,5,SPIN,1.998,1.0000,42.44,0.00,111.69,69.25,
40.502,5,SPIN,2.048,1.0000,43.83,0.00,114.56,70.73,
40.552,5,SPIN,2.098,1.0000,45.52,0.00,117.44,71.91,
40.604,5,SPIN,2.149,1.0000,48.27,0.00,120.36,72.09,
40.652,5,SPIN,2.198,1.0000,50.09,0.00,123.15,73.06,
40.703,5,SPIN,2.248,1.0000,51.68,0.00,126.04,74.36,
40.753,5,SPIN,2.299,1.0000,53.74,0.00,128.95,75.20,
40.802,5,SPIN,2.348,1.0000,55.40,0.00,131.76,76.36,
40.853,5,SPIN,2.398,1.0000,56.44,0.00,134.63,78.19,
40.904,5,SPIN,2.449,1.0000,57.52,0.00,137.55,80.03,
40.952,5,SPIN,2.498,1.0000,57.52,0.00,140.35,82.82,
41.005,5,SPIN,2.551,0.0000,58.25,0.00,143.21,84.96,FIN_SPIN_rep5
41.007,5,COAST,0.001,0.0000,58.25,0.00,143.21,84.96,
41.052,5,COAST,0.047,0.0000,58.25,0.00,143.21,84.96,
41.104,5,COAST,0.099,0.0000,58.35,0.00,143.21,84.85,
41.152,5,COAST,0.147,0.0000,58.32,0.00,143.21,84.89,
41.203,5,COAST,0.197,0.0000,58.33,0.00,143.21,84.87,
41.252,5,COAST,0.247,0.0000,58.37,0.00,143.21,84.84,
41.302,5,COAST,0.297,0.0000,58.33,0.00,143.21,84.87,
41.352,5,COAST,0.347,0.0000,58.36,0.00,143.21,84.85,
41.403,5,COAST,0.398,0.0000,58.36,0.00,143.21,84.84,
41.452,5,COAST,0.447,0.0000,58.34,0.00,143.21,84.87,
41.502,5,COAST,0.497,0.0000,58.35,0.00,143.21,84.86,
41.552,5,COAST,0.547,0.0000,58.36,0.00,143.21,84.85,
41.602,5,COAST,0.597,0.0000,58.35,0.00,143.21,84.85,
41.652,5,COAST,0.647,0.0000,58.35,0.00,143.21,84.86,
41.703,5,COAST,0.697,0.0000,58.35,0.00,143.21,84.86,
41.753,5,COAST,0.747,0.0000,58.32,0.00,143.21,84.89,
41.802,5,COAST,0.797,0.0000,58.37,0.00,143.21,84.84,
41.852,5,COAST,0.846,0.0000,58.37,0.00,143.21,84.84,
41.904,5,COAST,0.898,0.0000,58.32,0.00,143.21,84.89,
41.952,5,COAST,0.947,0.0000,58.38,0.00,143.21,84.83,
42.002,5,COAST,0.997,0.0000,58.38,0.00,143.21,84.83,
42.052,5,COAST,1.047,0.0000,58.38,0.00,143.21,84.83,
42.104,5,COAST,1.099,0.0000,58.38,0.00,143.21,84.83,
42.154,5,COAST,1.148,0.0000,58.38,0.00,143.21,84.83,
42.202,5,COAST,1.196,0.0000,58.38,0.00,143.21,84.83,
42.252,5,COAST,1.247,0.0000,58.38,0.00,143.21,84.83,
42.303,5,COAST,1.297,0.0000,58.38,0.00,143.21,84.83,
42.353,5,COAST,1.347,0.0000,58.38,0.00,143.21,84.83,
42.402,5,COAST,1.397,0.0000,58.38,0.00,143.21,84.83,
42.454,5,COAST,1.448,0.0000,58.36,0.00,143.21,84.85,
42.503,5,COAST,1.497,0.0000,58.36,0.00,143.21,84.85,
42.552,5,COAST,1.547,0.0000,58.36,0.00,143.21,84.85,
42.602,5,COAST,1.597,0.0000,58.34,0.00,143.21,84.87,
42.652,5,COAST,1.647,0.0000,58.34,0.00,143.21,84.87,
42.702,5,COAST,1.697,0.0000,58.34,0.00,143.21,84.87,
42.752,5,COAST,1.747,0.0000,58.34,0.00,143.21,84.87,
42.803,5,COAST,1.797,0.0000,58.34,0.00,143.21,84.87,
42.854,5,COAST,1.848,0.0000,58.39,0.00,143.21,84.82,
42.902,5,COAST,1.897,0.0000,58.34,0.00,143.21,84.87,
42.952,5,COAST,1.947,0.0000,58.36,0.00,143.21,84.85,
43.004,5,COAST,1.999,0.0000,58.37,0.00,143.21,84.84,
43.055,5,COAST,2.049,0.0000,58.33,0.00,143.21,84.88,FIN_COAST_rep5
43.086,6,DONE,2.080,0.0000,58.33,0.00,143.21,84.88,
43.102,6,DONE,2.097,0.0000,58.33,0.00,143.21,84.88,
43.152,6,DONE,2.147,0.0000,58.33,0.00,143.21,84.88,
43.203,6,DONE,2.198,0.0000,58.37,0.00,143.21,84.83,
43.252,6,DONE,2.247,0.0000,58.39,0.00,143.21,84.82,
43.302,6,DONE,2.297,0.0000,58.39,0.00,143.21,84.82,
43.352,6,DONE,2.346,0.0000,58.33,0.00,143.21,84.87,
43.402,6,DONE,2.396,0.0000,58.33,0.00,143.21,84.87,
43.452,6,DONE,2.447,0.0000,58.33,0.00,143.21,84.87,
43.502,6,DONE,2.497,0.0000,58.33,0.00,143.21,84.87,
43.552,6,DONE,2.547,0.0000,58.33,0.00,143.21,84.88,
43.602,6,DONE,2.597,0.0000,58.34,0.00,143.21,84.87,
43.652,6,DONE,2.647,0.0000,58.34,0.00,143.21,84.87,
43.702,6,DONE,2.697,0.0000,58.34,0.00,143.21,84.87,
43.752,6,DONE,2.747,0.0000,58.34,0.00,143.21,84.87,
43.803,6,DONE,2.797,0.0000,58.35,0.00,143.21,84.86,
43.854,6,DONE,2.848,0.0000,58.33,0.00,143.21,84.87,
43.902,6,DONE,2.897,0.0000,58.35,0.00,143.21,84.86,
43.952,6,DONE,2.947,0.0000,58.34,0.00,143.21,84.87,
44.002,6,DONE,2.997,0.0000,58.34,0.00,143.21,84.87,
44.052,6,DONE,3.047,0.0000,58.34,0.00,143.21,84.87,
44.103,6,DONE,3.097,0.0000,58.34,0.00,143.21,84.87,
44.153,6,DONE,3.147,0.0000,58.36,0.00,143.21,84.85,
44.202,6,DONE,3.197,0.0000,58.32,0.00,143.21,84.89,
44.252,6,DONE,3.247,0.0000,58.32,0.00,143.21,84.89,
44.302,6,DONE,3.297,0.0000,58.32,0.00,143.21,84.89,
44.352,6,DONE,3.347,0.0000,58.32,0.00,143.21,84.89,
44.402,6,DONE,3.397,0.0000,58.39,0.00,143.21,84.82,
44.452,6,DONE,3.447,0.0000,58.39,0.00,143.21,84.82,
44.502,6,DONE,3.497,0.0000,58.39,0.00,143.21,84.82,
44.552,6,DONE,3.547,0.0000,58.39,0.00,143.21,84.82,
44.604,6,DONE,3.598,0.0000,58.34,0.00,143.21,84.87,
44.654,6,DONE,3.648,0.0000,58.38,0.00,143.21,84.83,
44.702,6,DONE,3.697,0.0000,58.38,0.00,143.21,84.83,
44.752,6,DONE,3.747,0.0000,58.38,0.00,143.21,84.83,
44.802,6,DONE,3.797,0.0000,58.38,0.00,143.21,84.83,
44.853,6,DONE,3.848,0.0000,58.35,0.00,143.21,84.85,
44.902,6,DONE,3.897,0.0000,58.35,0.00,143.21,84.85,
44.952,6,DONE,3.947,0.0000,58.35,0.00,143.21,84.85,
45.002,6,DONE,3.997,0.0000,58.35,0.00,143.21,84.85,
45.052,6,DONE,4.047,0.0000,58.32,0.00,143.21,84.89,
45.102,6,DONE,4.097,0.0000,58.36,0.00,143.21,84.85,
45.152,6,DONE,4.147,0.0000,58.36,0.00,143.21,84.85,
45.203,6,DONE,4.197,0.0000,58.36,0.00,143.21,84.85,
45.252,6,DONE,4.247,0.0000,58.36,0.00,143.21,84.85,
45.303,6,DONE,4.297,0.0000,58.35,0.00,143.21,84.85,
45.352,6,DONE,4.347,0.0000,58.37,0.00,143.21,84.84,
45.404,6,DONE,4.398,0.0000,58.37,0.00,143.21,84.84,
45.452,6,DONE,4.447,0.0000,58.37,0.00,143.21,84.84,
45.502,6,DONE,4.497,0.0000,58.37,0.00,143.21,84.84,
45.552,6,DONE,4.547,0.0000,58.35,0.00,143.21,84.86,
45.604,6,DONE,4.598,0.0000,58.33,0.00,143.21,84.88,
45.652,6,DONE,4.647,0.0000,58.33,0.00,143.21,84.88,
45.702,6,DONE,4.697,0.0000,58.33,0.00,143.21,84.88,
45.752,6,DONE,4.747,0.0000,58.33,0.00,143.21,84.88,
45.804,6,DONE,4.798,0.0000,58.33,0.00,143.21,84.88,
45.852,6,DONE,4.847,0.0000,58.33,0.00,143.21,84.88,
45.902,6,DONE,4.897,0.0000,58.33,0.00,143.21,84.88,
45.952,6,DONE,4.947,0.0000,58.33,0.00,143.21,84.88,
46.002,6,DONE,4.997,0.0000,58.33,0.00,143.21,84.88,
46.052,6,DONE,5.047,0.0000,58.33,0.00,143.21,84.88,
46.102,6,DONE,5.097,0.0000,58.33,0.00,143.21,84.88,
46.152,6,DONE,5.147,0.0000,58.33,0.00,143.21,84.88,
46.202,6,DONE,5.197,0.0000,58.33,0.00,143.21,84.88,
46.252,6,DONE,5.247,0.0000,58.33,0.00,143.21,84.88,
46.302,6,DONE,5.297,0.0000,58.33,0.00,143.21,84.88,
46.353,6,DONE,5.347,0.0000,58.34,0.00,143.21,84.87,
46.402,6,DONE,5.397,0.0000,58.38,0.00,143.21,84.83,
46.452,6,DONE,5.447,0.0000,58.35,0.00,143.21,84.86,
46.502,6,DONE,5.497,0.0000,58.39,0.00,143.21,84.82,
46.552,6,DONE,5.547,0.0000,58.32,0.00,143.21,84.88,
46.603,6,DONE,5.597,0.0000,58.34,0.00,143.21,84.87,
46.652,6,DONE,5.647,0.0000,58.34,0.00,143.21,84.87,
46.703,6,DONE,5.697,0.0000,58.34,0.00,143.21,84.87,
46.752,6,DONE,5.747,0.0000,58.34,0.00,143.21,84.86,
46.802,6,DONE,5.797,0.0000,58.38,0.00,143.21,84.83,
46.854,6,DONE,5.848,0.0000,58.35,0.00,143.21,84.86,
46.902,6,DONE,5.897,0.0000,58.34,0.00,143.21,84.87,
46.952,6,DONE,5.947,0.0000,58.34,0.00,143.21,84.87,
47.003,6,DONE,5.998,0.0000,58.33,0.00,143.21,84.88,
47.053,6,DONE,6.048,0.0000,58.32,0.00,143.21,84.89,
47.102,6,DONE,6.097,0.0000,58.38,0.00,143.21,84.83,
47.152,6,DONE,6.147,0.0000,58.33,0.00,143.21,84.88,
47.202,6,DONE,6.197,0.0000,58.37,0.00,143.21,84.84,
47.252,6,DONE,6.247,0.0000,58.37,0.00,143.21,84.84,
47.302,6,DONE,6.297,0.0000,58.37,0.00,143.21,84.84,
47.354,6,DONE,6.349,0.0000,58.37,0.00,143.21,84.84,
47.402,6,DONE,6.397,0.0000,58.38,0.00,143.21,84.83,
47.452,6,DONE,6.447,0.0000,58.33,0.00,143.21,84.88,
47.503,6,DONE,6.497,0.0000,58.37,0.00,143.21,84.84,
47.552,6,DONE,6.547,0.0000,58.33,0.00,143.21,84.88,
47.602,6,DONE,6.597,0.0000,58.33,0.00,143.21,84.88,
47.652,6,DONE,6.647,0.0000,58.33,0.00,143.21,84.88,
47.702,6,DONE,6.697,0.0000,58.36,0.00,143.21,84.84,
47.753,6,DONE,6.747,0.0000,58.36,0.00,143.21,84.85,
47.802,6,DONE,6.797,0.0000,58.37,0.00,143.21,84.84,
47.854,6,DONE,6.848,0.0000,58.36,0.00,143.21,84.85,
47.902,6,DONE,6.897,0.0000,58.38,0.00,143.21,84.83,
47.952,6,DONE,6.947,0.0000,58.38,0.00,143.21,84.83,
48.002,6,DONE,6.997,0.0000,58.38,0.00,143.21,84.83,
48.053,6,DONE,7.048,0.0000,58.36,0.00,143.21,84.85,
48.103,6,DONE,7.097,0.0000,58.38,0.00,143.21,84.83,
48.152,6,DONE,7.147,0.0000,58.36,0.00,143.21,84.85,
48.202,6,DONE,7.197,0.0000,58.38,0.00,143.21,84.83,
48.252,6,DONE,7.247,0.0000,58.34,0.00,143.21,84.87,
48.302,6,DONE,7.297,0.0000,58.34,0.00,143.21,84.87,
48.352,6,DONE,7.346,0.0000,58.34,0.00,143.21,84.87,
48.403,6,DONE,7.398,0.0000,58.34,0.00,143.21,84.87,
48.452,6,DONE,7.447,0.0000,58.34,0.00,143.21,84.87,
48.503,6,DONE,7.498,0.0000,58.38,0.00,143.21,84.83,
48.552,6,DONE,7.547,0.0000,58.35,0.00,143.21,84.86,
48.602,6,DONE,7.597,0.0000,58.37,0.00,143.21,84.84,
48.652,6,DONE,7.647,0.0000,58.37,0.00,143.21,84.84,
48.702,6,DONE,7.697,0.0000,58.37,0.00,143.21,84.84,
48.753,6,DONE,7.748,0.0000,58.35,0.00,143.21,84.86,
48.802,6,DONE,7.797,0.0000,58.39,0.00,143.21,84.82,
48.852,6,DONE,7.847,0.0000,58.34,0.00,143.21,84.87,
48.903,6,DONE,7.897,0.0000,58.37,0.00,143.21,84.84,
48.952,6,DONE,7.947,0.0000,58.34,0.00,143.21,84.87,
49.003,6,DONE,7.997,0.0000,58.34,0.00,143.21,84.87,
49.052,6,DONE,8.047,0.0000,58.34,0.00,143.21,84.87,
49.103,6,DONE,8.097,0.0000,58.39,0.00,143.21,84.82,
49.153,6,DONE,8.148,0.0000,58.36,0.00,143.21,84.85,
49.202,6,DONE,8.196,0.0000,58.38,0.00,143.21,84.82,
49.252,6,DONE,8.246,0.0000,58.34,0.00,143.21,84.86,
49.302,6,DONE,8.296,0.0000,58.34,0.00,143.21,84.86,
49.352,6,DONE,8.346,0.0000,58.34,0.00,143.21,84.86,
49.402,6,DONE,8.396,0.0000,58.37,0.00,143.21,84.84,
49.452,6,DONE,8.446,0.0000,58.34,0.00,143.21,84.86,
49.502,6,DONE,8.496,0.0000,58.40,0.00,143.21,84.81,
49.552,6,DONE,8.546,0.0000,58.36,0.00,143.21,84.85,
49.602,6,DONE,8.596,0.0000,58.34,0.00,143.21,84.87,
49.652,6,DONE,8.646,0.0000,58.34,0.00,143.21,84.87,
49.702,6,DONE,8.696,0.0000,58.34,0.00,143.21,84.87,
49.752,6,DONE,8.746,0.0000,58.35,0.00,143.21,84.86,
49.802,6,DONE,8.797,0.0000,58.37,0.00,143.21,84.83,
49.853,6,DONE,8.848,0.0000,58.35,0.00,143.21,84.86,
49.902,6,DONE,8.897,0.0000,58.38,0.00,143.21,84.83,
49.952,6,DONE,8.947,0.0000,58.35,0.00,143.21,84.86,
50.002,6,DONE,8.997,0.0000,58.35,0.00,143.21,84.86,
50.052,6,DONE,9.047,0.0000,58.35,0.00,143.21,84.86,
50.103,6,DONE,9.097,0.0000,58.37,0.00,143.21,84.84,
50.152,6,DONE,9.147,0.0000,58.36,0.00,143.21,84.85,
50.202,6,DONE,9.197,0.0000,58.38,0.00,143.21,84.83,
50.252,6,DONE,9.247,0.0000,58.31,0.00,143.21,84.90,
50.302,6,DONE,9.297,0.0000,58.33,0.00,143.21,84.88,
50.352,6,DONE,9.347,0.0000,58.33,0.00,143.21,84.88,
50.402,6,DONE,9.397,0.0000,58.33,0.00,143.21,84.88,
50.453,6,DONE,9.448,0.0000,58.38,0.00,143.21,84.83,
50.502,6,DONE,9.497,0.0000,58.39,0.00,143.21,84.81,
50.553,6,DONE,9.547,0.0000,58.34,0.00,143.21,84.87,
50.603,6,DONE,9.597,0.0000,58.37,0.00,143.21,84.84,
50.652,6,DONE,9.647,0.0000,58.35,0.00,143.21,84.86,
50.702,6,DONE,9.697,0.0000,58.35,0.00,143.21,84.86,
50.752,6,DONE,9.747,0.0000,58.35,0.00,143.21,84.86,
50.802,6,DONE,9.797,0.0000,58.34,0.00,143.21,84.87,
50.853,6,DONE,9.847,0.0000,58.36,0.00,143.21,84.85,
50.902,6,DONE,9.897,0.0000,58.37,0.00,143.21,84.84,
50.952,6,DONE,9.947,0.0000,58.34,0.00,143.21,84.86,
51.002,6,DONE,9.997,0.0000,58.33,0.00,143.21,84.88,
51.052,6,DONE,10.047,0.0000,58.33,0.00,143.21,84.88,
51.103,6,DONE,10.097,0.0000,58.33,0.00,143.21,84.88,
51.152,6,DONE,10.147,0.0000,58.34,0.00,143.21,84.87,
51.202,6,DONE,10.197,0.0000,58.38,0.00,143.21,84.82,
51.253,6,DONE,10.248,0.0000,58.37,0.00,143.21,84.84,
51.302,6,DONE,10.297,0.0000,58.37,0.00,143.21,84.84,
51.352,6,DONE,10.347,0.0000,58.35,0.00,143.21,84.86,
51.402,6,DONE,10.397,0.0000,58.35,0.00,143.21,84.86,
51.452,6,DONE,10.447,0.0000,58.35,0.00,143.21,84.86,
51.504,6,DONE,10.498,0.0000,58.36,0.00,143.21,84.85,
51.552,6,DONE,10.547,0.0000,58.35,0.00,143.21,84.86,
51.604,6,DONE,10.598,0.0000,58.39,0.00,143.21,84.82,
51.654,6,DONE,10.648,0.0000,58.35,0.00,143.21,84.85,
51.702,6,DONE,10.697,0.0000,58.36,0.00,143.21,84.85,
51.752,6,DONE,10.747,0.0000,58.36,0.00,143.21,84.85,
51.802,6,DONE,10.797,0.0000,58.36,0.00,143.21,84.85,
51.853,6,DONE,10.848,0.0000,58.32,0.00,143.21,84.88,
51.903,6,DONE,10.897,0.0000,58.37,0.00,143.21,84.83,
51.952,6,DONE,10.947,0.0000,58.35,0.00,143.21,84.86,
52.003,6,DONE,10.998,0.0000,58.37,0.00,143.21,84.84,
52.052,6,DONE,11.047,0.0000,58.35,0.00,143.21,84.86,
52.105,6,DONE,11.099,0.0000,58.35,0.00,143.21,84.86,
52.154,6,DONE,11.148,0.0000,58.35,0.00,143.21,84.86,
52.204,6,DONE,11.199,0.0000,58.35,0.00,143.21,84.86,
52.254,6,DONE,11.248,0.0000,58.35,0.00,143.21,84.85,
52.302,6,DONE,11.297,0.0000,58.37,0.00,143.21,84.84,
52.353,6,DONE,11.347,0.0000,58.35,0.00,143.21,84.85,
52.402,6,DONE,11.397,0.0000,58.38,0.00,143.21,84.83,
52.452,6,DONE,11.447,0.0000,58.38,0.00,143.21,84.83,
52.503,6,DONE,11.498,0.0000,58.38,0.00,143.21,84.83,
52.553,6,DONE,11.548,0.0000,58.33,0.00,143.21,84.87,
52.602,6,DONE,11.597,0.0000,58.38,0.00,143.21,84.83,
52.653,6,DONE,11.648,0.0000,58.36,0.00,143.21,84.84,
52.702,6,DONE,11.697,0.0000,58.36,0.00,143.21,84.85,
52.752,6,DONE,11.747,0.0000,58.34,0.00,143.21,84.87,
52.802,6,DONE,11.797,0.0000,58.34,0.00,143.21,84.87,
52.852,6,DONE,11.847,0.0000,58.34,0.00,143.21,84.87,
52.905,6,DONE,11.899,0.0000,58.35,0.00,143.21,84.86,
52.952,6,DONE,11.947,0.0000,58.36,0.00,143.21,84.84,
53.003,6,DONE,11.997,0.0000,58.38,0.00,143.21,84.83,
53.052,6,DONE,12.047,0.0000,58.35,0.00,143.21,84.86,
53.102,6,DONE,12.097,0.0000,58.37,0.00,143.21,84.84,
53.152,6,DONE,12.147,0.0000,58.37,0.00,143.21,84.84,
53.202,6,DONE,12.197,0.0000,58.37,0.00,143.21,84.84,
53.254,6,DONE,12.248,0.0000,58.37,0.00,143.21,84.83,
53.304,6,DONE,12.298,0.0000,58.36,0.00,143.21,84.84,
53.352,6,DONE,12.347,0.0000,58.35,0.00,143.21,84.85,
53.402,6,DONE,12.397,0.0000,58.39,0.00,143.21,84.82,
53.452,6,DONE,12.447,0.0000,58.34,0.00,143.21,84.86,
53.503,6,DONE,12.497,0.0000,58.34,0.00,143.21,84.86,
53.552,6,DONE,12.547,0.0000,58.34,0.00,143.21,84.86,
53.602,6,DONE,12.597,0.0000,58.38,0.00,143.21,84.83,
53.652,6,DONE,12.647,0.0000,58.36,0.00,143.21,84.85,
53.702,6,DONE,12.697,0.0000,58.38,0.00,143.21,84.83,
53.752,6,DONE,12.747,0.0000,58.35,0.00,143.21,84.86,
53.802,6,DONE,12.797,0.0000,58.39,0.00,143.21,84.82,
53.852,6,DONE,12.847,0.0000,58.39,0.00,143.21,84.82,
53.904,6,DONE,12.898,0.0000,58.34,0.00,143.21,84.87,
53.952,6,DONE,12.947,0.0000,58.35,0.00,143.21,84.85,
54.003,6,DONE,12.997,0.0000,58.35,0.00,143.21,84.85,
54.052,6,DONE,13.047,0.0000,58.37,0.00,143.21,84.83,
54.102,6,DONE,13.097,0.0000,58.39,0.00,143.21,84.82,
54.152,6,DONE,13.147,0.0000,58.39,0.00,143.21,84.82,
54.202,6,DONE,13.197,0.0000,58.39,0.00,143.21,84.82,
54.252,6,DONE,13.247,0.0000,58.39,0.00,143.21,84.82,
54.302,6,DONE,13.297,0.0000,58.35,0.00,143.21,84.86,
54.352,6,DONE,13.347,0.0000,58.35,0.00,143.21,84.86,
54.402,6,DONE,13.397,0.0000,58.35,0.00,143.21,84.86,
54.452,6,DONE,13.447,0.0000,58.34,0.00,143.21,84.87,
54.503,6,DONE,13.497,0.0000,58.34,0.00,143.21,84.87,
54.554,6,DONE,13.548,0.0000,58.34,0.00,143.21,84.87,
54.602,6,DONE,13.597,0.0000,58.34,0.00,143.21,84.87,
54.653,6,DONE,13.647,0.0000,58.34,0.00,143.21,84.86,
54.703,6,DONE,13.697,0.0000,58.34,0.00,143.21,84.87,
54.752,6,DONE,13.747,0.0000,58.37,0.00,143.21,84.83,
54.803,6,DONE,13.798,0.0000,58.37,0.00,143.21,84.84,
54.852,6,DONE,13.847,0.0000,58.36,0.00,143.21,84.85,
54.902,6,DONE,13.897,0.0000,58.36,0.00,143.21,84.85,
54.952,6,DONE,13.947,0.0000,58.36,0.00,143.21,84.85,
55.002,6,DONE,13.997,0.0000,58.39,0.00,143.21,84.82,
55.052,6,DONE,14.047,0.0000,58.35,0.00,143.21,84.85,
55.102,6,DONE,14.097,0.0000,58.37,0.00,143.21,84.83,
55.153,6,DONE,14.147,0.0000,58.37,0.00,143.21,84.84,
55.202,6,DONE,14.197,0.0000,58.34,0.00,143.21,84.87,
55.252,6,DONE,14.247,0.0000,58.36,0.00,143.21,84.85,
55.302,6,DONE,14.297,0.0000,58.39,0.00,143.21,84.82,
55.353,6,DONE,14.347,0.0000,58.35,0.00,143.21,84.86,
55.403,6,DONE,14.397,0.0000,58.34,0.00,143.21,84.87,
55.452,6,DONE,14.447,0.0000,58.37,0.00,143.21,84.84,
55.502,6,DONE,14.497,0.0000,58.34,0.00,143.21,84.87,
55.552,6,DONE,14.547,0.0000,58.34,0.00,143.21,84.87,
55.602,6,DONE,14.597,0.0000,58.36,0.00,143.21,84.85,
55.652,6,DONE,14.647,0.0000,58.35,0.00,143.21,84.86,
55.702,6,DONE,14.697,0.0000,58.34,0.00,143.21,84.86,
55.754,6,DONE,14.748,0.0000,58.35,0.00,143.21,84.85,
55.802,6,DONE,14.797,0.0000,58.34,0.00,143.21,84.86,
55.852,6,DONE,14.847,0.0000,58.36,0.00,143.21,84.84,
55.902,6,DONE,14.897,0.0000,58.34,0.00,143.21,84.87,
55.952,6,DONE,14.947,0.0000,58.36,0.00,143.21,84.85,
56.002,6,DONE,14.997,0.0000,58.36,0.00,143.21,84.84,
56.052,6,DONE,15.047,0.0000,58.33,0.00,143.21,84.88,
56.103,6,DONE,15.097,0.0000,58.38,0.00,143.21,84.83,
56.153,6,DONE,15.147,0.0000,58.37,0.00,143.21,84.84,
56.202,6,DONE,15.197,0.0000,58.34,0.00,143.21,84.87,
56.253,6,DONE,15.247,0.0000,58.37,0.00,143.21,84.84,
56.302,6,DONE,15.297,0.0000,58.38,0.00,143.21,84.83,
56.352,6,DONE,15.347,0.0000,58.33,0.00,143.21,84.87,
56.402,6,DONE,15.397,0.0000,58.39,0.00,143.21,84.82,
56.452,6,DONE,15.447,0.0000,58.34,0.00,143.21,84.86,
56.502,6,DONE,15.497,0.0000,58.37,0.00,143.21,84.84,
56.553,6,DONE,15.547,0.0000,58.34,0.00,143.21,84.87,
56.602,6,DONE,15.597,0.0000,58.37,0.00,143.21,84.83,
56.654,6,DONE,15.648,0.0000,58.32,0.00,143.21,84.88,
56.702,6,DONE,15.697,0.0000,58.34,0.00,143.21,84.87,
56.752,6,DONE,15.747,0.0000,58.35,0.00,143.21,84.85,
56.803,6,DONE,15.798,0.0000,58.37,0.00,143.21,84.84,
56.852,6,DONE,15.847,0.0000,58.37,0.00,143.21,84.84,
56.902,6,DONE,15.897,0.0000,58.37,0.00,143.21,84.84,
56.952,6,DONE,15.947,0.0000,58.33,0.00,143.21,84.87,
57.002,6,DONE,15.997,0.0000,58.33,0.00,143.21,84.87,
57.052,6,DONE,16.047,0.0000,58.33,0.00,143.21,84.87,
57.103,6,DONE,16.098,0.0000,58.37,0.00,143.21,84.84,
57.153,6,DONE,16.147,0.0000,58.35,0.00,143.21,84.86,
57.202,6,DONE,16.197,0.0000,58.35,0.00,143.21,84.86,
57.254,6,DONE,16.248,0.0000,58.37,0.00,143.21,84.83,
57.302,6,DONE,16.297,0.0000,58.34,0.00,143.21,84.87,
57.353,6,DONE,16.347,0.0000,58.34,0.00,143.21,84.87,
57.403,6,DONE,16.398,0.0000,58.34,0.00,143.21,84.87,
57.453,6,DONE,16.447,0.0000,58.36,0.00,143.21,84.85,
57.502,6,DONE,16.497,0.0000,58.36,0.00,143.21,84.85,
57.552,6,DONE,16.547,0.0000,58.36,0.00,143.21,84.85,
57.602,6,DONE,16.597,0.0000,58.35,0.00,143.21,84.86,
57.652,6,DONE,16.647,0.0000,58.33,0.00,143.21,84.88,
57.702,6,DONE,16.697,0.0000,58.33,0.00,143.21,84.88,
57.752,6,DONE,16.747,0.0000,58.33,0.00,143.21,84.88,
57.802,6,DONE,16.797,0.0000,58.33,0.00,143.21,84.88,
57.852,6,DONE,16.847,0.0000,58.34,0.00,143.21,84.86,
57.902,6,DONE,16.897,0.0000,58.34,0.00,143.21,84.86,
57.953,6,DONE,16.947,0.0000,58.34,0.00,143.21,84.86,
58.005,6,DONE,16.999,0.0000,58.36,0.00,143.21,84.85,
58.052,6,DONE,17.047,0.0000,58.36,0.00,143.21,84.85,
58.102,6,DONE,17.097,0.0000,58.36,0.00,143.21,84.85,
58.152,6,DONE,17.147,0.0000,58.36,0.00,143.21,84.85,
58.202,6,DONE,17.197,0.0000,58.36,0.00,143.21,84.85,
58.255,6,DONE,17.249,0.0000,58.36,0.00,143.21,84.85,
58.302,6,DONE,17.297,0.0000,58.36,0.00,143.21,84.85,
58.353,6,DONE,17.347,0.0000,58.36,0.00,143.21,84.85,
58.404,6,DONE,17.398,0.0000,58.36,0.00,143.21,84.85,
58.452,6,DONE,17.447,0.0000,58.36,0.00,143.21,84.85,
58.502,6,DONE,17.497,0.0000,58.36,0.00,143.21,84.85,
58.552,6,DONE,17.547,0.0000,58.36,0.00,143.21,84.85,
58.603,6,DONE,17.598,0.0000,58.35,0.00,143.21,84.85,
58.652,6,DONE,17.647,0.0000,58.33,0.00,143.21,84.88,
58.702,6,DONE,17.697,0.0000,58.33,0.00,143.21,84.88,
58.753,6,DONE,17.747,0.0000,58.33,0.00,143.21,84.88,
58.803,6,DONE,17.797,0.0000,58.33,0.00,143.21,84.88,
58.854,6,DONE,17.848,0.0000,58.33,0.00,143.21,84.88,
58.903,6,DONE,17.897,0.0000,58.34,0.00,143.21,84.87,
58.952,6,DONE,17.946,0.0000,58.34,0.00,143.21,84.87,
59.002,6,DONE,17.997,0.0000,58.34,0.00,143.21,84.86,
59.052,6,DONE,18.047,0.0000,58.34,0.00,143.21,84.86,
59.102,6,DONE,18.097,0.0000,58.34,0.00,143.21,84.86,
59.153,6,DONE,18.148,0.0000,58.34,0.00,143.21,84.86,
59.202,6,DONE,18.197,0.0000,58.37,0.00,143.21,84.84,
59.252,6,DONE,18.247,0.0000,58.37,0.00,143.21,84.84,
59.302,6,DONE,18.297,0.0000,58.37,0.00,143.21,84.84,
59.352,6,DONE,18.347,0.0000,58.37,0.00,143.21,84.84,
59.402,6,DONE,18.397,0.0000,58.34,0.00,143.21,84.87,
59.452,6,DONE,18.447,0.0000,58.34,0.00,143.21,84.87,
59.503,6,DONE,18.497,0.0000,58.34,0.00,143.21,84.87,
59.552,6,DONE,18.547,0.0000,58.34,0.00,143.21,84.87,
59.602,6,DONE,18.597,0.0000,58.34,0.00,143.21,84.87,
59.653,6,DONE,18.647,0.0000,58.34,0.00,143.21,84.87,
59.702,6,DONE,18.696,0.0000,58.34,0.00,143.21,84.87,
59.752,6,DONE,18.747,0.0000,58.34,0.00,143.21,84.87,
59.802,6,DONE,18.797,0.0000,58.34,0.00,143.21,84.87,
59.852,6,DONE,18.847,0.0000,58.34,0.00,143.21,84.87,
59.902,6,DONE,18.897,0.0000,58.34,0.00,143.21,84.87,
59.952,6,DONE,18.947,0.0000,58.34,0.00,143.21,84.87,
60.003,6,DONE,18.997,0.0000,58.34,0.00,143.21,84.87,
60.052,6,DONE,19.047,0.0000,58.34,0.00,143.21,84.87,
60.102,6,DONE,19.097,0.0000,58.34,0.00,143.21,84.87,
60.153,6,DONE,19.147,0.0000,58.34,0.00,143.21,84.87,
60.202,6,DONE,19.197,0.0000,58.34,0.00,143.21,84.87,
60.252,6,DONE,19.247,0.0000,58.34,0.00,143.21,84.87,
60.304,6,DONE,19.298,0.0000,58.37,0.00,143.21,84.84,
60.352,6,DONE,19.347,0.0000,58.35,0.00,143.21,84.86,
60.402,6,DONE,19.397,0.0000,58.35,0.00,143.21,84.86,
60.452,6,DONE,19.447,0.0000,58.35,0.00,143.21,84.86,
60.503,6,DONE,19.498,0.0000,58.38,0.00,143.21,84.83,
60.552,6,DONE,19.547,0.0000,58.35,0.00,143.21,84.85,
60.602,6,DONE,19.597,0.0000,58.35,0.00,143.21,84.85,
60.652,6,DONE,19.647,0.0000,58.34,0.00,143.21,84.87,
60.702,6,DONE,19.697,0.0000,58.34,0.00,143.21,84.87,
60.752,6,DONE,19.747,0.0000,58.34,0.00,143.21,84.87,
60.802,6,DONE,19.797,0.0000,58.34,0.00,143.21,84.87,
60.853,6,DONE,19.848,0.0000,58.37,0.00,143.21,84.83,
60.902,6,DONE,19.897,0.0000,58.37,0.00,143.21,84.84,
60.952,6,DONE,19.947,0.0000,58.37,0.00,143.21,84.84,
61.003,6,DONE,19.997,0.0000,58.37,0.00,143.21,84.84,
61.052,6,DONE,20.047,0.0000,58.37,0.00,143.21,84.84,
61.104,6,DONE,20.099,0.0000,58.34,0.00,143.21,84.87,
61.152,6,DONE,20.146,0.0000,58.32,0.00,143.21,84.88,
61.202,6,DONE,20.197,0.0000,58.36,0.00,143.21,84.85,
61.252,6,DONE,20.247,0.0000,58.33,0.00,143.21,84.88,
61.304,6,DONE,20.298,0.0000,58.35,0.00,143.21,84.86,
61.352,6,DONE,20.347,0.0000,58.35,0.00,143.21,84.86,
61.403,6,DONE,20.397,0.0000,58.35,0.00,143.21,84.86,
61.452,6,DONE,20.447,0.0000,58.35,0.00,143.21,84.86,
61.503,6,DONE,20.497,0.0000,58.33,0.00,143.21,84.88,
61.552,6,DONE,20.547,0.0000,58.36,0.00,143.21,84.85,
61.602,6,DONE,20.597,0.0000,58.35,0.00,143.21,84.86,
61.652,6,DONE,20.647,0.0000,58.33,0.00,143.21,84.88,
61.702,6,DONE,20.697,0.0000,58.38,0.00,143.21,84.83,
61.752,6,DONE,20.747,0.0000,58.38,0.00,143.21,84.83,
61.803,6,DONE,20.797,0.0000,58.38,0.00,143.21,84.83,
61.852,6,DONE,20.847,0.0000,58.35,0.00,143.21,84.86,
61.902,6,DONE,20.897,0.0000,58.35,0.00,143.21,84.86,
61.952,6,DONE,20.947,0.0000,58.32,0.00,143.21,84.89,
62.003,6,DONE,20.998,0.0000,58.35,0.00,143.21,84.86,
62.052,6,DONE,21.047,0.0000,58.33,0.00,143.21,84.88,
62.102,6,DONE,21.097,0.0000,58.34,0.00,143.21,84.86,
62.153,6,DONE,21.147,0.0000,58.38,0.00,143.21,84.83,
62.202,6,DONE,21.197,0.0000,58.35,0.00,143.21,84.86,
62.253,6,DONE,21.248,0.0000,58.35,0.00,143.21,84.86,
62.303,6,DONE,21.297,0.0000,58.35,0.00,143.21,84.86,
62.352,6,DONE,21.347,0.0000,58.35,0.00,143.21,84.86,
62.402,6,DONE,21.397,0.0000,58.35,0.00,143.21,84.86,
62.455,6,DONE,21.449,0.0000,58.35,0.00,143.21,84.86,
62.502,6,DONE,21.497,0.0000,58.36,0.00,143.21,84.85,
62.554,6,DONE,21.548,0.0000,58.33,0.00,143.21,84.88,
62.602,6,DONE,21.597,0.0000,58.36,0.00,143.21,84.85,
62.652,6,DONE,21.647,0.0000,58.31,0.00,143.21,84.90,
62.703,6,DONE,21.697,0.0000,58.31,0.00,143.21,84.90,
62.752,6,DONE,21.747,0.0000,58.31,0.00,143.21,84.90,
62.804,6,DONE,21.798,0.0000,58.34,0.00,143.21,84.87,
62.853,6,DONE,21.847,0.0000,58.36,0.00,143.21,84.85,
62.902,6,DONE,21.897,0.0000,58.35,0.00,143.21,84.86,
62.952,6,DONE,21.947,0.0000,58.33,0.00,143.21,84.88,
63.002,6,DONE,21.997,0.0000,58.34,0.00,143.21,84.87,
63.052,6,DONE,22.047,0.0000,58.34,0.00,143.21,84.87,
63.102,6,DONE,22.097,0.0000,58.34,0.00,143.21,84.87,
63.153,6,DONE,22.148,0.0000,58.33,0.00,143.21,84.88,
63.203,6,DONE,22.197,0.0000,58.35,0.00,143.21,84.86,
63.252,6,DONE,22.247,0.0000,58.34,0.00,143.21,84.86,
63.303,6,DONE,22.298,0.0000,58.35,0.00,143.21,84.86,
63.352,6,DONE,22.347,0.0000,58.33,0.00,143.21,84.88,
63.403,6,DONE,22.397,0.0000,58.33,0.00,143.21,84.88,
63.452,6,DONE,22.447,0.0000,58.33,0.00,143.21,84.88,
63.503,6,DONE,22.497,0.0000,58.33,0.00,143.21,84.88,
63.553,6,DONE,22.548,0.0000,58.36,0.00,143.21,84.85,
63.603,6,DONE,22.598,0.0000,58.33,0.00,143.21,84.88,
63.652,6,DONE,22.647,0.0000,58.36,0.00,143.21,84.85,
63.702,6,DONE,22.697,0.0000,58.34,0.00,143.21,84.87,
63.752,6,DONE,22.747,0.0000,58.36,0.00,143.21,84.85,
63.802,6,DONE,22.797,0.0000,58.36,0.00,143.21,84.85,
63.852,6,DONE,22.847,0.0000,58.35,0.00,143.21,84.86,
63.903,6,DONE,22.897,0.0000,58.36,0.00,143.21,84.84,
63.952,6,DONE,22.947,0.0000,58.38,0.00,143.21,84.83,
64.002,6,DONE,22.997,0.0000,58.35,0.00,143.21,84.86,
64.053,6,DONE,23.047,0.0000,58.34,0.00,143.21,84.87,
64.102,6,DONE,23.097,0.0000,58.34,0.00,143.21,84.87,
64.152,6,DONE,23.147,0.0000,58.34,0.00,143.21,84.87,
64.202,6,DONE,23.197,0.0000,58.34,0.00,143.21,84.87,
64.252,6,DONE,23.247,0.0000,58.37,0.00,143.21,84.84,
64.302,6,DONE,23.297,0.0000,58.36,0.00,143.21,84.85,
64.354,6,DONE,23.348,0.0000,58.34,0.00,143.21,84.87,
64.403,6,DONE,23.397,0.0000,58.37,0.00,143.21,84.83,
64.452,6,DONE,23.447,0.0000,58.37,0.00,143.21,84.83,
64.504,6,DONE,23.498,0.0000,58.37,0.00,143.21,84.83,
64.554,6,DONE,23.548,0.0000,58.33,0.00,143.21,84.87,
64.602,6,DONE,23.597,0.0000,58.36,0.00,143.21,84.85,
64.652,6,DONE,23.647,0.0000,58.33,0.00,143.21,84.87,
64.702,6,DONE,23.696,0.0000,58.32,0.00,143.21,84.88,
64.753,6,DONE,23.747,0.0000,58.35,0.00,143.21,84.86,
64.802,6,DONE,23.797,0.0000,58.35,0.00,143.21,84.86,
64.853,6,DONE,23.847,0.0000,58.35,0.00,143.21,84.86,
64.904,6,DONE,23.898,0.0000,58.32,0.00,143.21,84.88,
64.953,6,DONE,23.948,0.0000,58.38,0.00,143.21,84.83,
65.002,6,DONE,23.997,0.0000,58.34,0.00,143.21,84.87,
65.052,6,DONE,24.047,0.0000,58.34,0.00,143.21,84.86,
65.103,6,DONE,24.097,0.0000,58.37,0.00,143.21,84.84,
65.152,6,DONE,24.147,0.0000,58.37,0.00,143.21,84.84,
65.203,6,DONE,24.197,0.0000,58.37,0.00,143.21,84.84,
65.253,6,DONE,24.248,0.0000,58.35,0.00,143.21,84.86,
65.302,6,DONE,24.297,0.0000,58.33,0.00,143.21,84.87,
65.352,6,DONE,24.347,0.0000,58.36,0.00,143.21,84.85,
65.404,6,DONE,24.398,0.0000,58.34,0.00,143.21,84.87,
65.453,6,DONE,24.447,0.0000,58.36,0.00,143.21,84.84,
65.502,6,DONE,24.497,0.0000,58.36,0.00,143.21,84.84,
65.552,6,DONE,24.547,0.0000,58.36,0.00,143.21,84.84,
65.603,6,DONE,24.598,0.0000,58.34,0.00,143.21,84.86,
65.652,6,DONE,24.646,0.0000,58.37,0.00,143.21,84.84,
65.702,6,DONE,24.697,0.0000,58.35,0.00,143.21,84.86,
65.752,6,DONE,24.746,0.0000,58.35,0.00,143.21,84.86,
65.802,6,DONE,24.797,0.0000,58.37,0.00,143.21,84.84,
65.852,6,DONE,24.847,0.0000,58.37,0.00,143.21,84.84,
65.902,6,DONE,24.897,0.0000,58.37,0.00,143.21,84.84,
65.952,6,DONE,24.947,0.0000,58.35,0.00,143.21,84.86,
66.003,6,DONE,24.998,0.0000,58.34,0.00,143.21,84.86,
66.053,6,DONE,25.048,0.0000,58.35,0.00,143.21,84.85,
66.103,6,DONE,25.098,0.0000,58.33,0.00,143.21,84.88,
66.152,6,DONE,25.147,0.0000,58.36,0.00,143.21,84.85,
66.203,6,DONE,25.197,0.0000,58.36,0.00,143.21,84.85,
66.252,6,DONE,25.247,0.0000,58.36,0.00,143.21,84.85,
66.302,6,DONE,25.297,0.0000,58.33,0.00,143.21,84.87,
66.354,6,DONE,25.349,0.0000,58.38,0.00,143.21,84.83,
66.402,6,DONE,25.397,0.0000,58.32,0.00,143.21,84.89,
66.452,6,DONE,25.447,0.0000,58.36,0.00,143.21,84.85,
66.502,6,DONE,25.497,0.0000,58.34,0.00,143.21,84.87,
66.554,6,DONE,25.549,0.0000,58.34,0.00,143.21,84.87,
66.602,6,DONE,25.597,0.0000,58.34,0.00,143.21,84.87,
66.653,6,DONE,25.648,0.0000,58.34,0.00,143.21,84.86,
66.702,6,DONE,25.697,0.0000,58.32,0.00,143.21,84.89,
66.752,6,DONE,25.747,0.0000,58.36,0.00,143.21,84.85,
66.804,6,DONE,25.798,0.0000,58.35,0.00,143.21,84.86,
66.852,6,DONE,25.847,0.0000,58.34,0.00,143.21,84.86,
66.905,6,DONE,25.899,0.0000,58.34,0.00,143.21,84.86,
66.952,6,DONE,25.947,0.0000,58.34,0.00,143.21,84.86,
67.003,6,DONE,25.998,0.0000,58.36,0.00,143.21,84.85,
67.053,6,DONE,26.048,0.0000,58.37,0.00,143.21,84.84,
67.103,6,DONE,26.098,0.0000,58.33,0.00,143.21,84.87,
67.154,6,DONE,26.148,0.0000,58.38,0.00,143.21,84.83,
67.203,6,DONE,26.197,0.0000,58.33,0.00,143.21,84.88,
67.252,6,DONE,26.247,0.0000,58.33,0.00,143.21,84.88,
67.303,6,DONE,26.298,0.0000,58.33,0.00,143.21,84.88,
67.354,6,DONE,26.348,0.0000,58.36,0.00,143.21,84.85,
67.403,6,DONE,26.397,0.0000,58.32,0.00,143.21,84.89,
67.452,6,DONE,26.447,0.0000,58.38,0.00,143.21,84.82,
67.503,6,DONE,26.497,0.0000,58.34,0.00,143.21,84.87,
67.552,6,DONE,26.547,0.0000,58.35,0.00,143.21,84.86,
67.602,6,DONE,26.597,0.0000,58.35,0.00,143.21,84.86,
67.652,6,DONE,26.647,0.0000,58.35,0.00,143.21,84.86,
67.704,6,DONE,26.698,0.0000,58.38,0.00,143.21,84.83,
67.752,6,DONE,26.747,0.0000,58.37,0.00,143.21,84.84,
67.802,6,DONE,26.797,0.0000,58.35,0.00,143.21,84.85,
67.852,6,DONE,26.847,0.0000,58.38,0.00,143.21,84.83,
67.902,6,DONE,26.897,0.0000,58.37,0.00,143.21,84.84,
67.952,6,DONE,26.947,0.0000,58.37,0.00,143.21,84.84,
68.002,6,DONE,26.997,0.0000,58.37,0.00,143.21,84.84,
68.052,6,DONE,27.047,0.0000,58.35,0.00,143.21,84.86,
68.102,6,DONE,27.097,0.0000,58.34,0.00,143.21,84.87,
68.152,6,DONE,27.147,0.0000,58.38,0.00,143.21,84.82,
68.203,6,DONE,27.198,0.0000,58.35,0.00,143.21,84.86,
68.252,6,DONE,27.247,0.0000,58.34,0.00,143.21,84.87,
68.302,6,DONE,27.297,0.0000,58.34,0.00,143.21,84.87,
68.352,6,DONE,27.347,0.0000,58.34,0.00,143.21,84.87,
68.403,6,DONE,27.397,0.0000,58.33,0.00,143.21,84.88,
68.452,6,DONE,27.447,0.0000,58.37,0.00,143.21,84.84,
68.502,6,DONE,27.497,0.0000,58.34,0.00,143.21,84.87,
68.554,6,DONE,27.548,0.0000,58.38,0.00,143.21,84.83,
68.603,6,DONE,27.598,0.0000,58.35,0.00,143.21,84.86,
68.652,6,DONE,27.647,0.0000,58.35,0.00,143.21,84.86,
68.702,6,DONE,27.697,0.0000,58.35,0.00,143.21,84.86,
68.753,6,DONE,27.747,0.0000,58.35,0.00,143.21,84.86,
68.803,6,DONE,27.798,0.0000,58.34,0.00,143.21,84.87,
68.853,6,DONE,27.848,0.0000,58.40,0.00,143.21,84.80,
68.902,6,DONE,27.897,0.0000,58.33,0.00,143.21,84.87,
68.953,6,DONE,27.947,0.0000,58.37,0.00,143.21,84.84,
69.003,6,DONE,27.997,0.0000,58.36,0.00,143.21,84.85,
69.053,6,DONE,28.048,0.0000,58.38,0.00,143.21,84.82,
69.103,6,DONE,28.097,0.0000,58.33,0.00,143.21,84.87,
69.152,6,DONE,28.147,0.0000,58.38,0.00,143.21,84.83,
69.202,6,DONE,28.196,0.0000,58.35,0.00,143.21,84.86,
69.252,6,DONE,28.246,0.0000,58.33,0.00,143.21,84.87,
69.302,6,DONE,28.296,0.0000,58.33,0.00,143.21,84.87,
69.352,6,DONE,28.346,0.0000,58.33,0.00,143.21,84.87,
69.402,6,DONE,28.397,0.0000,58.33,0.00,143.21,84.88,
69.452,6,DONE,28.446,0.0000,58.39,0.00,143.21,84.82,
69.502,6,DONE,28.496,0.0000,58.35,0.00,143.21,84.86,
69.552,6,DONE,28.546,0.0000,58.37,0.00,143.21,84.84,
69.603,6,DONE,28.597,0.0000,58.36,0.00,143.21,84.85,
69.652,6,DONE,28.646,0.0000,58.36,0.00,143.21,84.85,
69.703,6,DONE,28.697,0.0000,58.36,0.00,143.21,84.85,
69.752,6,DONE,28.747,0.0000,58.33,0.00,143.21,84.87,
69.802,6,DONE,28.796,0.0000,58.32,0.00,143.21,84.88,
69.854,6,DONE,28.848,0.0000,58.38,0.00,143.21,84.83,
69.903,6,DONE,28.897,0.0000,58.34,0.00,143.21,84.87,
69.952,6,DONE,28.947,0.0000,58.39,0.00,143.21,84.81,
70.004,6,DONE,28.999,0.0000,58.35,0.00,143.21,84.86,
70.052,6,DONE,29.046,0.0000,58.38,0.00,143.21,84.83,
70.102,6,DONE,29.096,0.0000,58.34,0.00,143.21,84.87,
70.152,6,DONE,29.146,0.0000,58.37,0.00,143.21,84.84,
70.202,6,DONE,29.196,0.0000,58.33,0.00,143.21,84.87,
70.252,6,DONE,29.246,0.0000,58.38,0.00,143.21,84.83,
70.302,6,DONE,29.296,0.0000,58.34,0.00,143.21,84.87,
70.352,6,DONE,29.346,0.0000,58.38,0.00,143.21,84.83,
70.402,6,DONE,29.396,0.0000,58.33,0.00,143.21,84.88,
70.452,6,DONE,29.446,0.0000,58.36,0.00,143.21,84.84,
70.502,6,DONE,29.496,0.0000,58.35,0.00,143.21,84.86,
70.553,6,DONE,29.547,0.0000,58.38,0.00,143.21,84.83,
70.602,6,DONE,29.596,0.0000,58.33,0.00,143.21,84.88,
70.652,6,DONE,29.646,0.0000,58.38,0.00,143.21,84.82,
70.703,6,DONE,29.697,0.0000,58.34,0.00,143.21,84.87,
70.752,6,DONE,29.746,0.0000,58.38,0.00,143.21,84.83,
70.802,6,DONE,29.796,0.0000,58.34,0.00,143.21,84.87,
70.852,6,DONE,29.846,0.0000,58.37,0.00,143.21,84.84,
70.902,6,DONE,29.896,0.0000,58.35,0.00,143.21,84.86,
70.952,6,DONE,29.946,0.0000,58.38,0.00,143.21,84.83,
71.002,6,DONE,29.996,0.0000,58.33,0.00,143.21,84.88,
71.052,6,DONE,30.046,0.0000,58.37,0.00,143.21,84.83,
71.102,6,DONE,30.096,0.0000,58.33,0.00,143.21,84.88,
71.152,6,DONE,30.147,0.0000,58.37,0.00,143.21,84.84,
71.202,6,DONE,30.196,0.0000,58.36,0.00,143.21,84.85,
71.252,6,DONE,30.246,0.0000,58.36,0.00,143.21,84.85,
71.302,6,DONE,30.296,0.0000,58.31,0.00,143.21,84.90,
71.352,6,DONE,30.347,0.0000,58.35,0.00,143.21,84.86,
71.402,6,DONE,30.396,0.0000,58.34,0.00,143.21,84.87,
71.452,6,DONE,30.446,0.0000,58.35,0.00,143.21,84.85,
71.502,6,DONE,30.496,0.0000,58.32,0.00,143.21,84.89,
71.552,6,DONE,30.546,0.0000,58.37,0.00,143.21,84.83,
71.602,6,DONE,30.596,0.0000,58.32,0.00,143.21,84.88,
71.652,6,DONE,30.646,0.0000,58.35,0.00,143.21,84.85,
71.702,6,DONE,30.696,0.0000,58.35,0.00,143.21,84.86,
71.752,6,DONE,30.747,0.0000,58.37,0.00,143.21,84.84,
71.803,6,DONE,30.797,0.0000,58.34,0.00,143.21,84.87,
71.852,6,DONE,30.847,0.0000,58.36,0.00,143.21,84.84,
71.902,6,DONE,30.897,0.0000,58.32,0.00,143.21,84.89,
71.952,6,DONE,30.947,0.0000,58.32,0.00,143.21,84.88,
72.002,6,DONE,30.997,0.0000,58.32,0.00,143.21,84.88,
72.052,6,DONE,31.047,0.0000,58.32,0.00,143.21,84.88,
72.102,6,DONE,31.097,0.0000,58.34,0.00,143.21,84.87,
72.152,6,DONE,31.147,0.0000,58.34,0.00,143.21,84.87,
72.202,6,DONE,31.197,0.0000,58.34,0.00,143.21,84.87,
72.253,6,DONE,31.248,0.0000,58.38,0.00,143.21,84.83,
72.302,6,DONE,31.297,0.0000,58.33,0.00,143.21,84.88,
72.352,6,DONE,31.347,0.0000,58.33,0.00,143.21,84.88,
72.403,6,DONE,31.397,0.0000,58.33,0.00,143.21,84.88,
72.452,6,DONE,31.447,0.0000,58.39,0.00,143.21,84.81,
72.502,6,DONE,31.497,0.0000,58.36,0.00,143.21,84.85,
72.552,6,DONE,31.547,0.0000,58.36,0.00,143.21,84.85,
72.603,6,DONE,31.598,0.0000,58.33,0.00,143.21,84.87,
72.652,6,DONE,31.647,0.0000,58.35,0.00,143.21,84.86,
72.702,6,DONE,31.697,0.0000,58.35,0.00,143.21,84.86,
72.752,6,DONE,31.747,0.0000,58.35,0.00,143.21,84.86,
72.802,6,DONE,31.797,0.0000,58.35,0.00,143.21,84.86,
72.853,6,DONE,31.847,0.0000,58.34,0.00,143.21,84.86,
72.902,6,DONE,31.897,0.0000,58.34,0.00,143.21,84.86,
72.953,6,DONE,31.948,0.0000,58.38,0.00,143.21,84.83,
73.002,6,DONE,31.997,0.0000,58.34,0.00,143.21,84.87,
73.052,6,DONE,32.047,0.0000,58.34,0.00,143.21,84.87,
73.102,6,DONE,32.097,0.0000,58.34,0.00,143.21,84.87,
73.152,6,DONE,32.147,0.0000,58.34,0.00,143.21,84.87,
73.202,6,DONE,32.197,0.0000,58.35,0.00,143.21,84.86,
73.252,6,DONE,32.247,0.0000,58.30,0.00,143.21,84.91,
73.303,6,DONE,32.298,0.0000,58.30,0.00,143.21,84.91,
73.352,6,DONE,32.347,0.0000,58.30,0.00,143.21,84.91,
73.402,6,DONE,32.397,0.0000,58.30,0.00,143.21,84.91,
73.452,6,DONE,32.447,0.0000,58.48,0.00,143.21,84.73,
73.502,6,DONE,32.497,0.0000,58.48,0.00,143.21,84.73,
73.552,6,DONE,32.547,0.0000,58.48,0.00,143.21,84.73,
73.602,6,DONE,32.596,0.0000,58.48,0.00,143.21,84.73,
73.653,6,DONE,32.648,0.0000,58.43,0.00,143.21,84.78,
73.702,6,DONE,32.697,0.0000,58.60,0.00,143.21,84.61,
73.752,6,DONE,32.747,0.0000,58.60,0.00,143.21,84.61,
73.802,6,DONE,32.797,0.0000,58.60,0.00,143.21,84.61,
73.852,6,DONE,32.847,0.0000,58.60,0.00,143.21,84.61,
73.902,6,DONE,32.897,0.0000,58.59,0.00,143.21,84.62,
73.952,6,DONE,32.947,0.0000,58.62,0.00,143.21,84.59,
74.002,6,DONE,32.997,0.0000,58.61,0.00,143.21,84.59,
74.053,6,DONE,33.048,0.0000,58.63,0.00,143.21,84.57,
74.102,6,DONE,33.097,0.0000,58.63,0.00,143.21,84.57,
74.152,6,DONE,33.147,0.0000,58.63,0.00,143.21,84.57,
74.202,6,DONE,33.197,0.0000,58.63,0.00,143.21,84.57,
74.252,6,DONE,33.247,0.0000,58.38,0.00,143.21,84.83,
74.302,6,DONE,33.297,0.0000,58.38,0.00,143.21,84.83,
74.352,6,DONE,33.347,0.0000,58.38,0.00,143.21,84.83,
74.402,6,DONE,33.397,0.0000,58.38,0.00,143.21,84.83,
74.453,6,DONE,33.448,0.0000,58.37,0.00,143.21,84.84,
74.502,6,DONE,33.497,0.0000,58.36,0.00,143.21,84.85,
74.552,6,DONE,33.547,0.0000,58.36,0.00,143.21,84.85,
74.602,6,DONE,33.597,0.0000,58.36,0.00,143.21,84.85,
74.652,6,DONE,33.647,0.0000,58.36,0.00,143.21,84.85,
74.702,6,DONE,33.697,0.0000,58.34,0.00,143.21,84.87,
74.752,6,DONE,33.747,0.0000,58.36,0.00,143.21,84.85,
74.804,6,DONE,33.798,0.0000,58.36,0.00,143.21,84.85,
74.852,6,DONE,33.847,0.0000,58.36,0.00,143.21,84.85,
74.904,6,DONE,33.898,0.0000,58.35,0.00,143.21,84.86,
74.952,6,DONE,33.947,0.0000,58.31,0.00,143.21,84.89,
75.002,6,DONE,33.997,0.0000,58.31,0.00,143.21,84.89,
75.052,6,DONE,34.047,0.0000,58.31,0.00,143.21,84.89,
75.102,6,DONE,34.097,0.0000,58.31,0.00,143.21,84.89,
75.152,6,DONE,34.147,0.0000,58.35,0.00,143.21,84.86,
75.202,6,DONE,34.197,0.0000,58.35,0.00,143.21,84.86,
75.252,6,DONE,34.247,0.0000,58.35,0.00,143.21,84.86,
75.302,6,DONE,34.297,0.0000,58.35,0.00,143.21,84.86,
75.352,6,DONE,34.347,0.0000,58.35,0.00,143.21,84.86,
75.402,6,DONE,34.397,0.0000,58.34,0.00,143.21,84.87,
75.452,6,DONE,34.447,0.0000,58.34,0.00,143.21,84.87,
75.502,6,DONE,34.497,0.0000,58.34,0.00,143.21,84.87,
75.552,6,DONE,34.547,0.0000,58.34,0.00,143.21,84.87,
75.604,6,DONE,34.599,0.0000,58.34,0.00,143.21,84.87,
75.652,6,DONE,34.647,0.0000,58.35,0.00,143.21,84.86,
75.704,6,DONE,34.698,0.0000,58.35,0.00,143.21,84.86,
75.752,6,DONE,34.747,0.0000,58.35,0.00,143.21,84.86,
75.802,6,DONE,34.797,0.0000,58.37,0.00,143.21,84.84,
75.852,6,DONE,34.847,0.0000,58.37,0.00,143.21,84.84,
75.904,6,DONE,34.898,0.0000,58.37,0.00,143.21,84.84,
75.953,6,DONE,34.947,0.0000,58.37,0.00,143.21,84.84,
76.002,6,DONE,34.997,0.0000,58.37,0.00,143.21,84.84,
76.052,6,DONE,35.047,0.0000,58.37,0.00,143.21,84.84,
76.102,6,DONE,35.097,0.0000,58.37,0.00,143.21,84.84,
76.152,6,DONE,35.147,0.0000,58.37,0.00,143.21,84.84,
76.202,6,DONE,35.197,0.0000,58.37,0.00,143.21,84.84,
76.253,6,DONE,35.247,0.0000,58.33,0.00,143.21,84.87,
76.302,6,DONE,35.297,0.0000,58.34,0.00,143.21,84.87,
76.352,6,DONE,35.347,0.0000,58.34,0.00,143.21,84.86,
76.403,6,DONE,35.398,0.0000,58.36,0.00,143.21,84.85,
76.453,6,DONE,35.447,0.0000,58.37,0.00,143.21,84.83,
76.503,6,DONE,35.497,0.0000,58.35,0.00,143.21,84.86,
76.552,6,DONE,35.547,0.0000,58.38,0.00,143.21,84.83,
76.602,6,DONE,35.597,0.0000,58.38,0.00,143.21,84.83,
76.653,6,DONE,35.647,0.0000,58.37,0.00,143.21,84.83,
76.703,6,DONE,35.698,0.0000,58.37,0.00,143.21,84.84,
76.752,6,DONE,35.747,0.0000,58.38,0.00,143.21,84.83,
76.803,6,DONE,35.798,0.0000,58.34,0.00,143.21,84.87,
76.852,6,DONE,35.847,0.0000,58.36,0.00,143.21,84.85,
76.902,6,DONE,35.897,0.0000,58.36,0.00,143.21,84.85,
76.953,6,DONE,35.947,0.0000,58.36,0.00,143.21,84.85,
77.004,6,DONE,35.999,0.0000,58.34,0.00,143.21,84.87,
77.052,6,DONE,36.047,0.0000,58.38,0.00,143.21,84.83,
77.102,6,DONE,36.097,0.0000,58.34,0.00,143.21,84.86,
77.153,6,DONE,36.147,0.0000,58.35,0.00,143.21,84.86,
77.203,6,DONE,36.198,0.0000,58.35,0.00,143.21,84.86,
77.252,6,DONE,36.247,0.0000,58.35,0.00,143.21,84.86,
77.302,6,DONE,36.297,0.0000,58.35,0.00,143.21,84.86,
77.354,6,DONE,36.348,0.0000,58.35,0.00,143.21,84.86,
77.402,6,DONE,36.397,0.0000,58.36,0.00,143.21,84.85,
77.452,6,DONE,36.447,0.0000,58.35,0.00,143.21,84.86,
77.502,6,DONE,36.497,0.0000,58.34,0.00,143.21,84.87,
77.552,6,DONE,36.547,0.0000,58.32,0.00,143.21,84.88,
77.602,6,DONE,36.597,0.0000,58.32,0.00,143.21,84.88,
77.652,6,DONE,36.647,0.0000,58.32,0.00,143.21,84.88,
77.703,6,DONE,36.697,0.0000,58.40,0.00,143.21,84.80,
77.754,6,DONE,36.748,0.0000,58.32,0.00,143.21,84.89,
77.802,6,DONE,36.797,0.0000,58.34,0.00,143.21,84.87,
77.852,6,DONE,36.847,0.0000,58.41,0.00,143.21,84.80,
77.902,6,DONE,36.897,0.0000,58.32,0.00,143.21,84.88,
77.952,6,DONE,36.947,0.0000,58.32,0.00,143.21,84.88,
78.002,6,DONE,36.997,0.0000,58.32,0.00,143.21,84.88,
78.052,6,DONE,37.047,0.0000,58.31,0.00,143.21,84.90,
78.103,6,DONE,37.097,0.0000,58.36,0.00,143.21,84.85,
78.152,6,DONE,37.147,0.0000,58.32,0.00,143.21,84.89,
78.204,6,DONE,37.198,0.0000,58.39,0.00,143.21,84.82,
78.252,6,DONE,37.247,0.0000,58.33,0.00,143.21,84.88,
78.303,6,DONE,37.298,0.0000,58.33,0.00,143.21,84.88,
78.354,6,DONE,37.348,0.0000,58.33,0.00,143.21,84.88,
78.402,6,DONE,37.397,0.0000,58.32,0.00,143.21,84.89,
78.452,6,DONE,37.447,0.0000,58.39,0.00,143.21,84.82,
78.502,6,DONE,37.497,0.0000,58.31,0.00,143.21,84.90,
78.552,6,DONE,37.547,0.0000,58.41,0.00,143.21,84.80,
78.602,6,DONE,37.597,0.0000,58.37,0.00,143.21,84.84,
78.652,6,DONE,37.647,0.0000,58.37,0.00,143.21,84.84,
78.702,6,DONE,37.697,0.0000,58.37,0.00,143.21,84.84,
78.753,6,DONE,37.748,0.0000,58.40,0.00,143.21,84.81,
78.803,6,DONE,37.797,0.0000,58.38,0.00,143.21,84.83,
78.853,6,DONE,37.848,0.0000,58.39,0.00,143.21,84.82,
78.902,6,DONE,37.897,0.0000,58.31,0.00,143.21,84.90,
78.953,6,DONE,37.947,0.0000,58.32,0.00,143.21,84.88,
79.003,6,DONE,37.997,0.0000,58.32,0.00,143.21,84.88,
79.053,6,DONE,38.048,0.0000,58.29,0.00,143.21,84.92,
79.102,6,DONE,38.097,0.0000,58.39,0.00,143.21,84.82,
79.153,6,DONE,38.147,0.0000,58.33,0.00,143.21,84.88,
79.203,6,DONE,38.197,0.0000,58.34,0.00,143.21,84.87,
79.252,6,DONE,38.247,0.0000,58.43,0.00,143.21,84.78,
79.304,6,DONE,38.298,0.0000,58.43,0.00,143.21,84.78,
79.352,6,DONE,38.347,0.0000,58.43,0.00,143.21,84.78,
79.403,6,DONE,38.398,0.0000,58.29,0.00,143.21,84.92,
79.452,6,DONE,38.447,0.0000,58.38,0.00,143.21,84.83,
79.502,6,DONE,38.497,0.0000,58.39,0.00,143.21,84.82,
79.552,6,DONE,38.547,0.0000,58.28,0.00,143.21,84.93,
79.602,6,DONE,38.597,0.0000,58.41,0.00,143.21,84.80,
79.652,6,DONE,38.647,0.0000,58.41,0.00,143.21,84.80,
79.703,6,DONE,38.698,0.0000,58.41,0.00,143.21,84.80,
79.754,6,DONE,38.748,0.0000,58.29,0.00,143.21,84.92,
79.803,6,DONE,38.797,0.0000,58.35,0.00,143.21,84.85,
79.852,6,DONE,38.847,0.0000,58.30,0.00,143.21,84.91,
79.902,6,DONE,38.897,0.0000,58.38,0.00,143.21,84.83,
79.952,6,DONE,38.947,0.0000,58.35,0.00,143.21,84.86,
80.002,6,DONE,38.997,0.0000,58.35,0.00,143.21,84.86,
80.052,6,DONE,39.047,0.0000,58.35,0.00,143.21,84.86,
80.102,6,DONE,39.097,0.0000,58.35,0.00,143.21,84.86,
80.152,6,DONE,39.147,0.0000,58.34,0.00,143.21,84.87,
80.202,6,DONE,39.197,0.0000,58.38,0.00,143.21,84.83,
80.252,6,DONE,39.247,0.0000,58.40,0.00,143.21,84.80,
80.302,6,DONE,39.297,0.0000,58.39,0.00,143.21,84.81,
80.352,6,DONE,39.347,0.0000,58.39,0.00,143.21,84.81,
80.402,6,DONE,39.397,0.0000,58.39,0.00,143.21,84.81,
80.453,6,DONE,39.448,0.0000,58.36,0.00,143.21,84.85,
80.503,6,DONE,39.498,0.0000,58.38,0.00,143.21,84.83,
80.553,6,DONE,39.547,0.0000,58.37,0.00,143.21,84.84,
80.602,6,DONE,39.597,0.0000,58.37,0.00,143.21,84.84,
80.652,6,DONE,39.647,0.0000,58.36,0.00,143.21,84.85,
80.702,6,DONE,39.697,0.0000,58.36,0.00,143.21,84.85,
80.752,6,DONE,39.747,0.0000,58.36,0.00,143.21,84.85,
80.803,6,DONE,39.798,0.0000,58.29,0.00,143.21,84.92,
80.853,6,DONE,39.848,0.0000,58.32,0.00,143.21,84.89,
80.902,6,DONE,39.897,0.0000,58.33,0.00,143.21,84.88,
80.952,6,DONE,39.947,0.0000,58.37,0.00,143.21,84.84,
81.002,6,DONE,39.997,0.0000,58.35,0.00,143.21,84.85,
81.052,6,DONE,40.047,0.0000,58.35,0.00,143.21,84.85,
81.102,6,DONE,40.097,0.0000,58.35,0.00,143.21,84.85,
81.152,6,DONE,40.147,0.0000,58.35,0.00,143.21,84.85,
81.202,6,DONE,40.196,0.0000,58.33,0.00,143.21,84.87,
81.252,6,DONE,40.247,0.0000,58.36,0.00,143.21,84.85,
81.302,6,DONE,40.297,0.0000,58.33,0.00,143.21,84.88,
81.352,6,DONE,40.347,0.0000,58.37,0.00,143.21,84.84,
81.403,6,DONE,40.397,0.0000,58.37,0.00,143.21,84.84,
81.453,6,DONE,40.447,0.0000,58.37,0.00,143.21,84.84,
81.503,6,DONE,40.497,0.0000,58.37,0.00,143.21,84.84,
81.553,6,DONE,40.547,0.0000,58.36,0.00,143.21,84.84,
81.603,6,DONE,40.597,0.0000,58.31,0.00,143.21,84.90,
81.652,6,DONE,40.647,0.0000,58.35,0.00,143.21,84.85,
81.703,6,DONE,40.698,0.0000,58.32,0.00,143.21,84.89,
81.753,6,DONE,40.747,0.0000,58.32,0.00,143.21,84.89,
81.804,6,DONE,40.799,0.0000,58.32,0.00,143.21,84.89,
81.853,6,DONE,40.847,0.0000,58.32,0.00,143.21,84.89,
81.903,6,DONE,40.897,0.0000,58.36,0.00,143.21,84.84,
81.952,6,DONE,40.947,0.0000,58.36,0.00,143.21,84.85,
82.003,6,DONE,40.997,0.0000,58.35,0.00,143.21,84.85,
82.052,6,DONE,41.047,0.0000,58.36,0.00,143.21,84.85,
82.103,6,DONE,41.097,0.0000,58.36,0.00,143.21,84.85,
82.153,6,DONE,41.147,0.0000,58.36,0.00,143.21,84.85,
82.203,6,DONE,41.198,0.0000,58.36,0.00,143.21,84.85,
82.253,6,DONE,41.248,0.0000,58.39,0.00,143.21,84.82,
82.304,6,DONE,41.298,0.0000,58.33,0.00,143.21,84.87,
82.353,6,DONE,41.348,0.0000,58.34,0.00,143.21,84.87,
82.403,6,DONE,41.397,0.0000,58.36,0.00,143.21,84.85,
82.453,6,DONE,41.448,0.0000,58.34,0.00,143.21,84.87,
82.503,6,DONE,41.497,0.0000,58.34,0.00,143.21,84.87,
82.553,6,DONE,41.547,0.0000,58.34,0.00,143.21,84.87,
82.603,6,DONE,41.597,0.0000,58.37,0.00,143.21,84.83,
82.652,6,DONE,41.647,0.0000,58.35,0.00,143.21,84.86,
82.702,6,DONE,41.697,0.0000,58.37,0.00,143.21,84.84,
82.753,6,DONE,41.748,0.0000,58.35,0.00,143.21,84.86,
82.804,6,DONE,41.799,0.0000,58.37,0.00,143.21,84.84,
82.853,6,DONE,41.847,0.0000,58.37,0.00,143.21,84.84,
82.903,6,DONE,41.898,0.0000,58.37,0.00,143.21,84.84,
82.953,6,DONE,41.947,0.0000,58.34,0.00,143.21,84.87,
83.002,6,DONE,41.997,0.0000,58.36,0.00,143.21,84.84,
83.054,6,DONE,42.048,0.0000,58.39,0.00,143.21,84.82,
83.103,6,DONE,42.097,0.0000,58.34,0.00,143.21,84.87,
83.153,6,DONE,42.147,0.0000,58.36,0.00,143.21,84.85,
83.203,6,DONE,42.197,0.0000,58.36,0.00,143.21,84.85,
83.252,6,DONE,42.247,0.0000,58.36,0.00,143.21,84.85,
83.303,6,DONE,42.297,0.0000,58.35,0.00,143.21,84.85,
83.352,6,DONE,42.347,0.0000,58.35,0.00,143.21,84.86,
83.402,6,DONE,42.397,0.0000,58.33,0.00,143.21,84.87,
83.452,6,DONE,42.447,0.0000,58.34,0.00,143.21,84.87,
83.502,6,DONE,42.497,0.0000,58.35,0.00,143.21,84.85,
83.552,6,DONE,42.547,0.0000,58.34,0.00,143.21,84.87,
83.602,6,DONE,42.597,0.0000,58.36,0.00,143.21,84.85,
83.653,6,DONE,42.647,0.0000,58.37,0.00,143.21,84.84,
83.703,6,DONE,42.698,0.0000,58.34,0.00,143.21,84.87,
83.753,6,DONE,42.747,0.0000,58.38,0.00,143.21,84.83,
83.802,6,DONE,42.797,0.0000,58.38,0.00,143.21,84.83,
83.852,6,DONE,42.847,0.0000,58.38,0.00,143.21,84.83,
83.904,6,DONE,42.898,0.0000,58.34,0.00,143.21,84.86,
83.953,6,DONE,42.947,0.0000,58.35,0.00,143.21,84.85,
84.003,6,DONE,42.997,0.0000,58.34,0.00,143.21,84.87,
84.052,6,DONE,43.047,0.0000,58.34,0.00,143.21,84.87,
84.103,6,DONE,43.097,0.0000,58.36,0.00,143.21,84.85,
84.152,6,DONE,43.147,0.0000,58.36,0.00,143.21,84.85,
84.203,6,DONE,43.197,0.0000,58.36,0.00,143.21,84.85,
84.253,6,DONE,43.247,0.0000,58.36,0.00,143.21,84.84,
84.302,6,DONE,43.297,0.0000,58.33,0.00,143.21,84.87,
84.353,6,DONE,43.347,0.0000,58.37,0.00,143.21,84.83,
84.404,6,DONE,43.398,0.0000,58.33,0.00,143.21,84.88,
84.452,6,DONE,43.447,0.0000,58.35,0.00,143.21,84.86,
84.503,6,DONE,43.497,0.0000,58.33,0.00,143.21,84.88,
84.552,6,DONE,43.547,0.0000,58.35,0.00,143.21,84.86,
84.602,6,DONE,43.597,0.0000,58.35,0.00,143.21,84.86,
84.652,6,DONE,43.647,0.0000,58.36,0.00,143.21,84.85,
84.702,6,DONE,43.697,0.0000,58.33,0.00,143.21,84.87,
84.752,6,DONE,43.747,0.0000,58.33,0.00,143.21,84.88,
84.803,6,DONE,43.797,0.0000,58.33,0.00,143.21,84.88,
84.852,6,DONE,43.847,0.0000,58.35,0.00,143.21,84.86,
84.903,6,DONE,43.897,0.0000,58.34,0.00,143.21,84.87,
84.952,6,DONE,43.947,0.0000,58.36,0.00,143.21,84.85,
85.003,6,DONE,43.997,0.0000,58.32,0.00,143.21,84.88,
85.053,6,DONE,44.047,0.0000,58.33,0.00,143.21,84.87,
85.103,6,DONE,44.097,0.0000,58.33,0.00,143.21,84.88,
85.152,6,DONE,44.147,0.0000,58.36,0.00,143.21,84.85,
85.202,6,DONE,44.197,0.0000,58.33,0.00,143.21,84.88,
85.253,6,DONE,44.248,0.0000,58.36,0.00,143.21,84.85,
85.302,6,DONE,44.297,0.0000,58.33,0.00,143.21,84.87,
85.352,6,DONE,44.347,0.0000,58.34,0.00,143.21,84.87,
85.403,6,DONE,44.397,0.0000,58.33,0.00,143.21,84.87,
85.453,6,DONE,44.447,0.0000,58.35,0.00,143.21,84.85,
85.502,6,DONE,44.497,0.0000,58.34,0.00,143.21,84.87,
85.554,6,DONE,44.548,0.0000,58.34,0.00,143.21,84.87,
85.602,6,DONE,44.597,0.0000,58.34,0.00,143.21,84.87,
85.654,6,DONE,44.649,0.0000,58.34,0.00,143.21,84.87,
85.702,6,DONE,44.697,0.0000,58.33,0.00,143.21,84.88,
85.752,6,DONE,44.747,0.0000,58.36,0.00,143.21,84.85,
85.802,6,DONE,44.797,0.0000,58.34,0.00,143.21,84.87,
85.852,6,DONE,44.847,0.0000,58.34,0.00,143.21,84.87,
85.904,6,DONE,44.899,0.0000,58.35,0.00,143.21,84.86,
85.952,6,DONE,44.947,0.0000,58.36,0.00,143.21,84.84,
86.003,6,DONE,44.998,0.0000,58.33,0.00,143.21,84.88,
86.052,6,DONE,45.047,0.0000,58.34,0.00,143.21,84.87,
86.102,6,DONE,45.097,0.0000,58.33,0.00,143.21,84.88,
86.152,6,DONE,45.147,0.0000,58.35,0.00,143.21,84.86,
86.203,6,DONE,45.197,0.0000,58.33,0.00,143.21,84.88,
86.252,6,DONE,45.247,0.0000,58.33,0.00,143.21,84.88,
86.302,6,DONE,45.297,0.0000,58.34,0.00,143.21,84.87,
86.354,6,DONE,45.349,0.0000,58.35,0.00,143.21,84.86,
86.402,6,DONE,45.397,0.0000,58.35,0.00,143.21,84.85,
86.452,6,DONE,45.447,0.0000,58.34,0.00,143.21,84.87,
86.502,6,DONE,45.497,0.0000,58.34,0.00,143.21,84.87,
86.552,6,DONE,45.547,0.0000,58.36,0.00,143.21,84.85,
86.602,6,DONE,45.597,0.0000,58.33,0.00,143.21,84.88,
86.652,6,DONE,45.647,0.0000,58.37,0.00,143.21,84.84,
86.703,6,DONE,45.697,0.0000,58.37,0.00,143.21,84.84,
86.754,6,DONE,45.748,0.0000,58.37,0.00,143.21,84.84,
86.804,6,DONE,45.798,0.0000,58.36,0.00,143.21,84.85,
86.852,6,DONE,45.847,0.0000,58.35,0.00,143.21,84.86,
86.902,6,DONE,45.897,0.0000,58.33,0.00,143.21,84.88,
86.952,6,DONE,45.947,0.0000,58.39,0.00,143.21,84.82,
87.003,6,DONE,45.998,0.0000,58.39,0.00,143.21,84.82,
87.052,6,DONE,46.047,0.0000,58.39,0.00,143.21,84.82,
87.104,6,DONE,46.098,0.0000,58.37,0.00,143.21,84.83,
87.152,6,DONE,46.147,0.0000,58.37,0.00,143.21,84.83,
87.202,6,DONE,46.197,0.0000,58.37,0.00,143.21,84.83,
87.252,6,DONE,46.247,0.0000,58.33,0.00,143.21,84.88,
87.304,6,DONE,46.299,0.0000,58.40,0.00,143.21,84.80,
87.352,6,DONE,46.347,0.0000,58.40,0.00,143.21,84.80,
87.402,6,DONE,46.397,0.0000,58.40,0.00,143.21,84.80,
87.453,6,DONE,46.447,0.0000,58.38,0.00,143.21,84.83,
87.502,6,DONE,46.497,0.0000,58.34,0.00,143.21,84.87,
87.552,6,DONE,46.547,0.0000,58.34,0.00,143.21,84.87,
87.603,6,DONE,46.598,0.0000,58.34,0.00,143.21,84.87,
87.652,6,DONE,46.647,0.0000,58.38,0.00,143.21,84.83,
87.702,6,DONE,46.697,0.0000,58.38,0.00,143.21,84.83,
87.752,6,DONE,46.747,0.0000,58.38,0.00,143.21,84.83,
87.803,6,DONE,46.797,0.0000,58.38,0.00,143.21,84.83,
87.852,6,DONE,46.846,0.0000,58.39,0.00,143.21,84.82,
87.902,6,DONE,46.897,0.0000,58.39,0.00,143.21,84.82,
87.952,6,DONE,46.947,0.0000,58.39,0.00,143.21,84.82,
88.002,6,DONE,46.997,0.0000,58.39,0.00,143.21,84.82,
88.052,6,DONE,47.047,0.0000,58.35,0.00,143.21,84.86,
88.102,6,DONE,47.097,0.0000,58.35,0.00,143.21,84.86,
88.152,6,DONE,47.147,0.0000,58.35,0.00,143.21,84.86,
88.202,6,DONE,47.197,0.0000,58.35,0.00,143.21,84.86,
88.253,6,DONE,47.248,0.0000,58.36,0.00,143.21,84.85,
88.302,6,DONE,47.297,0.0000,58.33,0.00,143.21,84.88,
88.352,6,DONE,47.347,0.0000,58.33,0.00,143.21,84.88,
88.403,6,DONE,47.397,0.0000,58.33,0.00,143.21,84.88,
88.452,6,DONE,47.447,0.0000,58.33,0.00,143.21,84.88,
88.502,6,DONE,47.497,0.0000,58.37,0.00,143.21,84.83,
88.552,6,DONE,47.547,0.0000,58.37,0.00,143.21,84.83,
88.602,6,DONE,47.597,0.0000,58.37,0.00,143.21,84.83,
88.652,6,DONE,47.647,0.0000,58.37,0.00,143.21,84.83,
88.703,6,DONE,47.697,0.0000,58.36,0.00,143.21,84.84,
88.752,6,DONE,47.747,0.0000,58.38,0.00,143.21,84.83,
88.802,6,DONE,47.797,0.0000,58.38,0.00,143.21,84.83,
88.853,6,DONE,47.847,0.0000,58.38,0.00,143.21,84.83,
88.902,6,DONE,47.897,0.0000,58.38,0.00,143.21,84.83,
88.954,6,DONE,47.948,0.0000,58.39,0.00,143.21,84.82,
89.003,6,DONE,47.997,0.0000,58.33,0.00,143.21,84.87,
89.053,6,DONE,48.047,0.0000,58.37,0.00,143.21,84.84,
89.103,6,DONE,48.097,0.0000,58.37,0.00,143.21,84.84,
89.152,6,DONE,48.147,0.0000,58.37,0.00,143.21,84.84,
89.203,6,DONE,48.197,0.0000,58.37,0.00,143.21,84.84,
89.252,6,DONE,48.247,0.0000,58.37,0.00,143.21,84.84,
89.302,6,DONE,48.297,0.0000,58.34,0.00,143.21,84.87,
89.352,6,DONE,48.347,0.0000,58.34,0.00,143.21,84.87,
89.403,6,DONE,48.398,0.0000,58.34,0.00,143.21,84.87,
89.452,6,DONE,48.447,0.0000,58.34,0.00,143.21,84.87,
89.502,6,DONE,48.497,0.0000,58.36,0.00,143.21,84.84,
89.552,6,DONE,48.547,0.0000,58.38,0.00,143.21,84.83,
89.602,6,DONE,48.597,0.0000,58.38,0.00,143.21,84.83,
89.652,6,DONE,48.647,0.0000,58.38,0.00,143.21,84.83,
89.704,6,DONE,48.698,0.0000,58.38,0.00,143.21,84.83,
89.753,6,DONE,48.747,0.0000,58.38,0.00,143.21,84.83,
89.803,6,DONE,48.797,0.0000,58.33,0.00,143.21,84.87,
89.853,6,DONE,48.847,0.0000,58.33,0.00,143.21,84.87,
89.903,6,DONE,48.897,0.0000,58.33,0.00,143.21,84.87,
89.952,6,DONE,48.947,0.0000,58.33,0.00,143.21,84.87,
90.002,6,DONE,48.997,0.0000,58.38,0.00,143.21,84.82,
90.052,6,DONE,49.047,0.0000,58.34,0.00,143.21,84.86,
90.102,6,DONE,49.097,0.0000,58.34,0.00,143.21,84.86,
90.152,6,DONE,49.147,0.0000,58.34,0.00,143.21,84.86,
90.203,6,DONE,49.198,0.0000,58.34,0.00,143.21,84.87,
90.252,6,DONE,49.247,0.0000,58.35,0.00,143.21,84.86,
90.303,6,DONE,49.297,0.0000,58.35,0.00,143.21,84.86,
90.352,6,DONE,49.347,0.0000,58.35,0.00,143.21,84.86,
90.402,6,DONE,49.397,0.0000,58.35,0.00,143.21,84.86,
90.453,6,DONE,49.448,0.0000,58.39,0.00,143.21,84.82,
90.502,6,DONE,49.497,0.0000,58.36,0.00,143.21,84.85,
90.553,6,DONE,49.547,0.0000,58.36,0.00,143.21,84.85,
90.602,6,DONE,49.597,0.0000,58.36,0.00,143.21,84.85,
90.652,6,DONE,49.647,0.0000,58.36,0.00,143.21,84.85,
90.702,6,DONE,49.697,0.0000,58.34,0.00,143.21,84.86,
90.752,6,DONE,49.747,0.0000,58.34,0.00,143.21,84.86,
90.802,6,DONE,49.797,0.0000,58.34,0.00,143.21,84.86,
90.852,6,DONE,49.847,0.0000,58.34,0.00,143.21,84.86,
90.903,6,DONE,49.898,0.0000,58.36,0.00,143.21,84.85,
90.952,6,DONE,49.947,0.0000,58.34,0.00,143.21,84.86,
91.002,6,DONE,49.997,0.0000,58.34,0.00,143.21,84.86,
91.052,6,DONE,50.047,0.0000,58.34,0.00,143.21,84.86,
91.102,6,DONE,50.097,0.0000,58.34,0.00,143.21,84.86,
91.153,6,DONE,50.147,0.0000,58.39,0.00,143.21,84.82,
91.202,6,DONE,50.197,0.0000,58.37,0.00,143.21,84.83,
91.253,6,DONE,50.248,0.0000,58.37,0.00,143.21,84.83,
91.302,6,DONE,50.297,0.0000,58.37,0.00,143.21,84.83,
91.352,6,DONE,50.347,0.0000,58.37,0.00,143.21,84.83,
91.403,6,DONE,50.398,0.0000,58.38,0.00,143.21,84.83,
91.452,6,DONE,50.447,0.0000,58.36,0.00,143.21,84.85,
91.502,6,DONE,50.497,0.0000,58.37,0.00,143.21,84.84,
91.553,6,DONE,50.548,0.0000,58.33,0.00,143.21,84.87,
91.602,6,DONE,50.597,0.0000,58.35,0.00,143.21,84.86,
91.653,6,DONE,50.647,0.0000,58.35,0.00,143.21,84.86,
91.702,6,DONE,50.697,0.0000,58.35,0.00,143.21,84.86,
91.753,6,DONE,50.748,0.0000,58.32,0.00,143.21,84.89,
91.802,6,DONE,50.797,0.0000,58.37,0.00,143.21,84.84,
91.852,6,DONE,50.847,0.0000,58.37,0.00,143.21,84.83,
91.902,6,DONE,50.897,0.0000,58.37,0.00,143.21,84.83,
91.952,6,DONE,50.947,0.0000,58.37,0.00,143.21,84.83,
92.002,6,DONE,50.997,0.0000,58.36,0.00,143.21,84.85,
92.052,6,DONE,51.047,0.0000,58.32,0.00,143.21,84.88,
92.102,6,DONE,51.097,0.0000,58.36,0.00,143.21,84.84,
92.152,6,DONE,51.147,0.0000,58.35,0.00,143.21,84.86,
92.202,6,DONE,51.197,0.0000,58.35,0.00,143.21,84.86,
92.252,6,DONE,51.247,0.0000,58.35,0.00,143.21,84.86,
92.302,6,DONE,51.297,0.0000,58.35,0.00,143.21,84.86,
92.353,6,DONE,51.347,0.0000,58.33,0.00,143.21,84.88,
92.402,6,DONE,51.397,0.0000,58.38,0.00,143.21,84.83,
92.452,6,DONE,51.447,0.0000,58.35,0.00,143.21,84.86,
92.502,6,DONE,51.497,0.0000,58.39,0.00,143.21,84.82,
92.552,6,DONE,51.547,0.0000,58.33,0.00,143.21,84.88,
92.602,6,DONE,51.597,0.0000,58.33,0.00,143.21,84.88,
92.652,6,DONE,51.647,0.0000,58.33,0.00,143.21,84.88,
92.704,6,DONE,51.698,0.0000,58.36,0.00,143.21,84.85,
92.752,6,DONE,51.747,0.0000,58.34,0.00,143.21,84.86,
92.802,6,DONE,51.797,0.0000,58.40,0.00,143.21,84.81,
92.852,6,DONE,51.847,0.0000,58.34,0.00,143.21,84.86,
92.902,6,DONE,51.897,0.0000,58.34,0.00,143.21,84.87,
92.954,6,DONE,51.949,0.0000,58.34,0.00,143.21,84.87,
93.002,6,DONE,51.997,0.0000,58.34,0.00,143.21,84.87,
93.053,6,DONE,52.048,0.0000,58.38,0.00,143.21,84.83,
93.103,6,DONE,52.098,0.0000,58.37,0.00,143.21,84.84,
93.152,6,DONE,52.147,0.0000,58.35,0.00,143.21,84.86,
93.203,6,DONE,52.197,0.0000,58.39,0.00,143.21,84.81,
93.252,6,DONE,52.247,0.0000,58.34,0.00,143.21,84.87,
93.302,6,DONE,52.297,0.0000,58.34,0.00,143.21,84.87,
93.352,6,DONE,52.347,0.0000,58.34,0.00,143.21,84.87,
93.404,6,DONE,52.398,0.0000,58.39,0.00,143.21,84.81,
93.452,6,DONE,52.447,0.0000,58.36,0.00,143.21,84.85,
93.503,6,DONE,52.498,0.0000,58.38,0.00,143.21,84.82,
93.552,6,DONE,52.547,0.0000,58.34,0.00,143.21,84.87,
93.604,6,DONE,52.599,0.0000,58.34,0.00,143.21,84.87,
93.652,6,DONE,52.647,0.0000,58.35,0.00,143.21,84.85,
93.703,6,DONE,52.697,0.0000,58.39,0.00,143.21,84.82,
93.752,6,DONE,52.747,0.0000,58.34,0.00,143.21,84.87,
93.802,6,DONE,52.797,0.0000,58.39,0.00,143.21,84.82,
93.852,6,DONE,52.847,0.0000,58.34,0.00,143.21,84.87,
93.902,6,DONE,52.897,0.0000,58.35,0.00,143.21,84.86,
93.952,6,DONE,52.947,0.0000,58.35,0.00,143.21,84.86,
94.002,6,DONE,52.997,0.0000,58.35,0.00,143.21,84.86,
94.052,6,DONE,53.047,0.0000,58.37,0.00,143.21,84.84,
94.102,6,DONE,53.097,0.0000,58.35,0.00,143.21,84.86,
94.153,6,DONE,53.147,0.0000,58.34,0.00,143.21,84.87,
94.202,6,DONE,53.197,0.0000,58.40,0.00,143.21,84.81,
94.252,6,DONE,53.247,0.0000,58.38,0.00,143.21,84.83,
94.303,6,DONE,53.297,0.0000,58.38,0.00,143.21,84.83,
94.353,6,DONE,53.347,0.0000,58.38,0.00,143.21,84.83,
94.403,6,DONE,53.397,0.0000,58.35,0.00,143.21,84.86,
94.453,6,DONE,53.448,0.0000,58.32,0.00,143.21,84.89,
94.503,6,DONE,53.498,0.0000,58.39,0.00,143.21,84.82,
94.552,6,DONE,53.547,0.0000,58.32,0.00,143.21,84.89,
94.602,6,DONE,53.597,0.0000,58.36,0.00,143.21,84.85,
94.652,6,DONE,53.647,0.0000,58.36,0.00,143.21,84.85,
94.702,6,DONE,53.697,0.0000,58.36,0.00,143.21,84.85,
94.753,6,DONE,53.748,0.0000,58.34,0.00,143.21,84.87,
94.802,6,DONE,53.797,0.0000,58.37,0.00,143.21,84.83,
94.852,6,DONE,53.847,0.0000,58.32,0.00,143.21,84.88,
94.903,6,DONE,53.897,0.0000,58.39,0.00,143.21,84.82,
94.953,6,DONE,53.947,0.0000,58.37,0.00,143.21,84.84,
95.002,6,DONE,53.997,0.0000,58.37,0.00,143.21,84.84,
95.052,6,DONE,54.047,0.0000,58.37,0.00,143.21,84.84,
95.102,6,DONE,54.097,0.0000,58.32,0.00,143.21,84.88,
95.152,6,DONE,54.147,0.0000,58.32,0.00,143.21,84.89,
95.202,6,DONE,54.197,0.0000,58.38,0.00,143.21,84.83,
95.252,6,DONE,54.247,0.0000,58.33,0.00,143.21,84.88,
95.302,6,DONE,54.297,0.0000,58.36,0.00,143.21,84.85,
95.352,6,DONE,54.347,0.0000,58.36,0.00,143.21,84.85,
95.402,6,DONE,54.397,0.0000,58.36,0.00,143.21,84.85,
95.453,6,DONE,54.448,0.0000,58.36,0.00,143.21,84.85,
95.502,6,DONE,54.497,0.0000,58.39,0.00,143.21,84.81,
95.552,6,DONE,54.547,0.0000,58.32,0.00,143.21,84.88,
95.602,6,DONE,54.597,0.0000,58.40,0.00,143.21,84.81,
95.652,6,DONE,54.647,0.0000,58.38,0.00,143.21,84.83,
95.702,6,DONE,54.697,0.0000,58.38,0.00,143.21,84.83,
95.752,6,DONE,54.747,0.0000,58.38,0.00,143.21,84.83,
95.803,6,DONE,54.797,0.0000,58.34,0.00,143.21,84.86,
95.853,6,DONE,54.848,0.0000,58.36,0.00,143.21,84.85,
95.902,6,DONE,54.897,0.0000,58.38,0.00,143.21,84.83,
95.953,6,DONE,54.947,0.0000,58.33,0.00,143.21,84.88,
96.002,6,DONE,54.997,0.0000,58.35,0.00,143.21,84.86,
96.052,6,DONE,55.047,0.0000,58.35,0.00,143.21,84.86,
96.102,6,DONE,55.097,0.0000,58.35,0.00,143.21,84.86,
96.152,6,DONE,55.147,0.0000,58.33,0.00,143.21,84.88,
96.202,6,DONE,55.197,0.0000,58.38,0.00,143.21,84.83,
96.253,6,DONE,55.248,0.0000,58.32,0.00,143.21,84.88,
96.302,6,DONE,55.297,0.0000,58.38,0.00,143.21,84.83,
96.352,6,DONE,55.347,0.0000,58.34,0.00,143.21,84.87,
96.403,6,DONE,55.397,0.0000,58.34,0.00,143.21,84.87,
96.452,6,DONE,55.447,0.0000,58.34,0.00,143.21,84.87,
96.503,6,DONE,55.498,0.0000,58.34,0.00,143.21,84.86,
96.552,6,DONE,55.547,0.0000,58.35,0.00,143.21,84.86,
96.602,6,DONE,55.597,0.0000,58.38,0.00,143.21,84.82,
96.654,6,DONE,55.648,0.0000,58.33,0.00,143.21,84.88,
96.702,6,DONE,55.697,0.0000,58.34,0.00,143.21,84.87,
96.752,6,DONE,55.747,0.0000,58.34,0.00,143.21,84.87,
96.802,6,DONE,55.797,0.0000,58.34,0.00,143.21,84.87,
96.854,6,DONE,55.848,0.0000,58.38,0.00,143.21,84.83,
96.902,6,DONE,55.897,0.0000,58.38,0.00,143.21,84.82,
96.952,6,DONE,55.947,0.0000,58.36,0.00,143.21,84.84,
97.002,6,DONE,55.997,0.0000,58.38,0.00,143.21,84.82,
97.052,6,DONE,56.047,0.0000,58.34,0.00,143.21,84.87,
97.102,6,DONE,56.097,0.0000,58.34,0.00,143.21,84.87,
97.152,6,DONE,56.147,0.0000,58.34,0.00,143.21,84.87,
97.203,6,DONE,56.197,0.0000,58.37,0.00,143.21,84.84,
97.252,6,DONE,56.247,0.0000,58.33,0.00,143.21,84.88,
97.304,6,DONE,56.298,0.0000,58.39,0.00,143.21,84.82,
97.353,6,DONE,56.348,0.0000,58.35,0.00,143.21,84.85,
97.402,6,DONE,56.397,0.0000,58.34,0.00,143.21,84.87,
97.453,6,DONE,56.448,0.0000,58.34,0.00,143.21,84.87,
97.503,6,DONE,56.497,0.0000,58.34,0.00,143.21,84.87,
97.554,6,DONE,56.549,0.0000,58.37,0.00,143.21,84.84,
97.604,6,DONE,56.598,0.0000,58.38,0.00,143.21,84.83,
97.653,6,DONE,56.648,0.0000,58.33,0.00,143.21,84.88,
97.702,6,DONE,56.697,0.0000,58.38,0.00,143.21,84.82,
97.752,6,DONE,56.747,0.0000,58.35,0.00,143.21,84.85,
97.804,6,DONE,56.798,0.0000,58.35,0.00,143.21,84.85,
97.852,6,DONE,56.847,0.0000,58.35,0.00,143.21,84.85,
97.902,6,DONE,56.897,0.0000,58.36,0.00,143.21,84.85,
97.952,6,DONE,56.947,0.0000,58.35,0.00,143.21,84.86,
98.002,6,DONE,56.997,0.0000,58.36,0.00,143.21,84.84,
98.052,6,DONE,57.047,0.0000,58.36,0.00,143.21,84.84,
98.103,6,DONE,57.097,0.0000,58.36,0.00,143.21,84.85,
98.152,6,DONE,57.147,0.0000,58.36,0.00,143.21,84.85,
98.203,6,DONE,57.197,0.0000,58.36,0.00,143.21,84.85,
98.253,6,DONE,57.247,0.0000,58.35,0.00,143.21,84.86,
